,bde_avg,Reactant_SMILES,Atom_nÂº,Selectivity,Reactive Atom,DOI
0,-0.3779559417903874,Cc1nc2ccccc2o1,0,0.0,7,10.1021/ja412563e
1,0.2052826277882559,Cc1nc2ccccc2o1,4,0.0,7,10.1021/ja412563e
2,0.16307583428292668,Cc1nc2ccccc2o1,5,0.0,7,10.1021/ja412563e
3,0.15996855268117352,Cc1nc2ccccc2o1,6,0.0,7,10.1021/ja412563e
4,0.20930593688278723,Cc1nc2ccccc2o1,7,100.0,7,10.1021/ja412563e
5,-0.3779559417903874,Cc1nc2cc(Br)ccc2o1,0,0.0,8,10.1021/ja412563e
6,0.23738104396516596,Cc1nc2cc(Br)ccc2o1,4,0.0,8,10.1021/ja412563e
7,0.1890274230865924,Cc1nc2cc(Br)ccc2o1,7,0.0,8,10.1021/ja412563e
8,0.21349838632994333,Cc1nc2cc(Br)ccc2o1,8,100.0,8,10.1021/ja412563e
9,-0.3670000696915728,Cc1nc2ccccc2[nH]1,0,0.0,6,10.1021/ja412563e
10,0.1959057974266661,Cc1nc2ccccc2[nH]1,4,0.0,6,10.1021/ja412563e
11,0.1589431517448253,Cc1nc2ccccc2[nH]1,5,0.0,6,10.1021/ja412563e
12,0.1561376930337983,Cc1nc2ccccc2[nH]1,6,100.0,6,10.1021/ja412563e
13,0.17481903579702174,Cc1nc2ccccc2[nH]1,7,0.0,6,10.1021/ja412563e
14,-0.47312617786967814,Cc1cc2c(Cl)ccnc2[nH]1,0,0.0,6,10.1021/ja412563e
15,0.33614386894773396,Cc1cc2c(Cl)ccnc2[nH]1,2,0.0,6,10.1021/ja412563e
16,0.23489553744061173,Cc1cc2c(Cl)ccnc2[nH]1,6,100.0,6,10.1021/ja412563e
17,0.05023989444828181,Cc1cc2c(Cl)ccnc2[nH]1,7,0.0,6,10.1021/ja412563e
18,-0.1228566291098415,CCN(CC)C(=O)c1cc2ccccc2[nH]1,0,0.0,13,10.1021/ja0631652
19,-0.3513202211010757,CCN(CC)C(=O)c1cc2ccccc2[nH]1,1,0.0,13,10.1021/ja0631652
20,0.2973694890294154,CCN(CC)C(=O)c1cc2ccccc2[nH]1,8,0.0,13,10.1021/ja0631652
21,0.17365119039409316,CCN(CC)C(=O)c1cc2ccccc2[nH]1,10,0.0,13,10.1021/ja0631652
22,0.15754301228870415,CCN(CC)C(=O)c1cc2ccccc2[nH]1,11,0.0,13,10.1021/ja0631652
23,0.15136112166214774,CCN(CC)C(=O)c1cc2ccccc2[nH]1,12,0.0,13,10.1021/ja0631652
24,0.1776348541056182,CCN(CC)C(=O)c1cc2ccccc2[nH]1,13,100.0,13,10.1021/ja0631652
25,-0.10153079984397838,CCOC(=O)c1c(C)[nH]c2ccccc12,0,0.0,10,10.1021/ja0631652
26,-0.23815556326663004,CCOC(=O)c1c(C)[nH]c2ccccc12,1,0.0,10,10.1021/ja0631652
27,-0.47997088351765105,CCOC(=O)c1c(C)[nH]c2ccccc12,7,0.0,10,10.1021/ja0631652
28,0.17528003788886354,CCOC(=O)c1c(C)[nH]c2ccccc12,10,100.0,10,10.1021/ja0631652
29,0.15115930873257308,CCOC(=O)c1c(C)[nH]c2ccccc12,11,0.0,10,10.1021/ja0631652
30,0.16385718700730162,CCOC(=O)c1c(C)[nH]c2ccccc12,12,0.0,10,10.1021/ja0631652
31,0.19991217256363195,CCOC(=O)c1c(C)[nH]c2ccccc12,13,0.0,10,10.1021/ja0631652
32,-0.1027892917256399,CCOC(=O)c1cccc(F)c1,0,0.0,8,10.1021/jacs.6b13346
33,-0.24677215854504422,CCOC(=O)c1cccc(F)c1,1,0.0,8,10.1021/jacs.6b13346
34,0.19106826380777978,CCOC(=O)c1cccc(F)c1,6,0.0,8,10.1021/jacs.6b13346
35,0.15993647777331418,CCOC(=O)c1cccc(F)c1,7,0.0,8,10.1021/jacs.6b13346
36,0.22151233194205608,CCOC(=O)c1cccc(F)c1,8,100.0,8,10.1021/jacs.6b13346
37,0.23429986058036667,CCOC(=O)c1cccc(F)c1,11,0.0,8,10.1021/jacs.6b13346
38,0.22497741810601665,Fc1cccc(C(F)(F)F)c1,2,100.0,2,10.1021/jacs.6b13346
39,0.16421917525314286,Fc1cccc(C(F)(F)F)c1,3,0.0,2,10.1021/jacs.6b13346
40,0.20649370458873403,Fc1cccc(C(F)(F)F)c1,4,0.0,2,10.1021/jacs.6b13346
41,0.2560862934920113,Fc1cccc(C(F)(F)F)c1,10,0.0,2,10.1021/jacs.6b13346
42,-0.2969917023243051,CN(C)S(=O)(=O)c1cccc(F)c1,0,0.0,9,10.1021/jacs.6b13346
43,0.20645186775239577,CN(C)S(=O)(=O)c1cccc(F)c1,7,0.0,9,10.1021/jacs.6b13346
44,0.16398767809207104,CN(C)S(=O)(=O)c1cccc(F)c1,8,0.0,9,10.1021/jacs.6b13346
45,0.2296573663080288,CN(C)S(=O)(=O)c1cccc(F)c1,9,100.0,9,10.1021/jacs.6b13346
46,0.25611916529199136,CN(C)S(=O)(=O)c1cccc(F)c1,12,0.0,9,10.1021/jacs.6b13346
47,-0.12349872493611903,CCN(CC)C(=O)c1cccc(F)c1,0,0.0,10,10.1021/jacs.6b13346
48,-0.36231553935986643,CCN(CC)C(=O)c1cccc(F)c1,1,0.0,10,10.1021/jacs.6b13346
49,0.13875807354978595,CCN(CC)C(=O)c1cccc(F)c1,8,0.0,10,10.1021/jacs.6b13346
50,0.1580735432180796,CCN(CC)C(=O)c1cccc(F)c1,9,0.0,10,10.1021/jacs.6b13346
51,0.22151233194205608,CCN(CC)C(=O)c1cccc(F)c1,10,100.0,10,10.1021/jacs.6b13346
52,0.1840868911611018,CCN(CC)C(=O)c1cccc(F)c1,13,0.0,10,10.1021/jacs.6b13346
53,0.22223969522525164,Fc1cccc(-c2ccccc2)c1,2,100.0,2,10.1021/jacs.6b13346
54,0.1564120231463593,Fc1cccc(-c2ccccc2)c1,3,0.0,2,10.1021/jacs.6b13346
55,0.16281883657399154,Fc1cccc(-c2ccccc2)c1,4,0.0,2,10.1021/jacs.6b13346
56,0.1352603148088755,Fc1cccc(-c2ccccc2)c1,7,0.0,2,10.1021/jacs.6b13346
57,0.15161154501108687,Fc1cccc(-c2ccccc2)c1,8,0.0,2,10.1021/jacs.6b13346
58,0.1528170435667199,Fc1cccc(-c2ccccc2)c1,9,0.0,2,10.1021/jacs.6b13346
59,0.20363804167410113,Fc1cccc(-c2ccccc2)c1,12,0.0,2,10.1021/jacs.6b13346
60,0.22223969522525164,Fc1cccc(-c2ccc3ccccc3c2)c1,2,100.0,2,10.1021/jacs.6b13346
61,0.1564120231463593,Fc1cccc(-c2ccc3ccccc3c2)c1,3,0.0,2,10.1021/jacs.6b13346
62,0.1626166251983565,Fc1cccc(-c2ccc3ccccc3c2)c1,4,0.0,2,10.1021/jacs.6b13346
63,0.13966991735893028,Fc1cccc(-c2ccc3ccccc3c2)c1,7,0.0,2,10.1021/jacs.6b13346
64,0.15035006478397261,Fc1cccc(-c2ccc3ccccc3c2)c1,8,0.0,2,10.1021/jacs.6b13346
65,0.15075110074372958,Fc1cccc(-c2ccc3ccccc3c2)c1,10,0.0,2,10.1021/jacs.6b13346
66,0.14532844908519785,Fc1cccc(-c2ccc3ccccc3c2)c1,11,0.0,2,10.1021/jacs.6b13346
67,0.14628193050765026,Fc1cccc(-c2ccc3ccccc3c2)c1,12,0.0,2,10.1021/jacs.6b13346
68,0.15926708839190168,Fc1cccc(-c2ccc3ccccc3c2)c1,13,0.0,2,10.1021/jacs.6b13346
69,0.11906627157747794,Fc1cccc(-c2ccc3ccccc3c2)c1,15,0.0,2,10.1021/jacs.6b13346
70,0.20393548165816328,Fc1cccc(-c2ccc3ccccc3c2)c1,16,0.0,2,10.1021/jacs.6b13346
71,-0.183100876544845,COC(=O)C(C)c1cccc(F)c1,0,0.0,9,10.1021/jacs.6b13346
72,-0.5627825181426137,COC(=O)C(C)c1cccc(F)c1,4,0.0,9,10.1021/jacs.6b13346
73,-0.1205575953415379,COC(=O)C(C)c1cccc(F)c1,5,0.0,9,10.1021/jacs.6b13346
74,0.16319138364043242,COC(=O)C(C)c1cccc(F)c1,7,0.0,9,10.1021/jacs.6b13346
75,0.15060706249290776,COC(=O)C(C)c1cccc(F)c1,8,0.0,9,10.1021/jacs.6b13346
76,0.22421040943981482,COC(=O)C(C)c1cccc(F)c1,9,100.0,9,10.1021/jacs.6b13346
77,0.21228471963007284,COC(=O)C(C)c1cccc(F)c1,12,0.0,9,10.1021/jacs.6b13346
78,-0.22516960849025788,COc1cccc(F)c1,0,0.0,5,10.1021/jacs.6b13346
79,0.16179981077460914,COc1cccc(F)c1,3,0.0,5,10.1021/jacs.6b13346
80,0.14497821499813737,COc1cccc(F)c1,4,0.0,5,10.1021/jacs.6b13346
81,0.24000640505690818,COc1cccc(F)c1,5,100.0,5,10.1021/jacs.6b13346
82,0.21165716708499863,COc1cccc(F)c1,8,0.0,5,10.1021/jacs.6b13346
83,-0.1027892917256399,CCOC(=O)c1ncccc1C,0,0.0,8,10.1021/jacs.7b04490
84,-0.2431638310223826,CCOC(=O)c1ncccc1C,1,0.0,8,10.1021/jacs.7b04490
85,0.03485927884911855,CCOC(=O)c1ncccc1C,7,0.0,8,10.1021/jacs.7b04490
86,0.17516628153862945,CCOC(=O)c1ncccc1C,8,100.0,8,10.1021/jacs.7b04490
87,0.13384603051761143,CCOC(=O)c1ncccc1C,9,0.0,8,10.1021/jacs.7b04490
88,-0.39553219440518966,CCOC(=O)c1ncccc1C,11,0.0,8,10.1021/jacs.7b04490
89,-0.1027892917256399,CCOC(=O)c1ccc2c(ccn2C)c1,0,0.0,11,10.1021/jacs.7b04490
90,-0.24677215854504422,CCOC(=O)c1ccc2c(ccn2C)c1,1,0.0,11,10.1021/jacs.7b04490
91,0.16864312186137076,CCOC(=O)c1ccc2c(ccn2C)c1,6,0.0,11,10.1021/jacs.7b04490
92,0.1786664309559021,CCOC(=O)c1ccc2c(ccn2C)c1,7,0.0,11,10.1021/jacs.7b04490
93,0.3414583425008767,CCOC(=O)c1ccc2c(ccn2C)c1,10,0.0,11,10.1021/jacs.7b04490
94,0.3054876282863135,CCOC(=O)c1ccc2c(ccn2C)c1,11,100.0,11,10.1021/jacs.7b04490
95,-0.3318694789952883,CCOC(=O)c1ccc2c(ccn2C)c1,13,0.0,11,10.1021/jacs.7b04490
96,0.15712822993986464,CCOC(=O)c1ccc2c(ccn2C)c1,14,0.0,11,10.1021/jacs.7b04490
97,-0.1027892917256399,CCOC(=O)c1cccnc1C(=O)OCC,0,0.0,7,10.1021/jacs.7b04490
98,-0.24160451236514582,CCOC(=O)c1cccnc1C(=O)OCC,1,0.0,7,10.1021/jacs.7b04490
99,0.1687730152770496,CCOC(=O)c1cccnc1C(=O)OCC,6,0.0,7,10.1021/jacs.7b04490
100,0.19008270747746797,CCOC(=O)c1cccnc1C(=O)OCC,7,100.0,7,10.1021/jacs.7b04490
101,0.03561453335653961,CCOC(=O)c1cccnc1C(=O)OCC,8,0.0,7,10.1021/jacs.7b04490
102,-0.24316403024541278,CCOC(=O)c1cccnc1C(=O)OCC,14,0.0,7,10.1021/jacs.7b04490
103,-0.1027892917256399,CCOC(=O)c1cccnc1C(=O)OCC,15,0.0,7,10.1021/jacs.7b04490
104,-0.1027892917256399,CCOC(=O)c1cccc2cc[nH]c12,0,0.0,11,10.1021/jacs.7b04490
105,-0.23971866716144027,CCOC(=O)c1cccc2cc[nH]c12,1,0.0,11,10.1021/jacs.7b04490
106,0.1853896105554638,CCOC(=O)c1cccc2cc[nH]c12,6,0.0,11,10.1021/jacs.7b04490
107,0.16364063157349348,CCOC(=O)c1cccc2cc[nH]c12,7,0.0,11,10.1021/jacs.7b04490
108,0.16211916529199133,CCOC(=O)c1cccc2cc[nH]c12,8,0.0,11,10.1021/jacs.7b04490
109,0.332728588541319,CCOC(=O)c1cccc2cc[nH]c12,10,0.0,11,10.1021/jacs.7b04490
110,0.31840863635484623,CCOC(=O)c1cccc2cc[nH]c12,11,100.0,11,10.1021/jacs.7b04490
111,-0.13839602546406005,CCCCCCN(CCCCCC)C(=O)c1ccccc1,0,0.0,18,10.1038/nchem.2322
112,-0.21870063747720878,CCCCCCN(CCCCCC)C(=O)c1ccccc1,1,0.0,18,10.1038/nchem.2322
113,-0.21307796589637404,CCCCCCN(CCCCCC)C(=O)c1ccccc1,2,0.0,18,10.1038/nchem.2322
114,-0.23074904867354307,CCCCCCN(CCCCCC)C(=O)c1ccccc1,3,0.0,18,10.1038/nchem.2322
115,-0.21237032569316655,CCCCCCN(CCCCCC)C(=O)c1ccccc1,4,0.0,18,10.1038/nchem.2322
116,-0.3450022611449048,CCCCCCN(CCCCCC)C(=O)c1ccccc1,5,0.0,18,10.1038/nchem.2322
117,0.10776554441341778,CCCCCCN(CCCCCC)C(=O)c1ccccc1,16,0.0,18,10.1038/nchem.2322
118,0.15489952190121536,CCCCCCN(CCCCCC)C(=O)c1ccccc1,17,48.888888888888886,18,10.1038/nchem.2322
119,0.15190400441939447,CCCCCCN(CCCCCC)C(=O)c1ccccc1,18,51.111111111111114,18,10.1038/nchem.2322
120,-0.13839602546406005,CCCCCCN(CCCCCC)C(=O)c1ccccc1OC,0,0.0,18,10.1038/nchem.2322
121,-0.21870063747720878,CCCCCCN(CCCCCC)C(=O)c1ccccc1OC,1,0.0,18,10.1038/nchem.2322
122,-0.21307796589637404,CCCCCCN(CCCCCC)C(=O)c1ccccc1OC,2,0.0,18,10.1038/nchem.2322
123,-0.23074904867354307,CCCCCCN(CCCCCC)C(=O)c1ccccc1OC,3,0.0,18,10.1038/nchem.2322
124,-0.21237032569316655,CCCCCCN(CCCCCC)C(=O)c1ccccc1OC,4,0.0,18,10.1038/nchem.2322
125,-0.34201630636853264,CCCCCCN(CCCCCC)C(=O)c1ccccc1OC,5,0.0,18,10.1038/nchem.2322
126,0.19002712425204712,CCCCCCN(CCCCCC)C(=O)c1ccccc1OC,16,0.0,18,10.1038/nchem.2322
127,0.17372111767768714,CCCCCCN(CCCCCC)C(=O)c1ccccc1OC,17,32.5,18,10.1038/nchem.2322
128,0.14443851980937356,CCCCCCN(CCCCCC)C(=O)c1ccccc1OC,18,67.5,18,10.1038/nchem.2322
129,0.14847756752328928,CCCCCCN(CCCCCC)C(=O)c1ccccc1OC,19,0.0,18,10.1038/nchem.2322
130,-0.20924451634960642,CCCCCCN(CCCCCC)C(=O)c1ccccc1OC,22,0.0,18,10.1038/nchem.2322
131,-0.13839602546406005,CCCCCCN(CCCCCC)C(=O)c1ccccc1Br,0,0.0,18,10.1038/nchem.2322
132,-0.21870063747720878,CCCCCCN(CCCCCC)C(=O)c1ccccc1Br,1,0.0,18,10.1038/nchem.2322
133,-0.21307796589637404,CCCCCCN(CCCCCC)C(=O)c1ccccc1Br,2,0.0,18,10.1038/nchem.2322
134,-0.23074904867354307,CCCCCCN(CCCCCC)C(=O)c1ccccc1Br,3,0.0,18,10.1038/nchem.2322
135,-0.21237032569316655,CCCCCCN(CCCCCC)C(=O)c1ccccc1Br,4,0.0,18,10.1038/nchem.2322
136,-0.34201630636853264,CCCCCCN(CCCCCC)C(=O)c1ccccc1Br,5,0.0,18,10.1038/nchem.2322
137,0.16335773487063462,CCCCCCN(CCCCCC)C(=O)c1ccccc1Br,16,0.0,18,10.1038/nchem.2322
138,0.16693558126967836,CCCCCCN(CCCCCC)C(=O)c1ccccc1Br,17,31.95876288659794,18,10.1038/nchem.2322
139,0.1541285287744099,CCCCCCN(CCCCCC)C(=O)c1ccccc1Br,18,68.04123711340206,18,10.1038/nchem.2322
140,0.17433492383367877,CCCCCCN(CCCCCC)C(=O)c1ccccc1Br,19,0.0,18,10.1038/nchem.2322
141,-0.13839602546406005,CCCCCCN(CCCCCC)C(=O)c1ccccc1Cl,0,0.0,18,10.1038/nchem.2322
142,-0.21870063747720878,CCCCCCN(CCCCCC)C(=O)c1ccccc1Cl,1,0.0,18,10.1038/nchem.2322
143,-0.21307796589637404,CCCCCCN(CCCCCC)C(=O)c1ccccc1Cl,2,0.0,18,10.1038/nchem.2322
144,-0.23074904867354307,CCCCCCN(CCCCCC)C(=O)c1ccccc1Cl,3,0.0,18,10.1038/nchem.2322
145,-0.21237032569316655,CCCCCCN(CCCCCC)C(=O)c1ccccc1Cl,4,0.0,18,10.1038/nchem.2322
146,-0.34201630636853264,CCCCCCN(CCCCCC)C(=O)c1ccccc1Cl,5,0.0,18,10.1038/nchem.2322
147,0.1781510409768205,CCCCCCN(CCCCCC)C(=O)c1ccccc1Cl,16,0.0,18,10.1038/nchem.2322
148,0.16827575459371463,CCCCCCN(CCCCCC)C(=O)c1ccccc1Cl,17,38.38383838383838,18,10.1038/nchem.2322
149,0.15754181695052308,CCCCCCN(CCCCCC)C(=O)c1ccccc1Cl,18,61.61616161616162,18,10.1038/nchem.2322
150,0.1882781452700768,CCCCCCN(CCCCCC)C(=O)c1ccccc1Cl,19,0.0,18,10.1038/nchem.2322
151,-0.13839602546406005,CCCCCCN(CCCCCC)C(=O)c1ccccc1C(F)(F)F,0,0.0,17,10.1038/nchem.2322
152,-0.21870063747720878,CCCCCCN(CCCCCC)C(=O)c1ccccc1C(F)(F)F,1,0.0,17,10.1038/nchem.2322
153,-0.21307796589637404,CCCCCCN(CCCCCC)C(=O)c1ccccc1C(F)(F)F,2,0.0,17,10.1038/nchem.2322
154,-0.23074904867354307,CCCCCCN(CCCCCC)C(=O)c1ccccc1C(F)(F)F,3,0.0,17,10.1038/nchem.2322
155,-0.21237032569316655,CCCCCCN(CCCCCC)C(=O)c1ccccc1C(F)(F)F,4,0.0,17,10.1038/nchem.2322
156,-0.34201630636853264,CCCCCCN(CCCCCC)C(=O)c1ccccc1C(F)(F)F,5,0.0,17,10.1038/nchem.2322
157,0.16357568486565405,CCCCCCN(CCCCCC)C(=O)c1ccccc1C(F)(F)F,16,0.0,17,10.1038/nchem.2322
158,0.15851960358265774,CCCCCCN(CCCCCC)C(=O)c1ccccc1C(F)(F)F,17,100.0,17,10.1038/nchem.2322
159,0.17215641999863543,CCCCCCN(CCCCCC)C(=O)c1ccccc1C(F)(F)F,18,0.0,17,10.1038/nchem.2322
160,0.17049489992691513,CCCCCCN(CCCCCC)C(=O)c1ccccc1C(F)(F)F,19,0.0,17,10.1038/nchem.2322
161,-0.13839602546406005,CCCCCCN(CCCCCC)C(=O)c1ccccc1OC(F)(F)F,0,0.0,18,10.1038/nchem.2322
162,-0.21870063747720878,CCCCCCN(CCCCCC)C(=O)c1ccccc1OC(F)(F)F,1,0.0,18,10.1038/nchem.2322
163,-0.21307796589637404,CCCCCCN(CCCCCC)C(=O)c1ccccc1OC(F)(F)F,2,0.0,18,10.1038/nchem.2322
164,-0.23074904867354307,CCCCCCN(CCCCCC)C(=O)c1ccccc1OC(F)(F)F,3,0.0,18,10.1038/nchem.2322
165,-0.21237032569316655,CCCCCCN(CCCCCC)C(=O)c1ccccc1OC(F)(F)F,4,0.0,18,10.1038/nchem.2322
166,-0.34201630636853264,CCCCCCN(CCCCCC)C(=O)c1ccccc1OC(F)(F)F,5,0.0,18,10.1038/nchem.2322
167,0.17815323243015252,CCCCCCN(CCCCCC)C(=O)c1ccccc1OC(F)(F)F,16,0.0,18,10.1038/nchem.2322
168,0.17372111767768714,CCCCCCN(CCCCCC)C(=O)c1ccccc1OC(F)(F)F,17,20.2020202020202,18,10.1038/nchem.2322
169,0.14317285589862547,CCCCCCN(CCCCCC)C(=O)c1ccccc1OC(F)(F)F,18,79.79797979797979,18,10.1038/nchem.2322
170,0.14274472560676374,CCCCCCN(CCCCCC)C(=O)c1ccccc1OC(F)(F)F,19,0.0,18,10.1038/nchem.2322
171,-0.13839602546406005,CCCCCCN(CCCCCC)C(=O)c1ccccc1C(=O)OC,0,0.0,17,10.1038/nchem.2322
172,-0.21870063747720878,CCCCCCN(CCCCCC)C(=O)c1ccccc1C(=O)OC,1,0.0,17,10.1038/nchem.2322
173,-0.21307796589637404,CCCCCCN(CCCCCC)C(=O)c1ccccc1C(=O)OC,2,0.0,17,10.1038/nchem.2322
174,-0.23074904867354307,CCCCCCN(CCCCCC)C(=O)c1ccccc1C(=O)OC,3,0.0,17,10.1038/nchem.2322
175,-0.21237032569316655,CCCCCCN(CCCCCC)C(=O)c1ccccc1C(=O)OC,4,0.0,17,10.1038/nchem.2322
176,-0.34201630636853264,CCCCCCN(CCCCCC)C(=O)c1ccccc1C(=O)OC,5,0.0,17,10.1038/nchem.2322
177,0.1354649168608727,CCCCCCN(CCCCCC)C(=O)c1ccccc1C(=O)OC,16,0.0,17,10.1038/nchem.2322
178,0.16020323741072826,CCCCCCN(CCCCCC)C(=O)c1ccccc1C(=O)OC,17,100.0,17,10.1038/nchem.2322
179,0.1592172826343561,CCCCCCN(CCCCCC)C(=O)c1ccccc1C(=O)OC,18,0.0,17,10.1038/nchem.2322
180,0.16446561414147834,CCCCCCN(CCCCCC)C(=O)c1ccccc1C(=O)OC,19,0.0,17,10.1038/nchem.2322
181,-0.1884842812664308,CCCCCCN(CCCCCC)C(=O)c1ccccc1C(=O)OC,24,0.0,17,10.1038/nchem.2322
182,-0.35801949393701554,CN1Cc2ccccc2C1=O,0,0.0,6,10.1038/nchem.2322
183,-0.6585416574991233,CN1Cc2ccccc2C1=O,2,0.0,6,10.1038/nchem.2322
184,0.15814167749440194,CN1Cc2ccccc2C1=O,4,0.0,6,10.1038/nchem.2322
185,0.15150954281963352,CN1Cc2ccccc2C1=O,5,48.148148148148145,6,10.1038/nchem.2322
186,0.15798389285449757,CN1Cc2ccccc2C1=O,6,51.851851851851855,6,10.1038/nchem.2322
187,0.20634906866882172,CN1Cc2ccccc2C1=O,7,0.0,6,10.1038/nchem.2322
188,-0.3583840720822491,CN(C)C(=O)c1ccccc1,0,0.0,8,10.1038/nchem.2322
189,0.10817315473317074,CN(C)C(=O)c1ccccc1,6,0.0,8,10.1038/nchem.2322
190,0.15489972112424555,CN(C)C(=O)c1ccccc1,7,42.028985507246375,8,10.1038/nchem.2322
191,0.15190420364242466,CN(C)C(=O)c1ccccc1,8,57.971014492753625,8,10.1038/nchem.2322
192,0.10833950596337295,O=C(c1ccccc1)N1CCCCC1,3,0.0,5,10.1038/nchem.2322
193,0.1540623867283894,O=C(c1ccccc1)N1CCCCC1,4,42.857142857142854,5,10.1038/nchem.2322
194,0.15190420364242466,O=C(c1ccccc1)N1CCCCC1,5,57.142857142857146,5,10.1038/nchem.2322
195,-0.36434542281439375,O=C(c1ccccc1)N1CCCCC1,9,0.0,5,10.1038/nchem.2322
196,-0.1585408606070026,O=C(c1ccccc1)N1CCCCC1,10,0.0,5,10.1038/nchem.2322
197,-0.20321124610356597,O=C(c1ccccc1)N1CCCCC1,11,0.0,5,10.1038/nchem.2322
198,0.1604986851644886,O=C(c1ccccc1Br)N1CCOCC1,3,0.0,5,10.1038/nchem.2322
199,0.16803150715871112,O=C(c1ccccc1Br)N1CCOCC1,4,40.0,5,10.1038/nchem.2322
200,0.1541287279974401,O=C(c1ccccc1Br)N1CCOCC1,5,60.0,5,10.1038/nchem.2322
201,0.17532207394823202,O=C(c1ccccc1Br)N1CCOCC1,6,0.0,5,10.1038/nchem.2322
202,-0.3442322641332502,O=C(c1ccccc1Br)N1CCOCC1,10,0.0,5,10.1038/nchem.2322
203,-0.2531731945048012,O=C(c1ccccc1Br)N1CCOCC1,11,0.0,5,10.1038/nchem.2322
204,0.10833910751731259,O=C(c1ccccc1)N1CCCCCC1,3,0.0,4,10.1038/nchem.2322
205,0.15406218750535922,O=C(c1ccccc1)N1CCCCCC1,4,52.54237288135593,4,10.1038/nchem.2322
206,0.1519038051963643,O=C(c1ccccc1)N1CCCCCC1,5,47.45762711864407,4,10.1038/nchem.2322
207,-0.36434562203742393,O=C(c1ccccc1)N1CCCCCC1,9,0.0,4,10.1038/nchem.2322
208,-0.23637391170770983,O=C(c1ccccc1)N1CCCCCC1,10,0.0,4,10.1038/nchem.2322
209,-0.25332081877016627,O=C(c1ccccc1)N1CCCCCC1,11,0.0,4,10.1038/nchem.2322
210,-0.13839602546406005,CCCCCCN(CCCCCC)C(=O)c1cccc(F)c1,0,0.0,17,10.1038/nchem.2322
211,-0.21870063747720878,CCCCCCN(CCCCCC)C(=O)c1cccc(F)c1,1,0.0,17,10.1038/nchem.2322
212,-0.21307796589637404,CCCCCCN(CCCCCC)C(=O)c1cccc(F)c1,2,0.0,17,10.1038/nchem.2322
213,-0.23074904867354307,CCCCCCN(CCCCCC)C(=O)c1cccc(F)c1,3,0.0,17,10.1038/nchem.2322
214,-0.21237032569316655,CCCCCCN(CCCCCC)C(=O)c1cccc(F)c1,4,0.0,17,10.1038/nchem.2322
215,-0.3450022611449048,CCCCCCN(CCCCCC)C(=O)c1cccc(F)c1,5,0.0,17,10.1038/nchem.2322
216,0.13875787432675576,CCCCCCN(CCCCCC)C(=O)c1cccc(F)c1,16,0.0,17,10.1038/nchem.2322
217,0.1580735432180796,CCCCCCN(CCCCCC)C(=O)c1cccc(F)c1,17,50.0,17,10.1038/nchem.2322
218,0.22151233194205608,CCCCCCN(CCCCCC)C(=O)c1cccc(F)c1,18,50.0,17,10.1038/nchem.2322
219,0.18408669193807162,CCCCCCN(CCCCCC)C(=O)c1cccc(F)c1,21,0.0,17,10.1038/nchem.2322
220,-0.13839602546406005,CCCCCCN(CCCCCC)C(=O)c1cccc(Br)c1,0,0.0,17,10.1038/nchem.2322
221,-0.21870063747720878,CCCCCCN(CCCCCC)C(=O)c1cccc(Br)c1,1,0.0,17,10.1038/nchem.2322
222,-0.21307796589637404,CCCCCCN(CCCCCC)C(=O)c1cccc(Br)c1,2,0.0,17,10.1038/nchem.2322
223,-0.23074904867354307,CCCCCCN(CCCCCC)C(=O)c1cccc(Br)c1,3,0.0,17,10.1038/nchem.2322
224,-0.21237032569316655,CCCCCCN(CCCCCC)C(=O)c1cccc(Br)c1,4,0.0,17,10.1038/nchem.2322
225,-0.3450022611449048,CCCCCCN(CCCCCC)C(=O)c1cccc(Br)c1,5,0.0,17,10.1038/nchem.2322
226,0.13535773487063463,CCCCCCN(CCCCCC)C(=O)c1cccc(Br)c1,16,0.0,17,10.1038/nchem.2322
227,0.15737347349001904,CCCCCCN(CCCCCC)C(=O)c1cccc(Br)c1,17,100.0,17,10.1038/nchem.2322
228,0.18245724677421069,CCCCCCN(CCCCCC)C(=O)c1cccc(Br)c1,18,0.0,17,10.1038/nchem.2322
229,0.14447099316329326,CCCCCCN(CCCCCC)C(=O)c1cccc(Br)c1,21,0.0,17,10.1038/nchem.2322
230,-0.13839602546406005,CCCCCCN(CCCCCC)C(=O)c1cccc(-c2ccccc2)c1,0,0.0,17,10.1038/nchem.2322
231,-0.21870063747720878,CCCCCCN(CCCCCC)C(=O)c1cccc(-c2ccccc2)c1,1,0.0,17,10.1038/nchem.2322
232,-0.21307796589637404,CCCCCCN(CCCCCC)C(=O)c1cccc(-c2ccccc2)c1,2,0.0,17,10.1038/nchem.2322
233,-0.23074904867354307,CCCCCCN(CCCCCC)C(=O)c1cccc(-c2ccccc2)c1,3,0.0,17,10.1038/nchem.2322
234,-0.21237032569316655,CCCCCCN(CCCCCC)C(=O)c1cccc(-c2ccccc2)c1,4,0.0,17,10.1038/nchem.2322
235,-0.3450022611449048,CCCCCCN(CCCCCC)C(=O)c1cccc(-c2ccccc2)c1,5,0.0,17,10.1038/nchem.2322
236,0.12490510014606047,CCCCCCN(CCCCCC)C(=O)c1cccc(-c2ccccc2)c1,16,0.0,17,10.1038/nchem.2322
237,0.1606449148686424,CCCCCCN(CCCCCC)C(=O)c1cccc(-c2ccccc2)c1,17,100.0,17,10.1038/nchem.2322
238,0.14856741710990148,CCCCCCN(CCCCCC)C(=O)c1cccc(-c2ccccc2)c1,18,0.0,17,10.1038/nchem.2322
239,0.13526051403190567,CCCCCCN(CCCCCC)C(=O)c1cccc(-c2ccccc2)c1,21,0.0,17,10.1038/nchem.2322
240,0.15161154501108687,CCCCCCN(CCCCCC)C(=O)c1cccc(-c2ccccc2)c1,22,0.0,17,10.1038/nchem.2322
241,0.1528170435667199,CCCCCCN(CCCCCC)C(=O)c1cccc(-c2ccccc2)c1,23,0.0,17,10.1038/nchem.2322
242,0.110473981508746,CCCCCCN(CCCCCC)C(=O)c1cccc(-c2ccccc2)c1,26,0.0,17,10.1038/nchem.2322
243,-0.13839602546406005,CCCCCCN(CCCCCC)C(=O)c1cccc(C#N)c1,0,0.0,17,10.1038/nchem.2322
244,-0.21870063747720878,CCCCCCN(CCCCCC)C(=O)c1cccc(C#N)c1,1,0.0,17,10.1038/nchem.2322
245,-0.21307796589637404,CCCCCCN(CCCCCC)C(=O)c1cccc(C#N)c1,2,0.0,17,10.1038/nchem.2322
246,-0.23074904867354307,CCCCCCN(CCCCCC)C(=O)c1cccc(C#N)c1,3,0.0,17,10.1038/nchem.2322
247,-0.21237032569316655,CCCCCCN(CCCCCC)C(=O)c1cccc(C#N)c1,4,0.0,17,10.1038/nchem.2322
248,-0.3450022611449048,CCCCCCN(CCCCCC)C(=O)c1cccc(C#N)c1,5,0.0,17,10.1038/nchem.2322
249,0.12945176814088066,CCCCCCN(CCCCCC)C(=O)c1cccc(C#N)c1,16,0.0,17,10.1038/nchem.2322
250,0.17345635027057488,CCCCCCN(CCCCCC)C(=O)c1cccc(C#N)c1,17,100.0,17,10.1038/nchem.2322
251,0.2070385795762826,CCCCCCN(CCCCCC)C(=O)c1cccc(C#N)c1,18,0.0,17,10.1038/nchem.2322
252,0.16324358007434017,CCCCCCN(CCCCCC)C(=O)c1cccc(C#N)c1,22,0.0,17,10.1038/nchem.2322
253,-0.13839602546406005,CCCCCCN(CCCCCC)C(=O)c1cccc(Cl)c1Cl,0,0.0,17,10.1038/nchem.2322
254,-0.21870063747720878,CCCCCCN(CCCCCC)C(=O)c1cccc(Cl)c1Cl,1,0.0,17,10.1038/nchem.2322
255,-0.21307796589637404,CCCCCCN(CCCCCC)C(=O)c1cccc(Cl)c1Cl,2,0.0,17,10.1038/nchem.2322
256,-0.23074904867354307,CCCCCCN(CCCCCC)C(=O)c1cccc(Cl)c1Cl,3,0.0,17,10.1038/nchem.2322
257,-0.21237032569316655,CCCCCCN(CCCCCC)C(=O)c1cccc(Cl)c1Cl,4,0.0,17,10.1038/nchem.2322
258,-0.34201630636853264,CCCCCCN(CCCCCC)C(=O)c1cccc(Cl)c1Cl,5,0.0,17,10.1038/nchem.2322
259,0.1789080884915132,CCCCCCN(CCCCCC)C(=O)c1cccc(Cl)c1Cl,16,0.0,17,10.1038/nchem.2322
260,0.17250506030145443,CCCCCCN(CCCCCC)C(=O)c1cccc(Cl)c1Cl,17,100.0,17,10.1038/nchem.2322
261,0.18720234090709245,CCCCCCN(CCCCCC)C(=O)c1cccc(Cl)c1Cl,18,0.0,17,10.1038/nchem.2322
262,-0.13839602546406005,CCCCCCN(CCCCCC)C(=O)c1cccc(C(F)(F)F)c1F,0,0.0,17,10.1038/nchem.2322
263,-0.21870063747720878,CCCCCCN(CCCCCC)C(=O)c1cccc(C(F)(F)F)c1F,1,0.0,17,10.1038/nchem.2322
264,-0.21307796589637404,CCCCCCN(CCCCCC)C(=O)c1cccc(C(F)(F)F)c1F,2,0.0,17,10.1038/nchem.2322
265,-0.23074904867354307,CCCCCCN(CCCCCC)C(=O)c1cccc(C(F)(F)F)c1F,3,0.0,17,10.1038/nchem.2322
266,-0.21237032569316655,CCCCCCN(CCCCCC)C(=O)c1cccc(C(F)(F)F)c1F,4,0.0,17,10.1038/nchem.2322
267,-0.34201630636853264,CCCCCCN(CCCCCC)C(=O)c1cccc(C(F)(F)F)c1F,5,0.0,17,10.1038/nchem.2322
268,0.17731211279672288,CCCCCCN(CCCCCC)C(=O)c1cccc(C(F)(F)F)c1F,16,0.0,17,10.1038/nchem.2322
269,0.19390001995879083,CCCCCCN(CCCCCC)C(=O)c1cccc(C(F)(F)F)c1F,17,100.0,17,10.1038/nchem.2322
270,0.18476743703220452,CCCCCCN(CCCCCC)C(=O)c1cccc(C(F)(F)F)c1F,18,0.0,17,10.1038/nchem.2322
271,-0.13839602546406005,CCCCCCN(CCCCCC)C(=O)c1cccs1,0,0.0,18,10.1038/nchem.2322
272,-0.21870063747720878,CCCCCCN(CCCCCC)C(=O)c1cccs1,1,0.0,18,10.1038/nchem.2322
273,-0.21307796589637404,CCCCCCN(CCCCCC)C(=O)c1cccs1,2,0.0,18,10.1038/nchem.2322
274,-0.23074904867354307,CCCCCCN(CCCCCC)C(=O)c1cccs1,3,0.0,18,10.1038/nchem.2322
275,-0.21528456017867306,CCCCCCN(CCCCCC)C(=O)c1cccs1,4,0.0,18,10.1038/nchem.2322
276,-0.3506958561244844,CCCCCCN(CCCCCC)C(=O)c1cccs1,5,0.0,18,10.1038/nchem.2322
277,0.1608935452103099,CCCCCCN(CCCCCC)C(=O)c1cccs1,16,0.0,18,10.1038/nchem.2322
278,0.23238592492940544,CCCCCCN(CCCCCC)C(=O)c1cccs1,17,0.0,18,10.1038/nchem.2322
279,0.28063077003349945,CCCCCCN(CCCCCC)C(=O)c1cccs1,18,100.0,18,10.1038/nchem.2322
280,-0.13839602546406005,CCCCCCN(CCCCCC)C(=O)c1ccc[nH]1,0,0.0,18,10.1038/nchem.2322
281,-0.21870063747720878,CCCCCCN(CCCCCC)C(=O)c1ccc[nH]1,1,0.0,18,10.1038/nchem.2322
282,-0.21307796589637404,CCCCCCN(CCCCCC)C(=O)c1ccc[nH]1,2,0.0,18,10.1038/nchem.2322
283,-0.23074904867354307,CCCCCCN(CCCCCC)C(=O)c1ccc[nH]1,3,0.0,18,10.1038/nchem.2322
284,-0.21528456017867306,CCCCCCN(CCCCCC)C(=O)c1ccc[nH]1,4,0.0,18,10.1038/nchem.2322
285,-0.34369754952024095,CCCCCCN(CCCCCC)C(=O)c1ccc[nH]1,5,0.0,18,10.1038/nchem.2322
286,0.2390061062223629,CCCCCCN(CCCCCC)C(=O)c1ccc[nH]1,16,0.0,18,10.1038/nchem.2322
287,0.31963186576016545,CCCCCCN(CCCCCC)C(=O)c1ccc[nH]1,17,0.0,18,10.1038/nchem.2322
288,0.33051422456084284,CCCCCCN(CCCCCC)C(=O)c1ccc[nH]1,18,100.0,18,10.1038/nchem.2322
289,-0.13839602546406005,CCCCCCN(CCCCCC)C(=O)c1cccn1C,0,0.0,18,10.1038/nchem.2322
290,-0.21870063747720878,CCCCCCN(CCCCCC)C(=O)c1cccn1C,1,0.0,18,10.1038/nchem.2322
291,-0.21307796589637404,CCCCCCN(CCCCCC)C(=O)c1cccn1C,2,0.0,18,10.1038/nchem.2322
292,-0.23074904867354307,CCCCCCN(CCCCCC)C(=O)c1cccn1C,3,0.0,18,10.1038/nchem.2322
293,-0.21528456017867306,CCCCCCN(CCCCCC)C(=O)c1cccn1C,4,0.0,18,10.1038/nchem.2322
294,-0.3479378124946408,CCCCCCN(CCCCCC)C(=O)c1cccn1C,5,0.0,18,10.1038/nchem.2322
295,0.23796177909814734,CCCCCCN(CCCCCC)C(=O)c1cccn1C,16,0.0,18,10.1038/nchem.2322
296,0.32153544181355725,CCCCCCN(CCCCCC)C(=O)c1cccn1C,17,30.526315789473685,18,10.1038/nchem.2322
297,0.31994783348603456,CCCCCCN(CCCCCC)C(=O)c1cccn1C,18,69.47368421052632,18,10.1038/nchem.2322
298,-0.2937824185310986,CCCCCCN(CCCCCC)C(=O)c1cccn1C,20,0.0,18,10.1038/nchem.2322
299,-0.13839602546406005,CCCCCCN(CCCCCC)C(=O)c1cc2ccccc2[nH]1,0,0.0,21,10.1038/nchem.2322
300,-0.21870063747720878,CCCCCCN(CCCCCC)C(=O)c1cc2ccccc2[nH]1,1,0.0,21,10.1038/nchem.2322
301,-0.21307796589637404,CCCCCCN(CCCCCC)C(=O)c1cc2ccccc2[nH]1,2,0.0,21,10.1038/nchem.2322
302,-0.23074904867354307,CCCCCCN(CCCCCC)C(=O)c1cc2ccccc2[nH]1,3,0.0,21,10.1038/nchem.2322
303,-0.21528456017867306,CCCCCCN(CCCCCC)C(=O)c1cc2ccccc2[nH]1,4,0.0,21,10.1038/nchem.2322
304,-0.34369754952024095,CCCCCCN(CCCCCC)C(=O)c1cc2ccccc2[nH]1,5,0.0,21,10.1038/nchem.2322
305,0.2973694890294154,CCCCCCN(CCCCCC)C(=O)c1cc2ccccc2[nH]1,16,0.0,21,10.1038/nchem.2322
306,0.1736515888401535,CCCCCCN(CCCCCC)C(=O)c1cc2ccccc2[nH]1,18,0.0,21,10.1038/nchem.2322
307,0.15754321151173434,CCCCCCN(CCCCCC)C(=O)c1cc2ccccc2[nH]1,19,0.0,21,10.1038/nchem.2322
308,0.15136112166214774,CCCCCCN(CCCCCC)C(=O)c1cc2ccccc2[nH]1,20,0.0,21,10.1038/nchem.2322
309,0.177634654882588,CCCCCCN(CCCCCC)C(=O)c1cc2ccccc2[nH]1,21,100.0,21,10.1038/nchem.2322
310,-0.34213663707876274,CN(C)C(=O)c1ccccn1,0,0.0,7,10.1038/nchem.2322
311,0.21931390580399454,CN(C)C(=O)c1ccccn1,6,0.0,7,10.1038/nchem.2322
312,0.1351736527907462,CN(C)C(=O)c1ccccn1,7,65.9090909090909,7,10.1038/nchem.2322
313,0.18775279413948612,CN(C)C(=O)c1ccccn1,8,34.09090909090909,7,10.1038/nchem.2322
314,0.04139937248394273,CN(C)C(=O)c1ccccn1,9,0.0,7,10.1038/nchem.2322
315,-0.1027892917256399,CCOC(=O)c1ccccn1,0,0.0,7,10.1038/nchem.2322
316,-0.24585633027529624,CCOC(=O)c1ccccn1,1,0.0,7,10.1038/nchem.2322
317,0.2060813129162567,CCOC(=O)c1ccccn1,6,0.0,7,10.1038/nchem.2322
318,0.1369991334163065,CCOC(=O)c1ccccn1,7,56.52173913043478,7,10.1038/nchem.2322
319,0.18775279413948612,CCOC(=O)c1ccccn1,8,43.47826086956522,7,10.1038/nchem.2322
320,0.02914416778227922,CCOC(=O)c1ccccn1,9,0.0,7,10.1038/nchem.2322
321,-0.10319251913872884,CCOC(=O)Cc1ccccn1,0,0.0,9,10.1038/nchem.2322
322,-0.22689209080921396,CCOC(=O)Cc1ccccn1,1,0.0,9,10.1038/nchem.2322
323,-0.3968912939170932,CCOC(=O)Cc1ccccn1,5,0.0,9,10.1038/nchem.2322
324,0.18338383308758852,CCOC(=O)Cc1ccccn1,7,0.0,9,10.1038/nchem.2322
325,0.13406318362051012,CCOC(=O)Cc1ccccn1,8,32.58426966292135,9,10.1038/nchem.2322
326,0.18740594684393874,CCOC(=O)Cc1ccccn1,9,67.41573033707866,9,10.1038/nchem.2322
327,0.02546890132147635,CCOC(=O)Cc1ccccn1,10,0.0,9,10.1038/nchem.2322
328,-0.10181867712259178,CCOP(=O)(OCC)c1ccccc1,0,0.0,11,10.1038/nchem.2322
329,-0.2540641198957764,CCOP(=O)(OCC)c1ccccc1,1,0.0,11,10.1038/nchem.2322
330,0.1576147325795698,CCOP(=O)(OCC)c1ccccc1,9,0.0,11,10.1038/nchem.2322
331,0.15629468078158193,CCOP(=O)(OCC)c1ccccc1,10,43.529411764705884,11,10.1038/nchem.2322
332,0.15411079792472368,CCOP(=O)(OCC)c1ccccc1,11,56.470588235294116,11,10.1038/nchem.2322
333,-0.10181867712259178,CCOP(=O)(OCC)c1ccccc1C,0,0.0,11,10.1038/nchem.2322
334,-0.25486300424680736,CCOP(=O)(OCC)c1ccccc1C,1,0.0,11,10.1038/nchem.2322
335,0.13933761334458622,CCOP(=O)(OCC)c1ccccc1C,9,0.0,11,10.1038/nchem.2322
336,0.16253753365537416,CCOP(=O)(OCC)c1ccccc1C,10,37.37373737373738,11,10.1038/nchem.2322
337,0.14935673875548372,CCOP(=O)(OCC)c1ccccc1C,11,62.62626262626262,11,10.1038/nchem.2322
338,0.14603907763385807,CCOP(=O)(OCC)c1ccccc1C,12,0.0,11,10.1038/nchem.2322
339,-0.38605256496002577,CCOP(=O)(OCC)c1ccccc1C,14,0.0,11,10.1038/nchem.2322
340,-0.10181867712259178,CCOP(=O)(OCC)c1ccccc1Br,0,0.0,11,10.1038/nchem.2322
341,-0.25486300424680736,CCOP(=O)(OCC)c1ccccc1Br,1,0.0,11,10.1038/nchem.2322
342,0.173634654882588,CCOP(=O)(OCC)c1ccccc1Br,9,0.0,11,10.1038/nchem.2322
343,0.17041142547726876,CCOP(=O)(OCC)c1ccccc1Br,10,24.242424242424242,11,10.1038/nchem.2322
344,0.15792153604605053,CCOP(=O)(OCC)c1ccccc1Br,11,75.75757575757575,11,10.1038/nchem.2322
345,0.1777709234352327,CCOP(=O)(OCC)c1ccccc1Br,12,0.0,11,10.1038/nchem.2322
346,-0.10181867712259178,CCOP(=O)(OCC)c1ccccc1C(F)(F)F,0,0.0,10,10.1038/nchem.2322
347,-0.25486300424680736,CCOP(=O)(OCC)c1ccccc1C(F)(F)F,1,0.0,10,10.1038/nchem.2322
348,0.17345376037118249,CCOP(=O)(OCC)c1ccccc1C(F)(F)F,9,0.0,10,10.1038/nchem.2322
349,0.16054888936809453,CCOP(=O)(OCC)c1ccccc1C(F)(F)F,10,100.0,10,10.1038/nchem.2322
350,0.1740779261247436,CCOP(=O)(OCC)c1ccccc1C(F)(F)F,11,0.0,10,10.1038/nchem.2322
351,0.16969960159042743,CCOP(=O)(OCC)c1ccccc1C(F)(F)F,12,0.0,10,10.1038/nchem.2322
352,-0.12768938137600347,CCN(CC)P(=O)(c1ccccc1)N(CC)CC,0,0.0,9,10.1038/nchem.2322
353,-0.3341750871235879,CCN(CC)P(=O)(c1ccccc1)N(CC)CC,1,0.0,9,10.1038/nchem.2322
354,0.14837138164820213,CCN(CC)P(=O)(c1ccccc1)N(CC)CC,8,0.0,9,10.1038/nchem.2322
355,0.15845087163724486,CCN(CC)P(=O)(c1ccccc1)N(CC)CC,9,100.0,9,10.1038/nchem.2322
356,0.1541105987016935,CCN(CC)P(=O)(c1ccccc1)N(CC)CC,10,0.0,9,10.1038/nchem.2322
357,0.11703459511567896,O=P(c1ccccc1)(C1CCCCC1)C1CCCCC1,3,0.0,4,10.1038/nchem.2322
358,0.15160795899654358,O=P(c1ccccc1)(C1CCCCC1)C1CCCCC1,4,100.0,4,10.1038/nchem.2322
359,0.1541105987016935,O=P(c1ccccc1)(C1CCCCC1)C1CCCCC1,5,0.0,4,10.1038/nchem.2322
360,-0.31068051595116036,O=P(c1ccccc1)(C1CCCCC1)C1CCCCC1,8,0.0,4,10.1038/nchem.2322
361,-0.20440997107617281,O=P(c1ccccc1)(C1CCCCC1)C1CCCCC1,9,0.0,4,10.1038/nchem.2322
362,-0.19726125108414175,O=P(c1ccccc1)(C1CCCCC1)C1CCCCC1,10,0.0,4,10.1038/nchem.2322
363,-0.20124073111203297,O=P(c1ccccc1)(C1CCCCC1)C1CCCCC1,11,0.0,4,10.1038/nchem.2322
364,-0.21731045917259675,COc1ccccc1P(=O)(C1CCCCC1)C1CCCCC1,0,0.0,5,10.1038/nchem.2322
365,0.15264531331470277,COc1ccccc1P(=O)(C1CCCCC1)C1CCCCC1,3,0.0,5,10.1038/nchem.2322
366,0.1435099412656939,COc1ccccc1P(=O)(C1CCCCC1)C1CCCCC1,4,0.0,5,10.1038/nchem.2322
367,0.17615661922166562,COc1ccccc1P(=O)(C1CCCCC1)C1CCCCC1,5,100.0,5,10.1038/nchem.2322
368,0.13065089155954787,COc1ccccc1P(=O)(C1CCCCC1)C1CCCCC1,6,0.0,5,10.1038/nchem.2322
369,-0.3037350034499152,COc1ccccc1P(=O)(C1CCCCC1)C1CCCCC1,10,0.0,5,10.1038/nchem.2322
370,-0.21433207487137154,COc1ccccc1P(=O)(C1CCCCC1)C1CCCCC1,11,0.0,5,10.1038/nchem.2322
371,-0.19726125108414175,COc1ccccc1P(=O)(C1CCCCC1)C1CCCCC1,12,0.0,5,10.1038/nchem.2322
372,-0.20124073111203297,COc1ccccc1P(=O)(C1CCCCC1)C1CCCCC1,13,0.0,5,10.1038/nchem.2322
373,0.16460188269412304,O=P(c1ccccc1Cl)(C1CCCCC1)C1CCCCC1,3,0.0,4,10.1038/nchem.2322
374,0.16637317465547377,O=P(c1ccccc1Cl)(C1CCCCC1)C1CCCCC1,4,100.0,4,10.1038/nchem.2322
375,0.15850486107842426,O=P(c1ccccc1Cl)(C1CCCCC1)C1CCCCC1,5,0.0,4,10.1038/nchem.2322
376,0.18672619786495678,O=P(c1ccccc1Cl)(C1CCCCC1)C1CCCCC1,6,0.0,4,10.1038/nchem.2322
377,-0.31176946903413677,O=P(c1ccccc1Cl)(C1CCCCC1)C1CCCCC1,9,0.0,4,10.1038/nchem.2322
378,-0.21433207487137154,O=P(c1ccccc1Cl)(C1CCCCC1)C1CCCCC1,10,0.0,4,10.1038/nchem.2322
379,-0.19726125108414175,O=P(c1ccccc1Cl)(C1CCCCC1)C1CCCCC1,11,0.0,4,10.1038/nchem.2322
380,-0.20124073111203297,O=P(c1ccccc1Cl)(C1CCCCC1)C1CCCCC1,12,0.0,4,10.1038/nchem.2322
381,0.19159002892382718,FC(F)(F)c1ccc2c(Cl)ccnc2c1,5,0.0,10,10.1039/c2sc20776a
382,0.1814786632499553,FC(F)(F)c1ccc2c(Cl)ccnc2c1,6,0.0,10,10.1039/c2sc20776a
383,0.21748722984025312,FC(F)(F)c1ccc2c(Cl)ccnc2c1,10,100.0,10,10.1039/c2sc20776a
384,-0.0016602948135968634,FC(F)(F)c1ccc2c(Cl)ccnc2c1,11,0.0,10,10.1039/c2sc20776a
385,0.22873317067101315,FC(F)(F)c1ccc2c(Cl)ccnc2c1,14,0.0,10,10.1039/c2sc20776a
386,0.1950553143108179,Clc1ccc2c(Cl)ccnc2c1,2,0.0,7,10.1039/c2sc20776a
387,0.1653198824949,Clc1ccc2c(Cl)ccnc2c1,3,0.0,7,10.1039/c2sc20776a
388,0.21748722984025312,Clc1ccc2c(Cl)ccnc2c1,7,100.0,7,10.1039/c2sc20776a
389,-0.0016602948135968634,Clc1ccc2c(Cl)ccnc2c1,8,0.0,7,10.1039/c2sc20776a
390,0.2557021914898198,Clc1ccc2c(Cl)ccnc2c1,11,0.0,7,10.1039/c2sc20776a
391,-0.4115847892851578,Cc1ccc2nc(C)ccc2c1,0,0.0,9,10.1039/c2sc20776a
392,0.14040465189424256,Cc1ccc2nc(C)ccc2c1,2,0.0,9,10.1039/c2sc20776a
393,0.20486724777032583,Cc1ccc2nc(C)ccc2c1,3,0.0,9,10.1039/c2sc20776a
394,-0.3715236278148918,Cc1ccc2nc(C)ccc2c1,7,0.0,9,10.1039/c2sc20776a
395,0.16229229010521976,Cc1ccc2nc(C)ccc2c1,8,0.0,9,10.1039/c2sc20776a
396,0.14413590002652665,Cc1ccc2nc(C)ccc2c1,9,100.0,9,10.1039/c2sc20776a
397,0.14925095132645694,Cc1ccc2nc(C)ccc2c1,11,0.0,9,10.1039/c2sc20776a
398,-0.22516960849025788,COc1ccc2nc(C)ccc2c1,0,0.0,10,10.1039/c2sc20776a
399,0.16096028492542097,COc1ccc2nc(C)ccc2c1,3,0.0,10,10.1039/c2sc20776a
400,0.20265089155954788,COc1ccc2nc(C)ccc2c1,4,0.0,10,10.1039/c2sc20776a
401,-0.3715236278148918,COc1ccc2nc(C)ccc2c1,8,0.0,10,10.1039/c2sc20776a
402,0.16229229010521976,COc1ccc2nc(C)ccc2c1,9,0.0,10,10.1039/c2sc20776a
403,0.14413590002652665,COc1ccc2nc(C)ccc2c1,10,100.0,10,10.1039/c2sc20776a
404,0.14450107584085078,COc1ccc2nc(C)ccc2c1,12,0.0,10,10.1039/c2sc20776a
405,-0.3715236278148918,Cc1ccc2cc(Cl)ccc2n1,0,0.0,3,10.1039/c2sc20776a
406,0.16229229010521976,Cc1ccc2cc(Cl)ccc2n1,2,0.0,3,10.1039/c2sc20776a
407,0.14745973706208795,Cc1ccc2cc(Cl)ccc2n1,3,100.0,3,10.1039/c2sc20776a
408,0.20226180898160187,Cc1ccc2cc(Cl)ccc2n1,5,0.0,3,10.1039/c2sc20776a
409,0.18647338383965545,Cc1ccc2cc(Cl)ccc2n1,8,0.0,3,10.1039/c2sc20776a
410,0.21475229608191065,Cc1ccc2cc(Cl)ccc2n1,9,0.0,3,10.1039/c2sc20776a
411,-0.3715236278148918,Cc1ccc2cc(Br)ccc2n1,0,0.0,3,10.1039/c2sc20776a
412,0.16229229010521976,Cc1ccc2cc(Br)ccc2n1,2,0.0,3,10.1039/c2sc20776a
413,0.14797970917086373,Cc1ccc2cc(Br)ccc2n1,3,100.0,3,10.1039/c2sc20776a
414,0.1863468772154897,Cc1ccc2cc(Br)ccc2n1,5,0.0,3,10.1039/c2sc20776a
415,0.17439329618152216,Cc1ccc2cc(Br)ccc2n1,8,0.0,3,10.1039/c2sc20776a
416,0.2138123618255106,Cc1ccc2cc(Br)ccc2n1,9,0.0,3,10.1039/c2sc20776a
417,-0.22516960849025788,COc1ccc2nc(C#N)ccc2c1,0,0.0,11,10.1039/c2sc20776a
418,0.16096028492542097,COc1ccc2nc(C#N)ccc2c1,3,0.0,11,10.1039/c2sc20776a
419,0.21608968028352438,COc1ccc2nc(C#N)ccc2c1,4,0.0,11,10.1039/c2sc20776a
420,0.2206877478201316,COc1ccc2nc(C#N)ccc2c1,10,0.0,11,10.1039/c2sc20776a
421,0.176087090384132,COc1ccc2nc(C#N)ccc2c1,11,100.0,11,10.1039/c2sc20776a
422,0.14450107584085078,COc1ccc2nc(C#N)ccc2c1,13,0.0,11,10.1039/c2sc20776a
423,-0.3715236278148918,Cc1ccc2ccc(Br)cc2n1,0,0.0,3,10.1039/c2sc20776a
424,0.16203330016598277,Cc1ccc2ccc(Br)cc2n1,2,0.0,3,10.1039/c2sc20776a
425,0.1377790915794702,Cc1ccc2ccc(Br)cc2n1,3,65.0,3,10.1039/c2sc20776a
426,0.1578091742570277,Cc1ccc2ccc(Br)cc2n1,5,35.0,3,10.1039/c2sc20776a
427,0.1806833649134676,Cc1ccc2ccc(Br)cc2n1,6,0.0,3,10.1039/c2sc20776a
428,0.24469392373406726,Cc1ccc2ccc(Br)cc2n1,9,0.0,3,10.1039/c2sc20776a
429,-0.3715236278148918,Cc1ccc2ccc(C(F)(F)F)cc2n1,0,0.0,3,10.1039/c2sc20776a
430,0.16203330016598277,Cc1ccc2ccc(C(F)(F)F)cc2n1,2,0.0,3,10.1039/c2sc20776a
431,0.1377790915794702,Cc1ccc2ccc(C(F)(F)F)cc2n1,3,60.0,3,10.1039/c2sc20776a
432,0.16580419368127314,Cc1ccc2ccc(C(F)(F)F)cc2n1,5,40.0,3,10.1039/c2sc20776a
433,0.19167848394922812,Cc1ccc2ccc(C(F)(F)F)cc2n1,6,0.0,3,10.1039/c2sc20776a
434,0.22996656045087172,Cc1ccc2ccc(C(F)(F)F)cc2n1,12,0.0,3,10.1039/c2sc20776a
435,-0.3715236278148918,Cc1ccc2ccc(C#N)cc2n1,0,0.0,3,10.1039/c2sc20776a
436,0.16203330016598277,Cc1ccc2ccc(C#N)cc2n1,2,0.0,3,10.1039/c2sc20776a
437,0.1377790915794702,Cc1ccc2ccc(C#N)cc2n1,3,100.0,3,10.1039/c2sc20776a
438,0.16854649869173235,Cc1ccc2ccc(C#N)cc2n1,5,0.0,3,10.1039/c2sc20776a
439,0.2077091642958762,Cc1ccc2ccc(C#N)cc2n1,6,0.0,3,10.1039/c2sc20776a
440,0.2519390676727066,Cc1ccc2ccc(C#N)cc2n1,10,0.0,3,10.1039/c2sc20776a
441,-0.22516960849025788,COc1ccc2ccc(C)nc2c1,0,0.0,6,10.1039/c2sc20776a
442,0.19180419368127313,COc1ccc2ccc(C)nc2c1,3,0.0,6,10.1039/c2sc20776a
443,0.148480555868742,COc1ccc2ccc(C)nc2c1,4,0.0,6,10.1039/c2sc20776a
444,0.1377790915794702,COc1ccc2ccc(C)nc2c1,6,100.0,6,10.1039/c2sc20776a
445,0.16203330016598277,COc1ccc2ccc(C)nc2c1,7,0.0,6,10.1039/c2sc20776a
446,-0.3715236278148918,COc1ccc2ccc(C)nc2c1,9,0.0,6,10.1039/c2sc20776a
447,0.24380100611279024,COc1ccc2ccc(C)nc2c1,12,0.0,6,10.1039/c2sc20776a
448,-0.41479785831593774,Cc1ccc2ccc(C)nc2c1,0,0.0,5,10.1039/c2sc20776a
449,0.1471443670053094,Cc1ccc2ccc(C)nc2c1,2,0.0,5,10.1039/c2sc20776a
450,0.14855924896566403,Cc1ccc2ccc(C)nc2c1,3,0.0,5,10.1039/c2sc20776a
451,0.1377790915794702,Cc1ccc2ccc(C)nc2c1,5,100.0,5,10.1039/c2sc20776a
452,0.16203330016598277,Cc1ccc2ccc(C)nc2c1,6,0.0,5,10.1039/c2sc20776a
453,-0.3715236278148918,Cc1ccc2ccc(C)nc2c1,8,0.0,5,10.1039/c2sc20776a
454,0.20572629747647186,Cc1ccc2ccc(C)nc2c1,11,0.0,5,10.1039/c2sc20776a
455,-0.3715236278148918,Cc1ccc2ccc(Cl)cc2n1,0,0.0,3,10.1039/c2sc20776a
456,0.16203330016598277,Cc1ccc2ccc(Cl)cc2n1,2,0.0,3,10.1039/c2sc20776a
457,0.1377790915794702,Cc1ccc2ccc(Cl)cc2n1,3,84.72222222222223,3,10.1039/c2sc20776a
458,0.15918102404286294,Cc1ccc2ccc(Cl)cc2n1,5,15.277777777777779,3,10.1039/c2sc20776a
459,0.19333880868276732,Cc1ccc2ccc(Cl)cc2n1,6,0.0,3,10.1039/c2sc20776a
460,0.2571399840986454,Cc1ccc2ccc(Cl)cc2n1,9,0.0,3,10.1039/c2sc20776a
461,-0.1884842812664308,COC(=O)c1ccccc1C,0,0.0,7,10.1039/c2sc20776a
462,0.16317185978347457,COC(=O)c1ccccc1C,5,0.0,7,10.1039/c2sc20776a
463,0.16069412295709742,COC(=O)c1ccccc1C,6,27.0,7,10.1039/c2sc20776a
464,0.1469274131254409,COC(=O)c1ccccc1C,7,73.0,7,10.1039/c2sc20776a
465,0.14783447558186086,COC(=O)c1ccccc1C,8,0.0,7,10.1039/c2sc20776a
466,-0.3977935750207888,COC(=O)c1ccccc1C,10,0.0,7,10.1039/c2sc20776a
467,-0.3872885446392767,O=C1CCCc2ccccc21,2,0.0,7,10.1039/c2sc20776a
468,-0.2076337981505826,O=C1CCCc2ccccc21,3,0.0,7,10.1039/c2sc20776a
469,-0.48741544970950285,O=C1CCCc2ccccc21,4,0.0,7,10.1039/c2sc20776a
470,0.14707304516050415,O=C1CCCc2ccccc21,6,0.0,7,10.1039/c2sc20776a
471,0.15252219348205012,O=C1CCCc2ccccc21,7,80.0,7,10.1039/c2sc20776a
472,0.15727704954341082,O=C1CCCc2ccccc21,8,20.0,7,10.1039/c2sc20776a
473,0.1757527941394861,O=C1CCCc2ccccc21,9,0.0,7,10.1039/c2sc20776a
474,-0.1544956369791512,CC(C)(C)C(=O)NC1CC1,0,0.0,8,10.1002/anie.201409186
475,-0.11818544672115738,CC(C)(C)C(=O)NC1CC1,7,0.0,8,10.1002/anie.201409186
476,0.059882687555164966,CC(C)(C)C(=O)NC1CC1,8,100.0,8,10.1002/anie.201409186
477,-0.08150948297974887,CC(C)(C)OC(=O)NC=Cc1ccccc1,0,0.0,9,10.1021/ja303443m
478,0.12165138961712332,CC(C)(C)OC(=O)NC=Cc1ccccc1,8,0.0,9,10.1021/ja303443m
479,-0.0497330112196134,CC(C)(C)OC(=O)NC=Cc1ccccc1,9,100.0,9,10.1021/ja303443m
480,0.12918520772649678,CC(C)(C)OC(=O)NC=Cc1ccccc1,11,0.0,9,10.1021/ja303443m
481,0.1450102899059967,CC(C)(C)OC(=O)NC=Cc1ccccc1,12,0.0,9,10.1021/ja303443m
482,0.15381196337945024,CC(C)(C)OC(=O)NC=Cc1ccccc1,13,0.0,9,10.1021/ja303443m
483,-0.2692588604077796,COc1c(C)cccc1C,0,0.0,6,10.1021/ja400295v
484,-0.41497875282734326,COc1c(C)cccc1C,4,0.0,6,10.1021/ja400295v
485,0.14351591795659938,COc1c(C)cccc1C,5,0.0,6,10.1021/ja400295v
486,0.1498125610485408,COc1c(C)cccc1C,6,100.0,6,10.1021/ja400295v
487,-0.22516960849025788,COc1cccc(OC)c1,0,0.0,4,10.1021/ja400295v
488,0.16832635724338094,COc1cccc(OC)c1,3,0.0,4,10.1021/ja400295v
489,0.13486266564063165,COc1cccc(OC)c1,4,100.0,4,10.1021/ja400295v
490,0.17326290470826786,COc1cccc(OC)c1,9,0.0,4,10.1021/ja400295v
491,-0.2240141149152006,COc1cccc(OC)c1OC,0,0.0,4,10.1021/ja400295v
492,0.14327685032038062,COc1cccc(OC)c1OC,3,0.0,4,10.1021/ja400295v
493,0.13888218949758951,COc1cccc(OC)c1OC,4,100.0,4,10.1021/ja400295v
494,-0.22369117438327513,COc1cccc(OC)c1OC,11,0.0,4,10.1021/ja400295v
495,-0.14322997306840313,CC(C)c1cccc(C(C)C)c1,0,0.0,5,10.1021/ja400295v
496,-0.5133126506259288,CC(C)c1cccc(C(C)C)c1,1,0.0,5,10.1021/ja400295v
497,0.13057000700929386,CC(C)c1cccc(C(C)C)c1,4,0.0,5,10.1021/ja400295v
498,0.13803110871265076,CC(C)c1cccc(C(C)C)c1,5,100.0,5,10.1021/ja400295v
499,0.10199624468236887,CC(C)c1cccc(C(C)C)c1,11,0.0,5,10.1021/ja400295v
500,-0.40143138755191743,Cc1cccc(Br)c1,0,0.0,3,10.1021/ja400295v
501,0.16048493877540604,Cc1cccc(Br)c1,2,0.0,3,10.1021/ja400295v
502,0.14471643593647784,Cc1cccc(Br)c1,3,100.0,3,10.1021/ja400295v
503,0.18464989544439697,Cc1cccc(Br)c1,4,0.0,3,10.1021/ja400295v
504,0.17238911249788835,Cc1cccc(Br)c1,7,0.0,3,10.1021/ja400295v
505,-0.400911813889202,Cc1cccc(N(C)C)c1,0,0.0,3,10.1021/ja400295v
506,0.17283218451701376,Cc1cccc(N(C)C)c1,2,0.0,3,10.1021/ja400295v
507,0.12628013750037864,Cc1cccc(N(C)C)c1,3,100.0,3,10.1021/ja400295v
508,0.11196516588966043,Cc1cccc(N(C)C)c1,4,0.0,3,10.1021/ja400295v
509,-0.39266836334631927,Cc1cccc(N(C)C)c1,7,0.0,3,10.1021/ja400295v
510,0.10939897403788237,Cc1cccc(N(C)C)c1,9,0.0,3,10.1021/ja400295v
511,-0.19088392266497647,COC(=O)c1ccc(C#N)cc1,0,0.0,5,10.1021/ja0428309
512,0.1845604443038451,COC(=O)c1ccc(C#N)cc1,5,100.0,5,10.1021/ja0428309
513,0.2092826277882559,COC(=O)c1ccc(C#N)cc1,6,0.0,5,10.1021/ja0428309
514,0.20084473556791524,N#Cc1ccc(I)cc1,3,100.0,3,10.1021/ja0428309
515,0.17696845306965844,N#Cc1ccc(I)cc1,4,0.0,3,10.1021/ja0428309
516,-0.21233008264106973,CC(=O)Nc1ccc(C#N)cc1,0,0.0,5,10.1021/ja0428309
517,0.1809138659593885,CC(=O)Nc1ccc(C#N)cc1,5,100.0,5,10.1021/ja0428309
518,0.20185280410063763,CC(=O)Nc1ccc(C#N)cc1,6,0.0,5,10.1021/ja0428309
519,-0.4107857057110966,CN(C)c1ccc(C#N)cc1,0,0.0,4,10.1021/ja0428309
520,0.12986973805820312,CN(C)c1ccc(C#N)cc1,4,100.0,4,10.1021/ja0428309
521,0.18554420762688525,CN(C)c1ccc(C#N)cc1,5,0.0,4,10.1021/ja0428309
522,-0.2692471062489988,CC(=O)CC(c1ccccc1)c1c(O)c2ccccc2oc1=O,0,0.0,17,
523,-0.40904728554972597,CC(=O)CC(c1ccccc1)c1c(O)c2ccccc2oc1=O,3,0.0,17,
524,-0.5637298236511304,CC(=O)CC(c1ccccc1)c1c(O)c2ccccc2oc1=O,4,0.0,17,
525,0.13766553445226626,CC(=O)CC(c1ccccc1)c1c(O)c2ccccc2oc1=O,6,0.0,17,
526,0.14364342069591604,CC(=O)CC(c1ccccc1)c1c(O)c2ccccc2oc1=O,7,0.0,17,
527,0.15456642099475057,CC(=O)CC(c1ccccc1)c1c(O)c2ccccc2oc1=O,8,0.0,17,
528,0.1406540791280308,CC(=O)CC(c1ccccc1)c1c(O)c2ccccc2oc1=O,15,0.0,17,
529,0.1670589003253612,CC(=O)CC(c1ccccc1)c1c(O)c2ccccc2oc1=O,16,0.0,17,
530,0.15406278517444977,CC(=O)CC(c1ccccc1)c1c(O)c2ccccc2oc1=O,17,100.0,17,
531,0.2252332204767707,CC(=O)CC(c1ccccc1)c1c(O)c2ccccc2oc1=O,18,0.0,17,
532,-0.5240625261115349,Cc1ccc(C)n1-c1ccn(C)n1,0,0.0,9,
533,0.30061941432077904,Cc1ccc(C)n1-c1ccn(C)n1,2,0.0,9,
534,0.34051322844569193,Cc1ccc(C)n1-c1ccn(C)n1,8,0.0,9,
535,0.3220743401102003,Cc1ccc(C)n1-c1ccn(C)n1,9,100.0,9,
536,-0.3312602549689908,Cc1ccc(C)n1-c1ccn(C)n1,11,0.0,9,
537,0.15538462997970925,Brc1ccc(N2CCOCC2)nc1,2,100.0,2,
538,0.14648573566752676,Brc1ccc(N2CCOCC2)nc1,3,0.0,2,
539,-0.39150430318096413,Brc1ccc(N2CCOCC2)nc1,6,0.0,2,
540,-0.249917292522532,Brc1ccc(N2CCOCC2)nc1,7,0.0,2,
541,0.031417701002719504,Brc1ccc(N2CCOCC2)nc1,12,0.0,2,
542,-0.33784597067772676,Cn1nc(C(F)(F)F)c2ccc(Br)cc21,0,100.0,0,
543,0.2059014145200021,Cn1nc(C(F)(F)F)c2ccc(Br)cc21,9,0.0,0,
544,0.1900058073878176,Cn1nc(C(F)(F)F)c2ccc(Br)cc21,10,0.0,0,
545,0.2210027194308498,Cn1nc(C(F)(F)F)c2ccc(Br)cc21,13,0.0,0,
