,Reactant_SMILES,Atom_nÂº,Selectivity,Reactive Atom,bde_avg,gas_charge_C,gas_charge_H_max,Buried_Volume_C,Buried_Volume_H_max,DOI
0,Cc1nc2ccccc2o1,0,0.0,7,-0.3779559417903874,0.28457235750117893,-0.3224352208451149,-0.3670793827087101,-0.242259120316286,10.1021/ja412563e
1,Cc1nc2ccccc2o1,4,0.0,7,0.2052826277882559,-0.007337405237055203,0.18768363556349416,-0.008555721771873656,-0.1290218508344049,10.1021/ja412563e
2,Cc1nc2ccccc2o1,5,0.0,7,0.16307583428292668,-0.1848947759099451,0.1499386949916986,-0.05685615935611317,-0.17186740715394883,10.1021/ja412563e
3,Cc1nc2ccccc2o1,6,0.0,7,0.15996855268117352,-0.17555988676175377,0.15090239560204227,-0.05779779632736557,-0.17175671162413236,10.1021/ja412563e
4,Cc1nc2ccccc2o1,7,100.0,7,0.20930593688278723,0.09301265310600197,0.21338231850599343,-0.012525367827153258,-0.1327791125675989,10.1021/ja412563e
5,Cc1nc2cc(Br)ccc2o1,0,0.0,8,-0.3779559417903874,0.28457235750117893,-0.3224352208451149,-0.36661779595809624,-0.24202495669552035,10.1021/ja412563e
6,Cc1nc2cc(Br)ccc2o1,4,0.0,8,0.23738104396516596,0.08516875319675782,0.20695764777036865,0.10977665761550849,-0.00030210849953816554,10.1021/ja412563e
7,Cc1nc2cc(Br)ccc2o1,7,0.0,8,0.1890274230865924,-0.08292407708977141,0.1700157910405261,0.059943752019230696,-0.03511372386663223,10.1021/ja412563e
8,Cc1nc2cc(Br)ccc2o1,8,100.0,8,0.21349838632994333,0.10027312244348414,0.21402478557955587,-0.007835646440915953,-0.13243212465682797,10.1021/ja412563e
9,Cc1nc2ccccc2[nH]1,0,0.0,6,-0.3670000696915728,0.16263536800292924,-0.35086438885025456,-0.3670055288286119,-0.24159068961700947,10.1021/ja412563e
10,Cc1nc2ccccc2[nH]1,4,0.0,6,0.1959057974266661,-0.018746714195955746,0.18655931818476004,-0.005435395337723576,-0.12564989469537988,10.1021/ja412563e
11,Cc1nc2ccccc2[nH]1,5,0.0,6,0.1589431517448253,-0.18573750895804575,0.1499386949916986,-0.05700386711630967,-0.1720419654894287,10.1021/ja412563e
12,Cc1nc2ccccc2[nH]1,6,100.0,6,0.1561376930337983,-0.1861912882916384,0.1499386949916986,-0.058277846548004004,-0.17274871387210317,10.1021/ja412563e
13,Cc1nc2ccccc2[nH]1,7,0.0,6,0.17481903579702174,-0.032619396680073486,0.1852743840376349,-0.0111959979853852,-0.132989859826288,10.1021/ja412563e
14,Cc1cc2c(Cl)ccnc2[nH]1,0,0.0,6,-0.47312617786967814,0.044976869364267244,-0.3778480059398788,-0.35284404731977714,-0.22631683526252408,10.1021/ja412563e
15,Cc1cc2c(Cl)ccnc2[nH]1,2,0.0,6,0.33614386894773396,0.004590508674522661,0.19137782123647853,0.09709225370863815,0.025062069149757126,10.1021/ja412563e
16,Cc1cc2c(Cl)ccnc2[nH]1,6,100.0,6,0.23489553744061173,0.045430648697859885,0.2005329770347439,0.03411335745487626,-0.06505260716161244,10.1021/ja412563e
17,Cc1cc2c(Cl)ccnc2[nH]1,7,0.0,6,0.05023989444828181,0.40242533299709493,0.49976201654646885,-0.08765322735707333,-0.1970463826668204,10.1021/ja412563e
18,CCN(CC)C(=O)c1cc2ccccc2[nH]1,0,0.0,13,-0.1228566291098415,-0.10438135700679459,-0.452534803241517,-0.2443896243955327,-0.031654488559867265,10.1021/ja0631652
19,CCN(CC)C(=O)c1cc2ccccc2[nH]1,1,0.0,13,-0.3513202211010757,0.3196430174259812,-0.06287852312587296,0.05946370179859226,0.056452766893484156,10.1021/ja0631652
20,CCN(CC)C(=O)c1cc2ccccc2[nH]1,8,0.0,13,0.2973694890294154,0.05022774451012487,0.1987661925824471,0.19476401013854172,0.20945953422212438,10.1021/ja0631652
21,CCN(CC)C(=O)c1cc2ccccc2[nH]1,10,0.0,13,0.17365119039409316,-0.1393871913125122,0.16005755140030753,0.009981602132781077,-0.10938616685311242,10.1021/ja0631652
22,CCN(CC)C(=O)c1cc2ccccc2[nH]1,11,0.0,13,0.15754301228870415,-0.19578547991616838,0.1489749943813548,-0.0577054789772428,-0.17320639731269047,10.1021/ja0631652
23,CCN(CC)C(=O)c1cc2ccccc2[nH]1,12,0.0,13,0.15136112166214774,-0.1869691957206543,0.1499386949916986,-0.05837016389812688,-0.17233999191585767,10.1021/ja0631652
24,CCN(CC)C(=O)c1cc2ccccc2[nH]1,13,100.0,13,0.1776348541056182,-0.04325079820995811,0.18431068342729134,-0.007041717229859951,-0.12853862227155224,10.1021/ja0631652
25,CCOC(=O)c1c(C)[nH]c2ccccc12,0,0.0,10,-0.10153079984397838,0.00517393924628462,-0.4257118029202835,-0.3865768070546417,-0.18887620106228867,10.1021/ja0631652
26,CCOC(=O)c1c(C)[nH]c2ccccc12,1,0.0,10,-0.23815556326663004,0.7788028774026439,0.27907457677775693,-0.07530116591064503,-0.018847867264176046,10.1021/ja0631652
27,CCOC(=O)c1c(C)[nH]c2ccccc12,7,0.0,10,-0.47997088351765105,0.050422221367378874,-0.3773661556347069,-0.21763605632995045,-0.02110435306428122,10.1021/ja0631652
28,CCOC(=O)c1c(C)[nH]c2ccccc12,10,100.0,10,0.17528003788886354,-0.04318597259087343,0.18431068342729134,-0.0070601806998845254,-0.127944698178883,10.1021/ja0631652
29,CCOC(=O)c1c(C)[nH]c2ccccc12,11,0.0,10,0.15115930873257308,-0.1869691957206543,0.1499386949916986,-0.058868677588789886,-0.17259970065888863,10.1021/ja0631652
30,CCOC(=O)c1c(C)[nH]c2ccccc12,12,0.0,10,0.16385718700730162,-0.19559100305891441,0.1489749943813548,-0.05067089689788684,-0.17245068744567413,10.1021/ja0631652
31,CCOC(=O)c1c(C)[nH]c2ccccc12,13,0.0,10,0.19991217256363195,-0.13381218807123127,0.16053940170547942,0.10259436777595593,0.060716673551607474,10.1021/ja0631652
32,CCOC(=O)c1cccc(F)c1,0,0.0,8,-0.1027892917256399,0.00517393924628462,-0.4257118029202835,-0.4121671765086769,-0.2353661948250213,10.1021/jacs.6b13346
33,CCOC(=O)c1cccc(F)c1,1,0.0,8,-0.24677215854504422,0.7788028774026439,0.27907457677775693,-0.09965448287303501,-0.02394411915611168,10.1021/jacs.6b13346
34,CCOC(=O)c1cccc(F)c1,6,0.0,8,0.19106826380777978,-0.10477031072130258,0.16310926999972947,0.0907038930801416,0.05198875677761571,10.1021/jacs.6b13346
35,CCOC(=O)c1cccc(F)c1,7,0.0,8,0.15993647777331418,-0.1762081429526004,0.1507417788336516,-0.05384661374211054,-0.1747305896078558,10.1021/jacs.6b13346
36,CCOC(=O)c1cccc(F)c1,8,100.0,8,0.22151233194205608,0.032724827357266055,0.1982843422772752,-0.0027951191242120326,-0.11634082638985166,10.1021/jacs.6b13346
37,CCOC(=O)c1cccc(F)c1,11,0.0,8,0.23429986058036667,0.126786800649111,0.21290046820082154,0.14278934201941537,0.061497928540889056,10.1021/jacs.6b13346
38,Fc1cccc(C(F)(F)F)c1,2,100.0,2,0.22497741810601665,0.032595176119096736,0.1982843422772752,-0.0027951191242120326,-0.11604279996342262,10.1021/jacs.6b13346
39,Fc1cccc(C(F)(F)F)c1,3,0.0,2,0.16421917525314286,-0.1778936090488016,0.15058116206526106,-0.05377275986201224,-0.1744964259870902,10.1021/jacs.6b13346
40,Fc1cccc(C(F)(F)F)c1,4,0.0,2,0.20649370458873403,-0.11987467996802888,0.15877261725318262,0.10728408916219344,0.02895557153503285,10.1021/jacs.6b13346
41,Fc1cccc(C(F)(F)F)c1,10,0.0,2,0.2560862934920113,0.11168243140238471,0.20840319868588414,0.16764117267246836,0.08240022483450474,10.1021/jacs.6b13346
42,CN(C)S(=O)(=O)c1cccc(F)c1,0,0.0,9,-0.2969917023243051,0.21618132936686024,-0.1997240097946812,-0.14496383831329648,0.14208001672690862,10.1021/jacs.6b13346
43,CN(C)S(=O)(=O)c1cccc(F)c1,7,0.0,9,0.20645186775239577,-0.06866244089114572,0.1714613419560416,0.15096865924029376,0.09048312727129651,10.1021/jacs.6b13346
44,CN(C)S(=O)(=O)c1cccc(F)c1,8,0.0,9,0.16398767809207104,-0.1730316876174519,0.15106301237043296,-0.048326036204768184,-0.17576090953922469,10.1021/jacs.6b13346
45,CN(C)S(=O)(=O)c1cccc(F)c1,9,100.0,9,0.2296573663080288,0.03298412983360472,0.1982843422772752,-0.0019457995030824078,-0.11519981092866645,10.1021/jacs.6b13346
46,CN(C)S(=O)(=O)c1cccc(F)c1,12,0.0,9,0.25611916529199136,0.16276501924109854,0.22125254015713386,0.22461944116824947,0.18513632030514168,10.1021/jacs.6b13346
47,CCN(CC)C(=O)c1cccc(F)c1,0,0.0,10,-0.12349872493611903,-0.10438135700679459,-0.452534803241517,-0.2293603597955438,0.09180934486890546,10.1021/jacs.6b13346
48,CCN(CC)C(=O)c1cccc(F)c1,1,0.0,10,-0.36231553935986643,0.31925406371147325,-0.06287852312587296,0.14880843324742063,0.3006407193880719,10.1021/jacs.6b13346
49,CCN(CC)C(=O)c1cccc(F)c1,8,0.0,10,0.13875807354978595,-0.1162444452992878,0.16214556938938568,0.1696352274351204,0.08592119418674428,10.1021/jacs.6b13346
50,CCN(CC)C(=O)c1cccc(F)c1,9,0.0,10,0.1580735432180796,-0.17659709666710835,0.1507417788336516,-0.03115500908193066,-0.17061569616294714,10.1021/jacs.6b13346
51,CCN(CC)C(=O)c1cccc(F)c1,10,100.0,10,0.22151233194205608,0.032724827357266055,0.1982843422772752,0.0003067438399134731,-0.11672400322383182,10.1021/jacs.6b13346
52,CCN(CC)C(=O)c1cccc(F)c1,13,0.0,10,0.1840868911611018,0.11531266607112578,0.21177615082208717,0.21112264458029867,0.12489879324327774,10.1021/jacs.6b13346
53,Fc1cccc(-c2ccccc2)c1,2,100.0,2,0.22223969522525164,0.0326600017381814,0.1982843422772752,-0.00482610082691322,-0.11706034733365879,10.1021/jacs.6b13346
54,Fc1cccc(-c2ccccc2)c1,3,0.0,2,0.1564120231463593,-0.17776395781063228,0.1507417788336516,-0.05321885576127561,-0.1751158952020248,10.1021/jacs.6b13346
55,Fc1cccc(-c2ccccc2)c1,4,0.0,2,0.16281883657399154,-0.1482034755080263,0.1592544675583545,0.10488383805900096,0.03151008376156707,10.1021/jacs.6b13346
56,Fc1cccc(-c2ccccc2)c1,7,0.0,2,0.1352603148088755,-0.14949998788971952,0.15909385078996396,0.10506847275924651,0.031844299111205204,10.1021/jacs.6b13346
57,Fc1cccc(-c2ccccc2)c1,8,0.0,2,0.15161154501108687,-0.19662821296426902,0.1489749943813548,-0.05441898131287175,-0.1755373897194029,10.1021/jacs.6b13346
58,Fc1cccc(-c2ccccc2)c1,9,0.0,2,0.1528170435667199,-0.2003880988711794,0.14865376084457357,-0.06470313411654971,-0.1764804304830317,10.1021/jacs.6b13346
59,Fc1cccc(-c2ccccc2)c1,12,0.0,2,0.20363804167410113,0.08341846148147194,0.20888504899105603,0.16651490100097044,0.0877796018315479,10.1021/jacs.6b13346
60,Fc1cccc(-c2ccc3ccccc3c2)c1,2,100.0,2,0.22223969522525164,0.0326600017381814,0.1982843422772752,-0.004696856536741298,-0.1172710945923479,10.1021/jacs.6b13346
61,Fc1cccc(-c2ccc3ccccc3c2)c1,3,0.0,2,0.1564120231463593,-0.17776395781063228,0.1507417788336516,-0.05163099733916371,-0.17480509621446308,10.1021/jacs.6b13346
62,Fc1cccc(-c2ccc3ccccc3c2)c1,4,0.0,2,0.1626166251983565,-0.1482034755080263,0.1592544675583545,0.10689635629167768,0.034149746395652276,10.1021/jacs.6b13346
63,Fc1cccc(-c2ccc3ccccc3c2)c1,7,0.0,2,0.13966991735893028,-0.14535114826830117,0.15957570109513586,0.10793031061305285,0.03408801235017769,10.1021/jacs.6b13346
64,Fc1cccc(-c2ccc3ccccc3c2)c1,8,0.0,2,0.15035006478397261,-0.14554562512555513,0.15957570109513586,0.04386206962784206,-0.07904920540283077,10.1021/jacs.6b13346
65,Fc1cccc(-c2ccc3ccccc3c2)c1,10,0.0,2,0.15075110074372958,-0.14949998788971952,0.15909385078996396,0.03307940313350109,-0.07947069992020885,10.1021/jacs.6b13346
66,Fc1cccc(-c2ccc3ccccc3c2)c1,11,0.0,2,0.14532844908519785,-0.19649856172609964,0.1489749943813548,-0.05977338761999314,-0.17523936329297385,10.1021/jacs.6b13346
67,Fc1cccc(-c2ccc3ccccc3c2)c1,12,0.0,2,0.14628193050765026,-0.19649856172609964,0.1489749943813548,-0.05916409310918278,-0.175748136978092,10.1021/jacs.6b13346
68,Fc1cccc(-c2ccc3ccccc3c2)c1,13,0.0,2,0.15926708839190168,-0.1493703366515502,0.15909385078996396,0.03387333234455699,-0.07823176149033974,10.1021/jacs.6b13346
69,Fc1cccc(-c2ccc3ccccc3c2)c1,15,0.0,2,0.11906627157747794,-0.09841740005100567,0.1696945575037448,0.20475274742182678,0.12906264817252844,10.1021/jacs.6b13346
70,Fc1cccc(-c2ccc3ccccc3c2)c1,16,0.0,2,0.20393548165816328,0.08341846148147194,0.20888504899105603,0.1658871430201355,0.08833946576119665,10.1021/jacs.6b13346
71,COC(=O)C(C)c1cccc(F)c1,0,0.0,9,-0.183100876544845,0.7255810441341363,0.22430425875655557,-0.38973406042884084,-0.17171839394073432,10.1021/jacs.6b13346
72,COC(=O)C(C)c1cccc(F)c1,4,0.0,9,-0.5627825181426137,0.7159868525096064,-0.09789297863502804,0.3044554855544313,0.20276458342841602,10.1021/jacs.6b13346
73,COC(=O)C(C)c1cccc(F)c1,5,0.0,9,-0.1205575953415379,-0.1065854280556731,-0.4621718093449542,-0.19042090151375432,0.029042850702772797,10.1021/jacs.6b13346
74,COC(=O)C(C)c1cccc(F)c1,7,0.0,9,0.16319138364043242,-0.17283721076019792,0.15379349743307355,0.09208865333198338,-0.020757365153510277,10.1021/jacs.6b13346
75,COC(=O)C(C)c1cccc(F)c1,8,0.0,9,0.15060706249290776,-0.17983837762134147,0.15042054529687038,-0.057631625097144604,-0.17490514794333573,10.1021/jacs.6b13346
76,COC(=O)C(C)c1cccc(F)c1,9,100.0,9,0.22421040943981482,0.03253035050001208,0.1982843422772752,-0.004641466126667676,-0.11738179012216436,10.1021/jacs.6b13346
77,COC(=O)C(C)c1cccc(F)c1,12,0.0,9,0.21228471963007284,0.0587847262293003,0.20342407886577504,0.2688579153470866,0.2475685991216362,10.1021/jacs.6b13346
78,COc1cccc(F)c1,0,0.0,5,-0.22516960849025788,0.705485102217891,0.22237685753586822,-0.3766619236514549,-0.16956195986950176,10.1021/jacs.6b13346
79,COc1cccc(F)c1,3,0.0,5,0.16179981077460914,0.07486147976229654,0.21161553405369662,0.01720081891238258,-0.09786957423182105,10.1021/jacs.6b13346
80,COc1cccc(F)c1,4,0.0,5,0.14497821499813737,-0.15792731837072563,0.15250856328594842,-0.05916409310918278,-0.17418562699952858,10.1021/jacs.6b13346
81,COc1cccc(F)c1,5,100.0,5,0.24000640505690818,0.034150990977128634,0.1982843422772752,-0.005583103097920072,-0.1181374999891807,10.1021/jacs.6b13346
82,COc1cccc(F)c1,8,0.0,5,0.21165716708499863,0.30589998618003283,0.26172796579157004,0.1573570198687903,0.0877796018315479,10.1021/jacs.6b13346
83,CCOC(=O)c1ncccc1C,0,0.0,8,-0.1027892917256399,0.00517393924628462,-0.4257118029202835,-0.3329034996932562,-0.08700863974867339,10.1021/jacs.7b04490
84,CCOC(=O)c1ncccc1C,1,0.0,8,-0.2431638310223826,0.7791918311171518,0.27907457677775693,-0.10419649649907582,0.0008516795227797284,10.1021/jacs.7b04490
85,CCOC(=O)c1ncccc1C,7,0.0,8,0.03485927884911855,0.38323694974803485,0.4978346153257815,-0.07526423897059599,-0.19492613751879706,10.1021/jacs.7b04490
86,CCOC(=O)c1ncccc1C,8,100.0,8,0.17516628153862945,-0.07896971432560698,0.1749949108606352,-0.07465494445978563,-0.1809550843998441,10.1021/jacs.7b04490
87,CCOC(=O)c1ncccc1C,9,0.0,8,0.13384603051761143,-0.1559177241791011,0.15539966511697959,0.032765524143083626,-0.07381884161900201,10.1021/jacs.7b04490
88,CCOC(=O)c1ncccc1C,11,0.0,8,-0.39553219440518966,-0.039101958588539716,-0.40097682058812806,-0.19498137860981982,-0.04612154280280557,10.1021/jacs.7b04490
89,CCOC(=O)c1ccc2c(ccn2C)c1,0,0.0,11,-0.1027892917256399,0.00517393924628462,-0.4257118029202835,-0.4120933226285787,-0.23544070143162857,10.1021/jacs.7b04490
90,CCOC(=O)c1ccc2c(ccn2C)c1,1,0.0,11,-0.24677215854504422,0.7788028774026439,0.27907457677775693,-0.09769735505043202,-0.022345420254339058,10.1021/jacs.7b04490
91,CCOC(=O)c1ccc2c(ccn2C)c1,6,0.0,11,0.16864312186137076,-0.09238861747613208,0.16439420414685438,0.09960328563197787,0.06050592629291837,10.1021/jacs.7b04490
92,CCOC(=O)c1ccc2c(ccn2C)c1,7,0.0,11,0.1786664309559021,-0.036508933825153196,0.18479253373246302,0.07283125409637105,-0.012674462716718501,10.1021/jacs.7b04490
93,CCOC(=O)c1ccc2c(ccn2C)c1,10,0.0,11,0.3414583425008767,-0.033915909061766725,0.18495315050085379,-0.04323011847799054,-0.1413707886895087,10.1021/jacs.7b04490
94,CCOC(=O)c1ccc2c(ccn2C)c1,11,100.0,11,0.3054876282863135,0.23141534985175588,0.4623383095114544,-0.027720803657363218,-0.11037816910108322,10.1021/jacs.7b04490
95,CCOC(=O)c1ccc2c(ccn2C)c1,13,0.0,11,-0.3318694789952883,0.2756912476865802,-0.11186663748501201,-0.30024162121981585,-0.15493311985221625,10.1021/jacs.7b04490
96,CCOC(=O)c1ccc2c(ccn2C)c1,14,0.0,11,0.15712822993986464,-0.04500108992524399,0.17451306055546353,0.15756011803906053,0.07119230244058614,10.1021/jacs.7b04490
97,CCOC(=O)c1cccnc1C(=O)OCC,0,0.0,7,-0.1027892917256399,0.00517393924628462,-0.4257118029202835,-0.41316420389000297,-0.2367179575448956,10.1021/jacs.7b04490
98,CCOC(=O)c1cccnc1C(=O)OCC,1,0.0,7,-0.24160451236514582,0.7788028774026439,0.27907457677775693,-0.10015299656369803,-0.0005618172425691602,10.1021/jacs.7b04490
99,CCOC(=O)c1cccnc1C(=O)OCC,6,0.0,7,0.1687730152770496,-0.08000692423096158,0.16535790475719817,0.07960734759538327,0.029526079265625574,10.1021/jacs.7b04490
100,CCOC(=O)c1cccnc1C(=O)OCC,7,100.0,7,0.19008270747746797,-0.07508017718052727,0.17515552762902598,-0.07029756553399026,-0.18026110857830221,10.1021/jacs.7b04490
101,CCOC(=O)c1cccnc1C(=O)OCC,8,0.0,7,0.03561453335653961,0.3834962522243735,0.4978346153257815,-0.08196647858950991,-0.19932841358919093,10.1021/jacs.7b04490
102,CCOC(=O)c1cccnc1C(=O)OCC,14,0.0,7,-0.24316403024541278,0.7791918311171518,0.27907457677775693,-0.073307111147993,0.03685327183540101,10.1021/jacs.7b04490
103,CCOC(=O)c1cccnc1C(=O)OCC,15,0.0,7,-0.1027892917256399,0.00517393924628462,-0.4257118029202835,-0.27446661706553516,0.06987885740410987,10.1021/jacs.7b04490
104,CCOC(=O)c1cccc2cc[nH]c12,0,0.0,11,-0.1027892917256399,0.00517393924628462,-0.4257118029202835,-0.3352483603863749,-0.08946310024633486,10.1021/jacs.7b04490
105,CCOC(=O)c1cccc2cc[nH]c12,1,0.0,11,-0.23971866716144027,0.7788028774026439,0.27907457677775693,-0.10427035037917412,0.005053852135428462,10.1021/jacs.7b04490
106,CCOC(=O)c1cccc2cc[nH]c12,6,0.0,11,0.1853896105554638,-0.09199966376162412,0.16439420414685438,0.08970686569881559,0.02653729996058059,10.1021/jacs.7b04490
107,CCOC(=O)c1cccc2cc[nH]c12,7,0.0,11,0.16364063157349348,-0.1902104766748874,0.1494568446865267,-0.05065243342786226,-0.17223994018698502,10.1021/jacs.7b04490
108,CCOC(=O)c1cccc2cc[nH]c12,8,0.0,11,0.16211916529199133,-0.13919271445525822,0.16005755140030753,0.010572433173566858,-0.10995667458370502,10.1021/jacs.7b04490
109,CCOC(=O)c1cccc2cc[nH]c12,10,0.0,11,0.332728588541319,-0.03527724706254464,0.18495315050085379,-0.050283164027371076,-0.14210095343425969,10.1021/jacs.7b04490
110,CCOC(=O)c1cccc2cc[nH]c12,11,100.0,11,0.31840863635484623,0.21410690955615108,0.45864412383847025,-0.13144857825532108,-0.2193494031646523,10.1021/jacs.7b04490
111,CCCCCCN(CCCCCC)C(=O)c1ccccc1,0,0.0,18,-0.13839602546406005,-0.22080816888284796,-0.4814458215518286,-0.3402888877030788,-0.12815544543757207,10.1038/nchem.2322
112,CCCCCCN(CCCCCC)C(=O)c1ccccc1,1,0.0,18,-0.21870063747720878,-0.16110377370587406,-0.42796043767775216,-0.1194473227393595,-0.05771477079089304,10.1038/nchem.2322
113,CCCCCCN(CCCCCC)C(=O)c1ccccc1,2,0.0,18,-0.21307796589637404,-0.14379533341026923,-0.4236237849312054,-0.017399723913636107,0.0373599167603302,10.1038/nchem.2322
114,CCCCCCN(CCCCCC)C(=O)c1ccccc1,3,0.0,18,-0.23074904867354307,-0.13167294264143742,-0.42233885078408046,0.04847793713398117,0.16014254692869384,10.1038/nchem.2322
115,CCCCCCN(CCCCCC)C(=O)c1ccccc1,4,0.0,18,-0.21237032569316655,-0.026655439724284576,-0.394230916315722,0.07626545952093859,0.17452445076408105,10.1038/nchem.2322
116,CCCCCCN(CCCCCC)C(=O)c1ccccc1,5,0.0,18,-0.3450022611449048,0.337729365150602,-0.058220636842544894,0.14930694693808386,0.17488421123598466,10.1038/nchem.2322
117,CCCCCCN(CCCCCC)C(=O)c1ccccc1,16,0.0,18,0.10776554441341778,-0.11760578330006569,0.1619849526209951,0.16180671614470846,0.07232054534063878,10.1038/nchem.2322
118,CCCCCCN(CCCCCC)C(=O)c1ccccc1,17,48.888888888888886,18,0.15489952190121536,-0.19546135182074506,0.1489749943813548,-0.023252643911420505,-0.17264866214323055,10.1038/nchem.2322
119,CCCCCCN(CCCCCC)C(=O)c1ccccc1,18,51.111111111111114,18,0.15190400441939447,-0.20032327325209473,0.14865376084457357,0.0015437963315587603,-0.13077169170958075,10.1038/nchem.2322
120,CCCCCCN(CCCCCC)C(=O)c1ccccc1OC,0,0.0,18,-0.13839602546406005,-0.22080816888284796,-0.4814458215518286,-0.3912296015008299,-0.22040313945809756,10.1038/nchem.2322
121,CCCCCCN(CCCCCC)C(=O)c1ccccc1OC,1,0.0,18,-0.21870063747720878,-0.16110377370587406,-0.42796043767775216,-0.06169358850254698,0.042060219257153,10.1038/nchem.2322
122,CCCCCCN(CCCCCC)C(=O)c1ccccc1OC,2,0.0,18,-0.21307796589637404,-0.14379533341026923,-0.4236237849312054,-0.01719662574336599,0.03707679165522268,10.1038/nchem.2322
123,CCCCCCN(CCCCCC)C(=O)c1ccccc1OC,3,0.0,18,-0.23074904867354307,-0.13167294264143742,-0.42233885078408046,-0.008648039121996428,0.03837746413056638,10.1038/nchem.2322
124,CCCCCCN(CCCCCC)C(=O)c1ccccc1OC,4,0.0,18,-0.21237032569316655,-0.026655439724284576,-0.394230916315722,0.15743087374888862,0.29007994009154175,10.1038/nchem.2322
125,CCCCCCN(CCCCCC)C(=O)c1ccccc1OC,5,0.0,18,-0.34201630636853264,0.337729365150602,-0.058220636842544894,0.167696563082542,0.17659360566757376,10.1038/nchem.2322
126,CCCCCCN(CCCCCC)C(=O)c1ccccc1OC,16,0.0,18,0.19002712425204712,-0.09310169928606336,0.16439420414685438,0.17247860181890207,0.0854507381850243,10.1038/nchem.2322
127,CCCCCCN(CCCCCC)C(=O)c1ccccc1OC,17,32.5,18,0.17372111767768714,-0.19371106010545916,0.14913561114974547,-0.03381374876546678,-0.17271039618870512,10.1038/nchem.2322
128,CCCCCCN(CCCCCC)C(=O)c1ccccc1OC,18,67.5,18,0.14443851980937356,-0.17640261980985436,0.15090239560204227,-0.04817832844457169,-0.17416221063745205,10.1038/nchem.2322
129,CCCCCCN(CCCCCC)C(=O)c1ccccc1OC,19,0.0,18,0.14847756752328928,0.07894549376463025,0.21209738435886852,0.11642350682434868,0.031088589244188867,10.1038/nchem.2322
130,CCCCCCN(CCCCCC)C(=O)c1ccccc1OC,22,0.0,18,-0.20924451634960642,0.7057444046942295,0.22237685753586822,-0.3358945818372344,-0.14800400543774236,10.1038/nchem.2322
131,CCCCCCN(CCCCCC)C(=O)c1ccccc1Br,0,0.0,18,-0.13839602546406005,-0.22080816888284796,-0.4814458215518286,-0.33849793111069676,-0.12415124752247976,10.1038/nchem.2322
132,CCCCCCN(CCCCCC)C(=O)c1ccccc1Br,1,0.0,18,-0.21870063747720878,-0.16110377370587406,-0.42796043767775216,-0.11710246204624075,-0.05809794762487319,10.1038/nchem.2322
133,CCCCCCN(CCCCCC)C(=O)c1ccccc1Br,2,0.0,18,-0.21307796589637404,-0.14379533341026923,-0.4236237849312054,0.04906876817476695,0.1510059081984567,10.1038/nchem.2322
134,CCCCCCN(CCCCCC)C(=O)c1ccccc1Br,3,0.0,18,-0.23074904867354307,-0.13167294264143742,-0.42233885078408046,0.047443982812606,0.13720941341498363,10.1038/nchem.2322
135,CCCCCCN(CCCCCC)C(=O)c1ccccc1Br,4,0.0,18,-0.21237032569316655,-0.026655439724284576,-0.394230916315722,0.0839093361111049,0.1836738620554509,10.1038/nchem.2322
136,CCCCCCN(CCCCCC)C(=O)c1ccccc1Br,5,0.0,18,-0.34201630636853264,0.337729365150602,-0.058220636842544894,0.2412734911303992,0.31843076828569333,10.1038/nchem.2322
137,CCCCCCN(CCCCCC)C(=O)c1ccccc1Br,16,0.0,18,0.16335773487063462,-0.11015083710532954,0.16278803646294812,0.14317707488993095,0.06889962771727176,10.1038/nchem.2322
138,CCCCCCN(CCCCCC)C(=O)c1ccccc1Br,17,31.95876288659794,18,0.16693558126967836,-0.19494274686806778,0.1489749943813548,-0.04407943809912017,-0.17487960282107035,10.1038/nchem.2322
139,CCCCCCN(CCCCCC)C(=O)c1ccccc1Br,18,68.04123711340206,18,0.1541285287744099,-0.19306280391461259,0.14929622791813604,-0.05777933285734099,-0.17597165679791366,10.1038/nchem.2322
140,CCCCCCN(CCCCCC)C(=O)c1ccccc1Br,19,0.0,18,0.17433492383367877,-0.10269589091059339,0.16808838981983854,0.07331130431700958,-0.04144891418843686,10.1038/nchem.2322
141,CCCCCCN(CCCCCC)C(=O)c1ccccc1Cl,0,0.0,18,-0.13839602546406005,-0.22080816888284796,-0.4814458215518286,-0.23790894641691346,0.19686366018512214,10.1038/nchem.2322
142,CCCCCCN(CCCCCC)C(=O)c1ccccc1Cl,1,0.0,18,-0.21870063747720878,-0.16110377370587406,-0.42796043767775216,-0.055452935634246914,0.08190422371051939,10.1038/nchem.2322
143,CCCCCCN(CCCCCC)C(=O)c1ccccc1Cl,2,0.0,18,-0.21307796589637404,-0.14379533341026923,-0.4236237849312054,0.025915576763973214,0.033951771698095976,10.1038/nchem.2322
144,CCCCCCN(CCCCCC)C(=O)c1ccccc1Cl,3,0.0,18,-0.23074904867354307,-0.13167294264143742,-0.42233885078408046,0.3303966609389331,0.5991056704159436,10.1038/nchem.2322
145,CCCCCCN(CCCCCC)C(=O)c1ccccc1Cl,4,0.0,18,-0.21237032569316655,-0.026655439724284576,-0.394230916315722,0.10115421711404053,0.1402961156887124,10.1038/nchem.2322
146,CCCCCCN(CCCCCC)C(=O)c1ccccc1Cl,5,0.0,18,-0.34201630636853264,0.337729365150602,-0.058220636842544894,0.26405741314070186,0.42373414854399716,10.1038/nchem.2322
147,CCCCCCN(CCCCCC)C(=O)c1ccccc1Cl,16,0.0,18,0.1781510409768205,-0.10775228919919706,0.1629486532313387,0.18854182074026624,0.17881390254446972,10.1038/nchem.2322
148,CCCCCCN(CCCCCC)C(=O)c1ccccc1Cl,17,38.38383838383838,18,0.16827575459371463,-0.19481309562989846,0.14913561114974547,-0.03929739936276009,-0.17345546225477762,10.1038/nchem.2322
149,CCCCCCN(CCCCCC)C(=O)c1ccccc1Cl,18,61.61616161616162,18,0.15754181695052308,-0.19072908162756474,0.1494568446865267,-0.05750238080697268,-0.17509035007975945,10.1038/nchem.2322
150,CCCCCCN(CCCCCC)C(=O)c1ccccc1Cl,19,0.0,18,0.1882781452700768,-0.07384849041791866,0.17435244378707274,0.08935605976834916,-0.01294694402088218,10.1038/nchem.2322
151,CCCCCCN(CCCCCC)C(=O)c1ccccc1C(F)(F)F,0,0.0,17,-0.13839602546406005,-0.22080816888284796,-0.4814458215518286,-0.28914507573505754,-0.034692229349254027,10.1038/nchem.2322
152,CCCCCCN(CCCCCC)C(=O)c1ccccc1C(F)(F)F,1,0.0,17,-0.21870063747720878,-0.16110377370587406,-0.42796043767775216,-0.09145670218213196,-0.05458975083376633,10.1038/nchem.2322
153,CCCCCCN(CCCCCC)C(=O)c1ccccc1C(F)(F)F,2,0.0,17,-0.21307796589637404,-0.14379533341026923,-0.4236237849312054,0.10554852297988504,0.2857032091434134,10.1038/nchem.2322
154,CCCCCCN(CCCCCC)C(=O)c1ccccc1C(F)(F)F,3,0.0,17,-0.23074904867354307,-0.13167294264143742,-0.42233885078408046,0.21627395271714983,0.4219247023835354,10.1038/nchem.2322
155,CCCCCCN(CCCCCC)C(=O)c1ccccc1C(F)(F)F,4,0.0,17,-0.21237032569316655,-0.026655439724284576,-0.394230916315722,0.18656622944763865,0.22098889940454844,10.1038/nchem.2322
156,CCCCCCN(CCCCCC)C(=O)c1ccccc1C(F)(F)F,5,0.0,17,-0.34201630636853264,0.337729365150602,-0.058220636842544894,0.24230744545177438,0.33265088634673345,10.1038/nchem.2322
157,CCCCCCN(CCCCCC)C(=O)c1ccccc1C(F)(F)F,16,0.0,17,0.16357568486565405,-0.11358659491681665,0.16230618615777623,0.21474148470511165,0.18952582381440286,10.1038/nchem.2322
158,CCCCCCN(CCCCCC)C(=O)c1ccccc1C(F)(F)F,17,100.0,17,0.15851960358265774,-0.1952668749634911,0.1489749943813548,-0.018802947635502467,-0.16196228599556264,10.1038/nchem.2322
159,CCCCCCN(CCCCCC)C(=O)c1ccccc1C(F)(F)F,18,0.0,17,0.17215641999863543,-0.196433736107015,0.14881437761296426,-0.05087399506815696,-0.17593333911451572,10.1038/nchem.2322
160,CCCCCCN(CCCCCC)C(=O)c1ccccc1C(F)(F)F,19,0.0,17,0.17049489992691513,-0.11592031720386449,0.15909385078996396,0.12379043136414679,0.030492536391330895,10.1038/nchem.2322
161,CCCCCCN(CCCCCC)C(=O)c1ccccc1OC(F)(F)F,0,0.0,18,-0.13839602546406005,-0.22080816888284796,-0.4814458215518286,-0.2818889320154069,-0.02989400388374744,10.1038/nchem.2322
162,CCCCCCN(CCCCCC)C(=O)c1ccccc1OC(F)(F)F,1,0.0,18,-0.21870063747720878,-0.16110377370587406,-0.42796043767775216,-0.09989450798335418,-0.06005640699854932,10.1038/nchem.2322
163,CCCCCCN(CCCCCC)C(=O)c1ccccc1OC(F)(F)F,2,0.0,18,-0.21307796589637404,-0.14379533341026923,-0.4236237849312054,0.07519457825951427,0.2951251017389469,10.1038/nchem.2322
164,CCCCCCN(CCCCCC)C(=O)c1ccccc1OC(F)(F)F,3,0.0,18,-0.23074904867354307,-0.13167294264143742,-0.42233885078408046,0.1850891518456741,0.46236475968975954,10.1038/nchem.2322
165,CCCCCCN(CCCCCC)C(=O)c1ccccc1OC(F)(F)F,4,0.0,18,-0.21237032569316655,-0.026655439724284576,-0.394230916315722,0.29548223912249694,0.6555391030204605,10.1038/nchem.2322
166,CCCCCCN(CCCCCC)C(=O)c1ccccc1OC(F)(F)F,5,0.0,18,-0.34201630636853264,0.337729365150602,-0.058220636842544894,0.27177514361096655,0.48257095140164474,10.1038/nchem.2322
167,CCCCCCN(CCCCCC)C(=O)c1ccccc1OC(F)(F)F,16,0.0,18,0.17815323243015252,-0.09303687366697871,0.16439420414685438,0.117494388085773,0.015776417206305442,10.1038/nchem.2322
168,CCCCCCN(CCCCCC)C(=O)c1ccccc1OC(F)(F)F,17,20.2020202020202,18,0.17372111767768714,-0.19371106010545916,0.14913561114974547,-0.05188948591950755,-0.17578645466148993,10.1038/nchem.2322
169,CCCCCCN(CCCCCC)C(=O)c1ccccc1OC(F)(F)F,18,79.79797979797979,18,0.14317285589862547,-0.17640261980985436,0.15090239560204227,-0.03830037198143397,-0.17145868519770333,10.1038/nchem.2322
170,CCCCCCN(CCCCCC)C(=O)c1ccccc1OC(F)(F)F,19,0.0,18,0.14274472560676374,0.08153851852801675,0.21209738435886852,0.20342337758005863,0.17530570575336274,10.1038/nchem.2322
171,CCCCCCN(CCCCCC)C(=O)c1ccccc1C(=O)OC,0,0.0,17,-0.13839602546406005,-0.22080816888284796,-0.4814458215518286,-0.3950330763258886,-0.21632443493639808,10.1038/nchem.2322
172,CCCCCCN(CCCCCC)C(=O)c1ccccc1C(=O)OC,1,0.0,17,-0.21870063747720878,-0.16110377370587406,-0.42796043767775216,-0.09051506521087957,0.045059642363141944,10.1038/nchem.2322
173,CCCCCCN(CCCCCC)C(=O)c1ccccc1C(=O)OC,2,0.0,17,-0.21307796589637404,-0.14379533341026923,-0.4236237849312054,0.07050485687327697,0.2652479524894413,10.1038/nchem.2322
174,CCCCCCN(CCCCCC)C(=O)c1ccccc1C(=O)OC,3,0.0,17,-0.23074904867354307,-0.13167294264143742,-0.42233885078408046,0.2306569958662794,0.5230855153144761,10.1038/nchem.2322
175,CCCCCCN(CCCCCC)C(=O)c1ccccc1C(=O)OC,4,0.0,17,-0.21237032569316655,-0.026655439724284576,-0.394230916315722,0.22478561239847034,0.5435407719684485,10.1038/nchem.2322
176,CCCCCCN(CCCCCC)C(=O)c1ccccc1C(=O)OC,5,0.0,17,-0.34201630636853264,0.337729365150602,-0.058220636842544894,0.25837066437313855,0.27600883524371644,10.1038/nchem.2322
177,CCCCCCN(CCCCCC)C(=O)c1ccccc1C(=O)OC,16,0.0,17,0.1354649168608727,-0.11183630320153078,0.162466802926167,0.16634872977074935,0.08766890630173142,10.1038/nchem.2322
178,CCCCCCN(CCCCCC)C(=O)c1ccccc1C(=O)OC,17,100.0,17,0.16020323741072826,-0.19513722372532177,0.1489749943813548,-0.03503233778708749,-0.17377690504328308,10.1038/nchem.2322
179,CCCCCCN(CCCCCC)C(=O)c1ccccc1C(=O)OC,18,0.0,17,0.1592172826343561,-0.19474827001081377,0.14913561114974547,-0.04834449967479266,-0.17595888423678097,10.1038/nchem.2322
180,CCCCCCN(CCCCCC)C(=O)c1ccccc1C(=O)OC,19,0.0,17,0.16446561414147834,-0.10081594795713819,0.16359112030490136,0.12094705698036512,0.0329342243278598,10.1038/nchem.2322
181,CCCCCCN(CCCCCC)C(=O)c1ccccc1C(=O)OC,24,0.0,17,-0.1884842812664308,0.7277851151830148,0.22446487552494615,-0.37791743961312474,-0.08999529029352953,10.1038/nchem.2322
182,CN1Cc2ccccc2C1=O,0,0.0,6,-0.35801949393701554,0.2668749634910661,-0.1168457573051212,-0.30458053667558666,-0.16576850921309855,10.1038/nchem.2322
183,CN1Cc2ccccc2C1=O,2,0.0,6,-0.6585416574991233,0.5038126012455068,0.024175765341843094,0.019933412476016894,-0.014707428697002008,10.1038/nchem.2322
184,CN1Cc2ccccc2C1=O,4,0.0,6,0.15814167749440194,-0.16291889104024462,0.15475719804341712,0.015594497020246205,-0.10255497540732245,10.1038/nchem.2322
185,CN1Cc2ccccc2C1=O,5,48.148148148148145,6,0.15150954281963352,-0.19811920220321622,0.14881437761296426,-0.05888714105881436,-0.17326813135816505,10.1038/nchem.2322
186,CN1Cc2ccccc2C1=O,6,51.851851851851855,6,0.15798389285449757,-0.19533170058257573,0.1489749943813548,-0.05875789676864254,-0.173864184211023,10.1038/nchem.2322
187,CN1Cc2ccccc2C1=O,7,0.0,6,0.20634906866882172,-0.11533688663210252,0.16230618615777623,0.04142489158460064,-0.05141576939229762,10.1038/nchem.2322
188,CN(C)C(=O)c1ccccc1,0,0.0,8,-0.3583840720822491,0.26233717015513974,-0.1173276076102931,-0.27496513075619816,-0.10747666896377818,10.1038/nchem.2322
189,CN(C)C(=O)c1ccccc1,6,0.0,8,0.10817315473317074,-0.11760578330006569,0.1619849526209951,0.15298117747297046,0.08073979188725754,10.1038/nchem.2322
190,CN(C)C(=O)c1ccccc1,7,42.028985507246375,8,0.15489972112424555,-0.19546135182074506,0.1489749943813548,-0.03800495646104108,-0.17126071050014702,10.1038/nchem.2322
191,CN(C)C(=O)c1ccccc1,8,57.971014492753625,8,0.15190420364242466,-0.20032327325209473,0.14865376084457357,-0.06215517525316094,-0.1763186447086846,10.1038/nchem.2322
192,O=C(c1ccccc1)N1CCCCC1,3,0.0,5,0.10833950596337295,-0.11760578330006569,0.1619849526209951,0.15661848106780812,0.08361574690229721,10.1038/nchem.2322
193,O=C(c1ccccc1)N1CCCCC1,4,42.857142857142854,5,0.1540623867283894,-0.19546135182074506,0.1489749943813548,-0.036878684789543134,-0.1711606587712744,10.1038/nchem.2322
194,O=C(c1ccccc1)N1CCCCC1,5,57.142857142857146,5,0.15190420364242466,-0.20032327325209473,0.14865376084457357,-0.06187822320279252,-0.17567363037148473,10.1038/nchem.2322
195,O=C(c1ccccc1)N1CCCCC1,9,0.0,5,-0.36434542281439375,0.337729365150602,-0.058220636842544894,0.09755384045925222,0.05955224172834561,10.1038/nchem.2322
196,O=C(c1ccccc1)N1CCCCC1,10,0.0,5,-0.1585408606070026,-0.026266486009776574,-0.394230916315722,-0.019504559496435595,-0.029038242287858472,10.1038/nchem.2322
197,O=C(c1ccccc1)N1CCCCC1,11,0.0,5,-0.20321124610356597,-0.12071741301612948,-0.4213751501737367,-0.015885719371622507,0.11010816745164514,10.1038/nchem.2322
198,O=C(c1ccccc1Br)N1CCOCC1,3,0.0,5,0.1604986851644886,-0.1100860114862449,0.16278803646294812,0.12314420991328738,0.02192640539168646,10.1038/nchem.2322
199,O=C(c1ccccc1Br)N1CCOCC1,4,40.0,5,0.16803150715871112,-0.19494274686806778,0.1489749943813548,-0.049193819295922286,-0.17593333911451572,10.1038/nchem.2322
200,O=C(c1ccccc1Br)N1CCOCC1,5,60.0,5,0.1541287279974401,-0.19306280391461259,0.14929622791813604,-0.05800089449763569,-0.1752265907318413,10.1038/nchem.2322
201,O=C(c1ccccc1Br)N1CCOCC1,6,0.0,5,0.17532207394823202,-0.10269589091059339,0.16808838981983854,0.06727374961897954,-0.043047613090209484,10.1038/nchem.2322
202,O=C(c1ccccc1Br)N1CCOCC1,10,0.0,5,-0.3442322641332502,0.49084747742857426,-0.019190762123624323,0.09000228121920857,0.07369785318277847,10.1038/nchem.2322
203,O=C(c1ccccc1Br)N1CCOCC1,11,0.0,5,-0.2531731945048012,0.6199801106452214,0.08874370623487238,-0.031671986242618244,0.13937862004734886,10.1038/nchem.2322
204,O=C(c1ccccc1)N1CCCCCC1,3,0.0,4,0.10833910751731259,-0.11760578330006569,0.1619849526209951,0.13398226681770187,0.073201852058793,10.1038/nchem.2322
205,O=C(c1ccccc1)N1CCCCCC1,4,52.54237288135593,4,0.15406218750535922,-0.19546135182074506,0.1489749943813548,-0.05222182837994959,-0.17564808524921938,10.1038/nchem.2322
206,O=C(c1ccccc1)N1CCCCCC1,5,47.45762711864407,4,0.1519038051963643,-0.20032327325209473,0.14865376084457357,-0.061490490332276854,-0.17588437763017384,10.1038/nchem.2322
207,O=C(c1ccccc1)N1CCCCCC1,9,0.0,4,-0.36434562203742393,0.337729365150602,-0.058220636842544894,0.13959516170516711,0.09200731956646188,10.1038/nchem.2322
208,O=C(c1ccccc1)N1CCCCCC1,10,0.0,4,-0.23637391170770983,-0.026655439724284576,-0.394230916315722,0.04515451252956097,0.02240963395453912,10.1038/nchem.2322
209,O=C(c1ccccc1)N1CCCCCC1,11,0.0,4,-0.25332081877016627,-0.13121916330784478,-0.42233885078408046,0.08178603705828096,0.32766745874480296,10.1038/nchem.2322
210,CCCCCCN(CCCCCC)C(=O)c1cccc(F)c1,0,0.0,17,-0.13839602546406005,-0.22080816888284796,-0.4814458215518286,-0.39025103758952845,-0.19780209253383674,10.1038/nchem.2322
211,CCCCCCN(CCCCCC)C(=O)c1cccc(F)c1,1,0.0,17,-0.21870063747720878,-0.16110377370587406,-0.42796043767775216,-0.030305689460801036,0.23214786031412502,10.1038/nchem.2322
212,CCCCCCN(CCCCCC)C(=O)c1cccc(F)c1,2,0.0,17,-0.21307796589637404,-0.14379533341026923,-0.4236237849312054,0.1285355431604577,0.3245935290322069,10.1038/nchem.2322
213,CCCCCCN(CCCCCC)C(=O)c1cccc(F)c1,3,0.0,17,-0.23074904867354307,-0.13167294264143742,-0.42233885078408046,0.202574057958929,0.5761576355809118,10.1038/nchem.2322
214,CCCCCCN(CCCCCC)C(=O)c1cccc(F)c1,4,0.0,17,-0.21237032569316655,-0.026655439724284576,-0.394230916315722,0.21415065366432587,0.4363044774587338,10.1038/nchem.2322
215,CCCCCCN(CCCCCC)C(=O)c1cccc(F)c1,5,0.0,17,-0.3450022611449048,0.337729365150602,-0.058220636842544894,0.28161617313405507,0.27545110007425627,10.1038/nchem.2322
216,CCCCCCN(CCCCCC)C(=O)c1cccc(F)c1,16,0.0,17,0.13875787432675576,-0.1162444452992878,0.16214556938938568,0.18412905140439723,0.124973299849885,10.1038/nchem.2322
217,CCCCCCN(CCCCCC)C(=O)c1cccc(F)c1,17,50.0,17,0.1580735432180796,-0.17659709666710835,0.1507417788336516,-0.02310493615122411,-0.16828470375623472,10.1038/nchem.2322
218,CCCCCCN(CCCCCC)C(=O)c1cccc(F)c1,18,50.0,17,0.22151233194205608,0.032724827357266055,0.1982843422772752,0.009316917211896996,-0.11677509346836243,10.1038/nchem.2322
219,CCCCCCN(CCCCCC)C(=O)c1cccc(F)c1,21,0.0,17,0.18408669193807162,0.11531266607112578,0.21177615082208717,0.2453908449458754,0.14620981149313894,10.1038/nchem.2322
220,CCCCCCN(CCCCCC)C(=O)c1cccc(Br)c1,0,0.0,17,-0.13839602546406005,-0.22080816888284796,-0.4814458215518286,-0.39117421109075623,-0.2204904186258375,10.1038/nchem.2322
221,CCCCCCN(CCCCCC)C(=O)c1cccc(Br)c1,1,0.0,17,-0.21870063747720878,-0.16110377370587406,-0.42796043767775216,0.0006390863003555135,0.18255839171653093,10.1038/nchem.2322
222,CCCCCCN(CCCCCC)C(=O)c1cccc(Br)c1,2,0.0,17,-0.21307796589637404,-0.14379533341026923,-0.4236237849312054,0.02107814761753941,0.04098093784144237,10.1038/nchem.2322
223,CCCCCCN(CCCCCC)C(=O)c1cccc(Br)c1,3,0.0,17,-0.23074904867354307,-0.13167294264143742,-0.42233885078408046,0.2425843975021427,0.5413481489740065,10.1038/nchem.2322
224,CCCCCCN(CCCCCC)C(=O)c1cccc(Br)c1,4,0.0,17,-0.21237032569316655,-0.026655439724284576,-0.394230916315722,0.18106411538032088,0.34494873395730663,10.1038/nchem.2322
225,CCCCCCN(CCCCCC)C(=O)c1cccc(Br)c1,5,0.0,17,-0.3450022611449048,0.337729365150602,-0.058220636842544894,0.21872959423041594,0.39617521914007126,10.1038/nchem.2322
226,CCCCCCN(CCCCCC)C(=O)c1cccc(Br)c1,16,0.0,17,0.13535773487063463,-0.11708717834738841,0.16214556938938568,0.1457988876334181,0.05325324032975019,10.1038/nchem.2322
227,CCCCCCN(CCCCCC)C(=O)c1cccc(Br)c1,17,100.0,17,0.15737347349001904,-0.18820088248326292,0.1496174614549174,-0.03817112769126215,-0.17364066439120135,10.1038/nchem.2322
228,CCCCCCN(CCCCCC)C(=O)c1cccc(Br)c1,18,0.0,17,0.18245724677421069,-0.10768746358011237,0.1677671562830574,0.05451549183201111,-0.044857059250671204,10.1038/nchem.2322
229,CCCCCCN(CCCCCC)C(=O)c1cccc(Br)c1,21,0.0,17,0.14447099316329326,-0.02496997362808334,0.1812589648278694,0.3293996335576071,0.3085384196884399,10.1038/nchem.2322
230,CCCCCCN(CCCCCC)C(=O)c1cccc(-c2ccccc2)c1,0,0.0,17,-0.13839602546406005,-0.22080816888284796,-0.4814458215518286,-0.24913473619184373,0.1450815685930863,10.1038/nchem.2322
231,CCCCCCN(CCCCCC)C(=O)c1cccc(-c2ccccc2)c1,1,0.0,17,-0.21870063747720878,-0.16110377370587406,-0.42796043767775216,-0.014888691990296486,0.046485911689623516,10.1038/nchem.2322
232,CCCCCCN(CCCCCC)C(=O)c1cccc(-c2ccccc2)c1,2,0.0,17,-0.21307796589637404,-0.14379533341026923,-0.4236237849312054,0.3000427162185623,0.7577408796837141,10.1038/nchem.2322
233,CCCCCCN(CCCCCC)C(=O)c1cccc(-c2ccccc2)c1,3,0.0,17,-0.23074904867354307,-0.13167294264143742,-0.42233885078408046,0.10639784260101467,0.17690440465513538,10.1038/nchem.2322
234,CCCCCCN(CCCCCC)C(=O)c1cccc(-c2ccccc2)c1,4,0.0,17,-0.21237032569316655,-0.026655439724284576,-0.394230916315722,0.20630367890388943,0.46279902676827056,10.1038/nchem.2322
235,CCCCCCN(CCCCCC)C(=O)c1cccc(-c2ccccc2)c1,5,0.0,17,-0.3450022611449048,0.337729365150602,-0.058220636842544894,0.2984917847364997,0.5499270525347839,10.1038/nchem.2322
236,CCCCCCN(CCCCCC)C(=O)c1cccc(-c2ccccc2)c1,16,0.0,17,0.12490510014606047,-0.1172816552046424,0.16214556938938568,0.23796852999600368,0.12404303164738889,10.1038/nchem.2322
237,CCCCCCN(CCCCCC)C(=O)c1cccc(-c2ccccc2)c1,17,100.0,17,0.1606449148686424,-0.19150698905658065,0.1494568446865267,0.06864004640079675,-0.11278153935421407,10.1038/nchem.2322
238,CCCCCCN(CCCCCC)C(=O)c1cccc(-c2ccccc2)c1,18,0.0,17,0.14856741710990148,-0.14917585979429623,0.15909385078996396,0.21699402804810752,0.10110776937348982,10.1038/nchem.2322
239,CCCCCCN(CCCCCC)C(=O)c1cccc(-c2ccccc2)c1,21,0.0,17,0.13526051403190567,-0.14949998788971952,0.15909385078996396,0.2089254916473764,0.2797533244157776,10.1038/nchem.2322
240,CCCCCCN(CCCCCC)C(=O)c1cccc(-c2ccccc2)c1,22,0.0,17,0.15161154501108687,-0.19662821296426902,0.1489749943813548,-0.02973332189003983,-0.14826371418077336,10.1038/nchem.2322
241,CCCCCCN(CCCCCC)C(=O)c1cccc(-c2ccccc2)c1,23,0.0,17,0.1528170435667199,-0.2003880988711794,0.14865376084457357,-0.06422308389591116,-0.17628032702528654,10.1038/nchem.2322
242,CCCCCCN(CCCCCC)C(=O)c1cccc(-c2ccccc2)c1,26,0.0,17,0.110473981508746,-0.06652319546135184,0.17258565933477593,0.4034012214160292,0.31165066708443395,10.1038/nchem.2322
243,CCCCCCN(CCCCCC)C(=O)c1cccc(C#N)c1,0,0.0,17,-0.13839602546406005,-0.22080816888284796,-0.4814458215518286,-0.30033393856993873,-0.04612154280280557,10.1038/nchem.2322
244,CCCCCCN(CCCCCC)C(=O)c1cccc(C#N)c1,1,0.0,17,-0.21870063747720878,-0.16110377370587406,-0.42796043767775216,0.014837494749239353,0.26941393617888065,10.1038/nchem.2322
245,CCCCCCN(CCCCCC)C(=O)c1cccc(C#N)c1,2,0.0,17,-0.21307796589637404,-0.14379533341026923,-0.4236237849312054,0.048164058143563705,0.07119230244058614,10.1038/nchem.2322
246,CCCCCCN(CCCCCC)C(=O)c1cccc(C#N)c1,3,0.0,17,-0.23074904867354307,-0.13167294264143742,-0.42233885078408046,0.04310506735683521,0.048531650231039586,10.1038/nchem.2322
247,CCCCCCN(CCCCCC)C(=O)c1cccc(C#N)c1,4,0.0,17,-0.21237032569316655,-0.026655439724284576,-0.394230916315722,0.1717215995478952,0.37879389219869525,10.1038/nchem.2322
248,CCCCCCN(CCCCCC)C(=O)c1cccc(C#N)c1,5,0.0,17,-0.3450022611449048,0.337729365150602,-0.058220636842544894,0.24703409377806082,0.3655295874624165,10.1038/nchem.2322
249,CCCCCCN(CCCCCC)C(=O)c1cccc(C#N)c1,16,0.0,17,0.12945176814088066,-0.11702235272830372,0.16214556938938568,0.13830271880344808,0.05331710313541349,10.1038/nchem.2322
250,CCCCCCN(CCCCCC)C(=O)c1cccc(C#N)c1,17,100.0,17,0.17345635027057488,-0.1869691957206543,0.14977807822330794,-0.03953742447307925,-0.17414943807631938,10.1038/nchem.2322
251,CCCCCCN(CCCCCC)C(=O)c1cccc(C#N)c1,18,0.0,17,0.2070385795762826,-0.0844150663287186,0.1709794916508697,0.04000320439270981,-0.06713666338642645,10.1038/nchem.2322
252,CCCCCCN(CCCCCC)C(=O)c1cccc(C#N)c1,22,0.0,17,0.16324358007434017,-0.0017624019957742508,0.1844713001956819,0.2871921410814711,0.21947747967051576,10.1038/nchem.2322
253,CCCCCCN(CCCCCC)C(=O)c1cccc(Cl)c1Cl,0,0.0,17,-0.13839602546406005,-0.22080816888284796,-0.4814458215518286,-0.2784731900608639,0.007829755421595506,10.1038/nchem.2322
254,CCCCCCN(CCCCCC)C(=O)c1cccc(Cl)c1Cl,1,0.0,17,-0.21870063747720878,-0.16110377370587406,-0.42796043767775216,-0.09590639845805,-0.057514667333147904,10.1038/nchem.2322
255,CCCCCCN(CCCCCC)C(=O)c1cccc(Cl)c1Cl,2,0.0,17,-0.21307796589637404,-0.14379533341026923,-0.4236237849312054,0.07654241157130691,0.2813392507564176,10.1038/nchem.2322
256,CCCCCCN(CCCCCC)C(=O)c1cccc(Cl)c1Cl,3,0.0,17,-0.23074904867354307,-0.13167294264143742,-0.42233885078408046,0.27583710701636893,0.6138345621621017,10.1038/nchem.2322
257,CCCCCCN(CCCCCC)C(=O)c1cccc(Cl)c1Cl,4,0.0,17,-0.21237032569316655,-0.026655439724284576,-0.394230916315722,0.22436095258790562,0.553422476764758,10.1038/nchem.2322
258,CCCCCCN(CCCCCC)C(=O)c1cccc(Cl)c1Cl,5,0.0,17,-0.34201630636853264,0.337729365150602,-0.058220636842544894,0.25179766904439643,0.27744574837114183,10.1038/nchem.2322
259,CCCCCCN(CCCCCC)C(=O)c1cccc(Cl)c1Cl,16,0.0,17,0.1789080884915132,-0.10703920738926574,0.1629486532313387,0.15999729608230195,0.07994576433684315,10.1038/nchem.2322
260,CCCCCCN(CCCCCC)C(=O)c1cccc(Cl)c1Cl,17,100.0,17,0.17250506030145443,-0.18515407838628378,0.1499386949916986,-0.03281672138414076,-0.17364066439120135,10.1038/nchem.2322
261,CCCCCCN(CCCCCC)C(=O)c1cccc(Cl)c1Cl,18,0.0,17,0.18720234090709245,-0.06892174336748436,0.17483429409224463,0.053407683630537744,-0.05823418827695503,10.1038/nchem.2322
262,CCCCCCN(CCCCCC)C(=O)c1cccc(C(F)(F)F)c1F,0,0.0,17,-0.13839602546406005,-0.22080816888284796,-0.4814458215518286,-0.3913403823209773,-0.22066284820112853,10.1038/nchem.2322
263,CCCCCCN(CCCCCC)C(=O)c1cccc(C(F)(F)F)c1F,1,0.0,17,-0.21870063747720878,-0.16110377370587406,-0.42796043767775216,-0.061564344212375055,0.0413768872365552,10.1038/nchem.2322
264,CCCCCCN(CCCCCC)C(=O)c1cccc(C(F)(F)F)c1F,2,0.0,17,-0.21307796589637404,-0.14379533341026923,-0.4236237849312054,-0.016384233062285515,0.06363094625004508,10.1038/nchem.2322
265,CCCCCCN(CCCCCC)C(=O)c1cccc(C(F)(F)F)c1F,3,0.0,17,-0.23074904867354307,-0.13167294264143742,-0.42233885078408046,0.010221627243100244,0.04560460497146918,10.1038/nchem.2322
266,CCCCCCN(CCCCCC)C(=O)c1cccc(C(F)(F)F)c1F,4,0.0,17,-0.21237032569316655,-0.026655439724284576,-0.394230916315722,0.20576823827317728,0.40833682609856253,10.1038/nchem.2322
267,CCCCCCN(CCCCCC)C(=O)c1cccc(C(F)(F)F)c1F,5,0.0,17,-0.34201630636853264,0.337729365150602,-0.058220636842544894,0.3233436153895525,0.5283414242205703,10.1038/nchem.2322
268,CCCCCCN(CCCCCC)C(=O)c1cccc(C(F)(F)F)c1F,16,0.0,17,0.17731211279672288,-0.09802844633649771,0.1637517370732919,0.15940646504151618,0.06990440252637525,10.1038/nchem.2322
269,CCCCCCN(CCCCCC)C(=O)c1cccc(C(F)(F)F)c1F,17,100.0,17,0.19390001995879083,-0.1902104766748874,0.14929622791813604,-0.030859593561537772,-0.17293391600852678,10.1038/nchem.2322
270,CCCCCCN(CCCCCC)C(=O)c1cccc(C(F)(F)F)c1F,18,0.0,17,0.18476743703220452,-0.10146420414798478,0.16037878493708888,0.10460688600863265,0.016074443632734487,10.1038/nchem.2322
271,CCCCCCN(CCCCCC)C(=O)c1cccs1,0,0.0,18,-0.13839602546406005,-0.22080816888284796,-0.4814458215518286,-0.39499614938583943,-0.22393688137146978,10.1038/nchem.2322
272,CCCCCCN(CCCCCC)C(=O)c1cccs1,1,0.0,18,-0.21870063747720878,-0.16110377370587406,-0.42796043767775216,-0.11298510823076476,-0.054404548697342604,10.1038/nchem.2322
273,CCCCCCN(CCCCCC)C(=O)c1cccs1,2,0.0,18,-0.21307796589637404,-0.14379533341026923,-0.4236237849312054,0.053370756690488595,0.15869286124013576,10.1038/nchem.2322
274,CCCCCCN(CCCCCC)C(=O)c1cccs1,3,0.0,18,-0.23074904867354307,-0.13167294264143742,-0.42233885078408046,0.0017099675617797292,0.05205261958327913,10.1038/nchem.2322
275,CCCCCCN(CCCCCC)C(=O)c1cccs1,4,0.0,18,-0.21528456017867306,-0.026655439724284576,-0.394230916315722,0.13643790833096797,0.22860134583962025,10.1038/nchem.2322
276,CCCCCCN(CCCCCC)C(=O)c1cccs1,5,0.0,18,-0.3506958561244844,0.33792384200785597,-0.058220636842544894,0.21922810792107894,0.2483370815497851,10.1038/nchem.2322
277,CCCCCCN(CCCCCC)C(=O)c1cccs1,16,0.0,18,0.1608935452103099,-0.0468162072596145,0.1764404617761509,0.06315639580350355,-0.039886404209873445,10.1038/nchem.2322
278,CCCCCCN(CCCCCC)C(=O)c1cccs1,17,0.0,18,0.23238592492940544,-0.12551450882839452,0.16310926999972947,-0.08455136439294783,-0.188392972499436,10.1038/nchem.2322
279,CCCCCCN(CCCCCC)C(=O)c1cccs1,18,100.0,18,0.28063077003349945,0.14798477808979557,0.3365753798615989,-0.05903484881901086,-0.16497448166268416,10.1038/nchem.2322
280,CCCCCCN(CCCCCC)C(=O)c1ccc[nH]1,0,0.0,18,-0.13839602546406005,-0.22080816888284796,-0.4814458215518286,-0.3800592021359733,-0.159595104665641,10.1038/nchem.2322
281,CCCCCCN(CCCCCC)C(=O)c1ccc[nH]1,1,0.0,18,-0.21870063747720878,-0.16110377370587406,-0.42796043767775216,-0.10295944400743054,-0.05124333981700657,10.1038/nchem.2322
282,CCCCCCN(CCCCCC)C(=O)c1ccc[nH]1,2,0.0,18,-0.21307796589637404,-0.14379533341026923,-0.4236237849312054,0.14928848346805917,0.40669980951339185,10.1038/nchem.2322
283,CCCCCCN(CCCCCC)C(=O)c1ccc[nH]1,3,0.0,18,-0.23074904867354307,-0.13167294264143742,-0.42233885078408046,0.022592152159553014,0.056614552667831365,10.1038/nchem.2322
284,CCCCCCN(CCCCCC)C(=O)c1ccc[nH]1,4,0.0,18,-0.21528456017867306,-0.026655439724284576,-0.394230916315722,0.15083941495012204,0.3127533648622212,10.1038/nchem.2322
285,CCCCCCN(CCCCCC)C(=O)c1ccc[nH]1,5,0.0,18,-0.34369754952024095,0.33811831886510996,-0.058220636842544894,0.26030932872571694,0.46763344115698624,10.1038/nchem.2322
286,CCCCCCN(CCCCCC)C(=O)c1ccc[nH]1,16,0.0,18,0.2390061062223629,-0.0011789714240122919,0.18816548586866605,0.018179382823684125,-0.07206900074382615,10.1038/nchem.2322
287,CCCCCCN(CCCCCC)C(=O)c1ccc[nH]1,17,0.0,18,0.31963186576016545,-0.08143308785082418,0.17467367732385408,-0.1152561150437851,-0.19932841358919093,10.1038/nchem.2322
288,CCCCCCN(CCCCCC)C(=O)c1ccc[nH]1,18,100.0,18,0.33051422456084284,0.2111249310782566,0.4583228903016889,-0.039463570592981057,-0.07016163161468064,10.1038/nchem.2322
289,CCCCCCN(CCCCCC)C(=O)c1cccn1C,0,0.0,18,-0.13839602546406005,-0.22080816888284796,-0.4814458215518286,-0.3917281151914929,-0.22071393844565929,10.1038/nchem.2322
290,CCCCCCN(CCCCCC)C(=O)c1cccn1C,1,0.0,18,-0.21870063747720878,-0.16110377370587406,-0.42796043767775216,-0.05918255657920735,0.057159515276158604,10.1038/nchem.2322
291,CCCCCCN(CCCCCC)C(=O)c1cccn1C,2,0.0,18,-0.21307796589637404,-0.14379533341026923,-0.4236237849312054,0.009372307621970619,0.03670425862218649,10.1038/nchem.2322
292,CCCCCCN(CCCCCC)C(=O)c1cccn1C,3,0.0,18,-0.23074904867354307,-0.13167294264143742,-0.42233885078408046,0.23473742274170625,0.5343807168761348,10.1038/nchem.2322
293,CCCCCCN(CCCCCC)C(=O)c1cccn1C,4,0.0,18,-0.21528456017867306,-0.026655439724284576,-0.394230916315722,0.1460389127437373,0.24596990021986345,10.1038/nchem.2322
294,CCCCCCN(CCCCCC)C(=O)c1cccn1C,5,0.0,18,-0.3479378124946408,0.33811831886510996,-0.058220636842544894,0.2536070891068029,0.3848438286552034,10.1038/nchem.2322
295,CCCCCCN(CCCCCC)C(=O)c1cccn1C,16,0.0,18,0.23796177909814734,0.00018236657676562744,0.18832610263705685,0.11919302732803225,0.12850491300306852,10.1038/nchem.2322
296,CCCCCCN(CCCCCC)C(=O)c1cccn1C,17,30.526315789473685,18,0.32153544181355725,-0.08000692423096158,0.17483429409224463,-0.0984358938514143,-0.19996065536525812,10.1038/nchem.2322
297,CCCCCCN(CCCCCC)C(=O)c1cccn1C,18,69.47368421052632,18,0.31994783348603456,0.22862784823111543,0.4620170759746733,-0.007466377040424763,-0.11033985141768517,10.1038/nchem.2322
298,CCCCCCN(CCCCCC)C(=O)c1cccn1C,20,0.0,18,-0.2937824185310986,0.27672845759193476,-0.11186663748501201,-0.16261491565677233,0.060605978021791,10.1038/nchem.2322
299,CCCCCCN(CCCCCC)C(=O)c1cc2ccccc2[nH]1,0,0.0,21,-0.13839602546406005,-0.22080816888284796,-0.4814458215518286,-0.2572586630026486,0.05817493388620594,10.1038/nchem.2322
300,CCCCCCN(CCCCCC)C(=O)c1cc2ccccc2[nH]1,1,0.0,21,-0.21870063747720878,-0.16110377370587406,-0.42796043767775216,-0.033296771604779195,0.03794319705205549,10.1038/nchem.2322
301,CCCCCCN(CCCCCC)C(=O)c1cc2ccccc2[nH]1,2,0.0,21,-0.21307796589637404,-0.14379533341026923,-0.4236237849312054,0.14214312056855577,0.40492655227613944,10.1038/nchem.2322
302,CCCCCCN(CCCCCC)C(=O)c1cc2ccccc2[nH]1,3,0.0,21,-0.23074904867354307,-0.13167294264143742,-0.42233885078408046,0.13905972107445494,0.26540973826378833,10.1038/nchem.2322
303,CCCCCCN(CCCCCC)C(=O)c1cc2ccccc2[nH]1,4,0.0,21,-0.21528456017867306,-0.026655439724284576,-0.394230916315722,0.15820633948991994,0.17153567145903617,10.1038/nchem.2322
304,CCCCCCN(CCCCCC)C(=O)c1cc2ccccc2[nH]1,5,0.0,21,-0.34369754952024095,0.33811831886510996,-0.058220636842544894,0.3040862161539402,0.4558315946703985,10.1038/nchem.2322
305,CCCCCCN(CCCCCC)C(=O)c1cc2ccccc2[nH]1,16,0.0,21,0.2973694890294154,0.05022774451012487,0.1987661925824471,0.21256279524221405,0.20075716257039786,10.1038/nchem.2322
306,CCCCCCN(CCCCCC)C(=O)c1cc2ccccc2[nH]1,18,0.0,21,0.1736515888401535,-0.1393871913125122,0.16005755140030753,0.009907748252682778,-0.1092861151242399,10.1038/nchem.2322
307,CCCCCCN(CCCCCC)C(=O)c1cc2ccccc2[nH]1,19,0.0,21,0.15754321151173434,-0.19578547991616838,0.1489749943813548,-0.05777933285734099,-0.17274871387210317,10.1038/nchem.2322
308,CCCCCCN(CCCCCC)C(=O)c1cc2ccccc2[nH]1,20,0.0,21,0.15136112166214774,-0.1869691957206543,0.1499386949916986,-0.05824091960795496,-0.17247623256793948,10.1038/nchem.2322
309,CCCCCCN(CCCCCC)C(=O)c1cc2ccccc2[nH]1,21,100.0,21,0.177634654882588,-0.04325079820995811,0.18431068342729134,-0.007927963791038726,-0.12904739595667025,10.1038/nchem.2322
310,CN(C)C(=O)c1ccccn1,0,0.0,7,-0.34213663707876274,0.2626612982505631,-0.1173276076102931,-0.27188173126209725,-0.10554162595217859,10.1038/nchem.2322
311,CN(C)C(=O)c1ccccn1,6,0.0,7,0.21931390580399454,0.004007078102760679,0.18864733617383794,0.08520177901282391,0.007682870968569822,10.1038/nchem.2322
312,CN(C)C(=O)c1ccccn1,7,65.9090909090909,7,0.1351736527907462,-0.17549506114266908,0.15090239560204227,-0.06414923001581298,-0.17912009311711702,10.1038/nchem.2322
313,CN(C)C(=O)c1ccccn1,8,34.09090909090909,7,0.18775279413948612,-0.08065518042180822,0.17483429409224463,-0.0774244649634691,-0.18023556345603697,10.1038/nchem.2322
314,CN(C)C(=O)c1ccccn1,9,0.0,7,0.04139937248394273,0.3825886935571882,0.4978346153257815,-0.05150175304899189,-0.17457093259369746,10.1038/nchem.2322
315,CCOC(=O)c1ccccn1,0,0.0,7,-0.1027892917256399,0.00517393924628462,-0.4257118029202835,-0.3356914836669643,-0.08977389923389659,10.1038/nchem.2322
316,CCOC(=O)c1ccccn1,1,0.0,7,-0.24585633027529624,0.7791918311171518,0.27907457677775693,-0.10772301927376614,0.0013838695699744013,10.1038/nchem.2322
317,CCOC(=O)c1ccccn1,6,0.0,7,0.2060813129162567,0.015740515157084564,0.1897716535525723,0.0688985349811406,8.319709463070628e-05,10.1038/nchem.2322
318,CCOC(=O)c1ccccn1,7,56.52173913043478,7,0.1369991334163065,-0.17504128180907644,0.15090239560204227,-0.06643870029885801,-0.1789221184195606,10.1038/nchem.2322
319,CCOC(=O)c1ccccn1,8,43.47826086956522,7,0.18775279413948612,-0.08065518042180822,0.17483429409224463,-0.07650129146224127,-0.1799268932286641,10.1038/nchem.2322
320,CCOC(=O)c1ccccn1,9,0.0,7,0.02914416778227922,0.3831072985098656,0.4978346153257815,-0.07703673209295332,-0.1957946716758187,10.1038/nchem.2322
321,CCOC(=O)Cc1ccccn1,0,0.0,9,-0.10319251913872884,0.0050442880081152785,-0.4257118029202835,-0.28888658715471366,-0.016691433192943503,10.1038/nchem.2322
322,CCOC(=O)Cc1ccccn1,1,0.0,9,-0.22689209080921396,0.7765339807346808,0.27891396000936636,-0.08128333019860134,0.0027228597287160287,10.1038/nchem.2322
323,CCOC(=O)Cc1ccccn1,5,0.0,9,-0.3968912939170932,0.7728389204468551,-0.1253584460298241,0.06319332274355259,0.028038075893669426,10.1038/nchem.2322
324,CCOC(=O)Cc1ccccn1,7,0.0,9,0.18338383308758852,-0.05615109640780589,0.17981341391235392,0.1676780996125173,0.16487903834872597,10.1038/nchem.2322
325,CCOC(=O)Cc1ccccn1,8,32.58426966292135,9,0.13406318362051012,-0.1788659933350715,0.15058116206526106,-0.0445594883197586,-0.17188017971508152,10.1038/nchem.2322
326,CCOC(=O)Cc1ccccn1,9,67.41573033707866,9,0.18740594684393874,-0.08091448289814686,0.17483429409224463,-0.07720290332317441,-0.1802866537005676,10.1038/nchem.2322
327,CCOC(=O)Cc1ccccn1,10,0.0,9,0.02546890132147635,0.3785695051739392,0.4975133817890001,-0.08294504250081144,-0.19966262893882908,10.1038/nchem.2322
328,CCOP(=O)(OCC)c1ccccc1,0,0.0,11,-0.10181867712259178,-0.06276330955444144,-0.44354026421164233,-0.2610436743576826,0.08160619728409035,10.1038/nchem.2322
329,CCOP(=O)(OCC)c1ccccc1,1,0.0,11,-0.2540641198957764,0.5514594312727334,0.06320564006076378,-0.00840801401167716,0.24621683640176176,10.1038/nchem.2322
330,CCOP(=O)(OCC)c1ccccc1,9,0.0,11,0.1576147325795698,-0.10036216862354555,0.16407297061007303,0.2749508604551902,0.3159890803491644,10.1038/nchem.2322
331,CCOP(=O)(OCC)c1ccccc1,10,43.529411764705884,11,0.15629468078158193,-0.19468344439172913,0.14913561114974547,-0.01802748189447104,-0.16916601047438892,10.1038/nchem.2322
332,CCOP(=O)(OCC)c1ccccc1,11,56.470588235294116,11,0.15411079792472368,-0.2002584476330101,0.14865376084457357,-0.0618228327927189,-0.1754756556739283,10.1038/nchem.2322
333,CCOP(=O)(OCC)c1ccccc1C,0,0.0,11,-0.10181867712259178,-0.06276330955444144,-0.44354026421164233,-0.263610096691096,0.07454084221753475,10.1038/nchem.2322
334,CCOP(=O)(OCC)c1ccccc1C,1,0.0,11,-0.25486300424680736,0.5514594312727334,0.06320564006076378,-0.030434933750972958,0.05656346242330063,10.1038/nchem.2322
335,CCOP(=O)(OCC)c1ccccc1C,9,0.0,11,0.13933761334458622,-0.09854705128917499,0.1642335873784638,0.1557137710366049,0.10563351353483273,10.1038/nchem.2322
336,CCOP(=O)(OCC)c1ccccc1C,10,37.37373737373738,11,0.16253753365537416,-0.1945537931535598,0.14913561114974547,-0.05395739456225789,-0.1777193689129008,10.1038/nchem.2322
337,CCOP(=O)(OCC)c1ccccc1C,11,62.62626262626262,11,0.14935673875548372,-0.19857298153680886,0.14881437761296426,-0.059976485790263254,-0.17598442935904635,10.1038/nchem.2322
338,CCOP(=O)(OCC)c1ccccc1C,12,0.0,11,0.14603907763385807,-0.1756247123808384,0.15363288066468278,0.05364770874085691,-0.0675198402204066,10.1038/nchem.2322
339,CCOP(=O)(OCC)c1ccccc1C,14,0.0,11,-0.38605256496002577,-0.04882580145123906,-0.40194052119847173,-0.10343949422806907,0.2069433396789882,10.1038/nchem.2322
340,CCOP(=O)(OCC)c1ccccc1Br,0,0.0,11,-0.10181867712259178,-0.06276330955444144,-0.44354026421164233,-0.21927930516213598,0.16931750334232895,10.1038/nchem.2322
341,CCOP(=O)(OCC)c1ccccc1Br,1,0.0,11,-0.25486300424680736,0.5514594312727334,0.06320564006076378,-0.025911383594956622,0.06639620573526839,10.1038/nchem.2322
342,CCOP(=O)(OCC)c1ccccc1Br,9,0.0,11,0.173634654882588,-0.09284239680972473,0.16471543768363572,0.16213905860515038,0.10098430128254067,10.1038/nchem.2322
343,CCOP(=O)(OCC)c1ccccc1Br,10,24.242424242424242,11,0.17041142547726876,-0.1941648394390518,0.14913561114974547,-0.04705205677307375,-0.1765655808905829,10.1038/nchem.2322
344,CCOP(=O)(OCC)c1ccccc1Br,11,75.75757575757575,11,0.15792153604605053,-0.1929979782955279,0.14929622791813604,-0.05717003834653064,-0.17510312264089212,10.1038/nchem.2322
345,CCOP(=O)(OCC)c1ccccc1Br,12,0.0,11,0.1777709234352327,-0.10191798348157742,0.1682490065882293,0.06749531125927424,-0.044386603248951106,10.1038/nchem.2322
346,CCOP(=O)(OCC)c1ccccc1C(F)(F)F,0,0.0,10,-0.10181867712259178,-0.06276330955444144,-0.44354026421164233,-0.24126929796138272,0.09623503730137586,10.1038/nchem.2322
347,CCOP(=O)(OCC)c1ccccc1C(F)(F)F,1,0.0,10,-0.25486300424680736,0.5514594312727334,0.06320564006076378,0.10133885181428627,0.2346023208117865,10.1038/nchem.2322
348,CCOP(=O)(OCC)c1ccccc1C(F)(F)F,9,0.0,10,0.17345376037118249,-0.09627815462121184,0.16439420414685438,0.19271456496581585,0.17562714854186834,10.1038/nchem.2322
349,CCOP(=O)(OCC)c1ccccc1C(F)(F)F,10,100.0,10,0.16054888936809453,-0.19448896753447514,0.14913561114974547,-0.04001747469371779,-0.17181844566960694,10.1038/nchem.2322
350,CCOP(=O)(OCC)c1ccccc1C(F)(F)F,11,0.0,10,0.1740779261247436,-0.19636891048793031,0.14881437761296426,-0.055526789514345115,-0.17580987102356657,10.1038/nchem.2322
351,CCOP(=O)(OCC)c1ccccc1C(F)(F)F,12,0.0,10,0.16969960159042743,-0.11507758415576388,0.15909385078996396,0.11191842013835693,0.030330750616983808,10.1038/nchem.2322
352,CCN(CC)P(=O)(c1ccccc1)N(CC)CC,0,0.0,9,-0.12768938137600347,-0.13368253683306194,-0.4602444081242668,-0.16433201836905614,0.22966785469419818,10.1038/nchem.2322
353,CCN(CC)P(=O)(c1ccccc1)N(CC)CC,1,0.0,9,-0.3341750871235879,0.22480313670512034,-0.1563574823292138,0.2862689675802432,0.5142085853272702,10.1038/nchem.2322
354,CCN(CC)P(=O)(c1ccccc1)N(CC)CC,8,0.0,9,0.14837138164820213,-0.11397554863132461,0.16278803646294812,0.20663602136433137,0.20265388789859964,10.1038/nchem.2322
355,CCN(CC)P(=O)(c1ccccc1)N(CC)CC,9,100.0,9,0.15845087163724486,-0.1952020493444064,0.14913561114974547,-0.03348140630502474,-0.17181844566960694,10.1038/nchem.2322
356,CCN(CC)P(=O)(c1ccccc1)N(CC)CC,10,0.0,9,0.1541105987016935,-0.20032327325209473,0.14865376084457357,-0.0618228327927189,-0.17585883250790846,10.1038/nchem.2322
357,O=P(c1ccccc1)(C1CCCCC1)C1CCCCC1,3,0.0,4,0.11703459511567896,-0.13070055835516747,0.16134248554743266,0.20800231814614867,0.14732528183205879,10.1038/nchem.2322
358,O=P(c1ccccc1)(C1CCCCC1)C1CCCCC1,4,100.0,4,0.15160795899654358,-0.19578547991616838,0.1489749943813548,-0.038651177911900585,-0.17613344257226088,10.1038/nchem.2322
359,O=P(c1ccccc1)(C1CCCCC1)C1CCCCC1,5,0.0,4,0.1541105987016935,-0.20032327325209473,0.14865376084457357,-0.05777933285734099,-0.17531386989958112,10.1038/nchem.2322
360,O=P(c1ccccc1)(C1CCCCC1)C1CCCCC1,8,0.0,4,-0.31068051595116036,0.3111508613258905,-0.23088366286246143,0.4796922795574964,0.3576808486463903,10.1038/nchem.2322
361,O=P(c1ccccc1)(C1CCCCC1)C1CCCCC1,9,0.0,4,-0.20440997107617281,-0.0774138994675751,-0.41109567699673705,0.21568312167636405,0.39036157506451724,10.1038/nchem.2322
362,O=P(c1ccccc1)(C1CCCCC1)C1CCCCC1,10,0.0,4,-0.19726125108414175,-0.13783137645448035,-0.422981317857643,-0.02352959596178882,0.013658300818470949,10.1038/nchem.2322
363,O=P(c1ccccc1)(C1CCCCC1)C1CCCCC1,11,0.0,4,-0.20124073111203297,-0.14223951855223738,-0.4234631681628148,-0.04108835595514201,-0.08560791554445718,10.1038/nchem.2322
364,COc1ccccc1P(=O)(C1CCCCC1)C1CCCCC1,0,0.0,5,-0.21731045917259675,0.7057444046942295,0.22237685753586822,-0.20216366844937217,-0.06030547194063647,10.1038/nchem.2322
365,COc1ccccc1P(=O)(C1CCCCC1)C1CCCCC1,3,0.0,5,0.15264531331470277,0.07855654005012229,0.21209738435886852,0.12831398152016302,0.03586126958743021,10.1038/nchem.2322
366,COc1ccccc1P(=O)(C1CCCCC1)C1CCCCC1,4,0.0,5,0.1435099412656939,-0.17640261980985436,0.15090239560204227,-0.05220336490992502,-0.17459434895577397,10.1038/nchem.2322
367,COc1ccccc1P(=O)(C1CCCCC1)C1CCCCC1,5,100.0,5,0.17615661922166562,-0.1940351882008825,0.14913561114974547,-0.04740286270354036,-0.178091901945937,10.1038/nchem.2322
368,COc1ccccc1P(=O)(C1CCCCC1)C1CCCCC1,6,0.0,5,0.13065089155954787,-0.10639095119841914,0.16359112030490136,0.2103841057793165,0.1702222264225598,10.1038/nchem.2322
369,COc1ccccc1P(=O)(C1CCCCC1)C1CCCCC1,10,0.0,5,-0.3037350034499152,0.31199359437399105,-0.23088366286246143,0.524743146417414,0.43325609286840305,10.1038/nchem.2322
370,COc1ccccc1P(=O)(C1CCCCC1)C1CCCCC1,11,0.0,5,-0.21433207487137154,-0.0774138994675751,-0.41109567699673705,0.19576103751986773,0.3358014514261256,10.1038/nchem.2322
371,COc1ccccc1P(=O)(C1CCCCC1)C1CCCCC1,12,0.0,5,-0.19726125108414175,-0.13783137645448035,-0.422981317857643,-0.01865523987530597,0.04373342476553288,10.1038/nchem.2322
372,COc1ccccc1P(=O)(C1CCCCC1)C1CCCCC1,13,0.0,5,-0.20124073111203297,-0.14223951855223738,-0.4234631681628148,-0.033758358355393155,0.015616760192147076,10.1038/nchem.2322
373,O=P(c1ccccc1Cl)(C1CCCCC1)C1CCCCC1,3,0.0,4,0.16460188269412304,-0.12091188987338349,0.16214556938938568,0.17654056522430445,0.13031648792371894,10.1038/nchem.2322
374,O=P(c1ccccc1Cl)(C1CCCCC1)C1CCCCC1,4,100.0,4,0.16637317465547377,-0.19513722372532177,0.14913561114974547,-0.05214797449985129,-0.17651661940624103,10.1038/nchem.2322
375,O=P(c1ccccc1Cl)(C1CCCCC1)C1CCCCC1,5,0.0,4,0.15850486107842426,-0.19072908162756474,0.1494568446865267,-0.0601611204905088,-0.1760589359656536,10.1038/nchem.2322
376,O=P(c1ccccc1Cl)(C1CCCCC1)C1CCCCC1,6,0.0,4,0.18672619786495678,-0.07417261851334199,0.17435244378707274,0.06345181132389643,-0.05166483433438465,10.1038/nchem.2322
377,O=P(c1ccccc1Cl)(C1CCCCC1)C1CCCCC1,9,0.0,4,-0.31176946903413677,0.3114749894213138,-0.23088366286246143,0.5868357961099971,0.5678895310076963,10.1038/nchem.2322
378,O=P(c1ccccc1Cl)(C1CCCCC1)C1CCCCC1,10,0.0,4,-0.21433207487137154,-0.0774138994675751,-0.41109567699673705,0.27973289919155025,0.4142867108261983,10.1038/nchem.2322
379,O=P(c1ccccc1Cl)(C1CCCCC1)C1CCCCC1,11,0.0,4,-0.19726125108414175,-0.13783137645448035,-0.422981317857643,0.07266508286615007,0.2524668763160154,10.1038/nchem.2322
380,O=P(c1ccccc1Cl)(C1CCCCC1)C1CCCCC1,12,0.0,4,-0.20124073111203297,-0.14223951855223738,-0.4234631681628148,-0.039629741823202023,-0.08275537689149404,10.1038/nchem.2322
381,FC(F)(F)c1ccc2c(Cl)ccnc2c1,5,0.0,10,0.19159002892382718,-0.1160499684420338,0.15909385078996396,0.12417816423466255,0.048022876545921564,10.1039/c2sc20776a
382,FC(F)(F)c1ccc2c(Cl)ccnc2c1,6,0.0,10,0.1814786632499553,-0.12570898568564848,0.1611818687790419,0.1241412372946134,0.06710295411794284,10.1039/c2sc20776a
383,FC(F)(F)c1ccc2c(Cl)ccnc2c1,10,100.0,10,0.21748722984025312,0.04465274126884392,0.2005329770347439,0.033337891713844936,-0.06501641823840311,10.1039/c2sc20776a
384,FC(F)(F)c1ccc2c(Cl)ccnc2c1,11,0.0,10,-0.0016602948135968634,0.39095119841910964,0.4986376991677345,-0.08185569776936255,-0.19895588055615462,10.1039/c2sc20776a
385,FC(F)(F)c1ccc2c(Cl)ccnc2c1,14,0.0,10,0.22873317067101315,0.05055187260554819,0.19571447398302516,0.1823380948120152,0.08568490180578993,10.1039/c2sc20776a
386,Clc1ccc2c(Cl)ccnc2c1,2,0.0,7,0.1950553143108179,-0.07391331603700335,0.17435244378707274,0.054589345712109306,-0.05672276854292235,10.1039/c2sc20776a
387,Clc1ccc2c(Cl)ccnc2c1,3,0.0,7,0.1653198824949,-0.1200043312061982,0.16182433585260433,0.1172728264454783,0.06699012982793752,10.1039/c2sc20776a
388,Clc1ccc2c(Cl)ccnc2c1,7,100.0,7,0.21748722984025312,0.04465274126884392,0.2005329770347439,0.03368869764431145,-0.06533786102690868,10.1039/c2sc20776a
389,Clc1ccc2c(Cl)ccnc2c1,8,0.0,7,-0.0016602948135968634,0.39095119841910964,0.4986376991677345,-0.08154181877894509,-0.198645081568593,10.1039/c2sc20776a
390,Clc1ccc2c(Cl)ccnc2c1,11,0.0,7,0.2557021914898198,0.09249404815332467,0.21113368374852473,0.12463975098527641,0.013098436888822187,10.1039/c2sc20776a
391,Cc1ccc2nc(C)ccc2c1,0,0.0,9,-0.4115847892851578,-0.054660107168858656,-0.4024223715036436,-0.32040373048663157,-0.20723675769050282,10.1039/c2sc20776a
392,Cc1ccc2nc(C)ccc2c1,2,0.0,9,0.14040465189424256,-0.16739185875708634,0.154435964506636,0.04229267467575473,-0.06822658860308103,10.1039/c2sc20776a
393,Cc1ccc2nc(C)ccc2c1,3,0.0,9,0.20486724777032583,-0.027368521534215855,0.1857562343428068,0.018604042634248835,-0.09957896866341014,10.1039/c2sc20776a
394,Cc1ccc2nc(C)ccc2c1,7,0.0,9,-0.3715236278148918,0.0591088543247236,-0.3765630717927538,-0.33687314574853583,-0.21566664803806554,10.1039/c2sc20776a
395,Cc1ccc2nc(C)ccc2c1,8,0.0,9,0.16229229010521976,-0.05770691126583777,0.17981341391235392,0.02731880048583947,-0.07717802519689447,10.1039/c2sc20776a
396,Cc1ccc2nc(C)ccc2c1,9,100.0,9,0.14413590002652665,-0.12765375425818834,0.1611818687790419,0.02606328452416971,-0.08598044857749337,10.1039/c2sc20776a
397,Cc1ccc2nc(C)ccc2c1,11,0.0,9,0.14925095132645694,-0.12026363368253684,0.16455482091524493,0.13193282164497622,0.018901437163432264,10.1039/c2sc20776a
398,COc1ccc2nc(C)ccc2c1,0,0.0,10,-0.22516960849025788,0.705485102217891,0.22237685753586822,-0.3763295811910129,-0.16987275885706338,10.1039/c2sc20776a
399,COc1ccc2nc(C)ccc2c1,3,0.0,10,0.16096028492542097,0.087632126721975,0.21290046820082154,0.09869857560077464,0.03202950124762894,10.1039/c2sc20776a
400,COc1ccc2nc(C)ccc2c1,4,0.0,10,0.20265089155954788,-0.005198159807261368,0.18784425233188493,0.027521898656109586,-0.09785680167068836,10.1039/c2sc20776a
401,COc1ccc2nc(C)ccc2c1,8,0.0,10,-0.3715236278148918,0.0591088543247236,-0.3765630717927538,-0.33657773022814297,-0.21580288869014738,10.1039/c2sc20776a
402,COc1ccc2nc(C)ccc2c1,9,0.0,10,0.16229229010521976,-0.05770691126583777,0.17981341391235392,0.02774346029640428,-0.07659474490516918,10.1039/c2sc20776a
403,COc1ccc2nc(C)ccc2c1,10,100.0,10,0.14413590002652665,-0.12681102121008775,0.1611818687790419,0.025989430644071408,-0.08635085285034083,10.1039/c2sc20776a
404,COc1ccc2nc(C)ccc2c1,12,0.0,10,0.14450107584085078,0.13463070055835513,0.22317994137782124,0.11335857080027233,-0.006501058169261076,10.1039/c2sc20776a
405,Cc1ccc2cc(Cl)ccc2n1,0,0.0,3,-0.3715236278148918,0.0591088543247236,-0.3765630717927538,-0.3365961936981675,-0.2154814459016418,10.1039/c2sc20776a
406,Cc1ccc2cc(Cl)ccc2n1,2,0.0,3,0.16229229010521976,-0.05770691126583777,0.17981341391235392,0.027651142946281508,-0.07732703841010899,10.1039/c2sc20776a
407,Cc1ccc2cc(Cl)ccc2n1,3,100.0,3,0.14745973706208795,-0.12732962616276502,0.1611818687790419,0.02632177310451345,-0.08583143536427884,10.1039/c2sc20776a
408,Cc1ccc2cc(Cl)ccc2n1,5,0.0,3,0.20226180898160187,-0.017903981147855148,0.18543500080602568,0.13791498593293253,0.03123760245740339,10.1039/c2sc20776a
409,Cc1ccc2cc(Cl)ccc2n1,8,0.0,3,0.18647338383965545,-0.06496738060331995,0.17515552762902598,0.04633617461113264,-0.05591596843137528,10.1039/c2sc20776a
410,Cc1ccc2cc(Cl)ccc2n1,9,0.0,3,0.21475229608191065,-0.019459796005887067,0.18655931818476004,0.0197857047158205,-0.09873597962865385,10.1039/c2sc20776a
411,Cc1ccc2cc(Br)ccc2n1,0,0.0,3,-0.3715236278148918,0.0591088543247236,-0.3765630717927538,-0.3363930955278974,-0.21538139417276916,10.1039/c2sc20776a
412,Cc1ccc2cc(Br)ccc2n1,2,0.0,3,0.16229229010521976,-0.05770691126583777,0.17981341391235392,0.027632679476256933,-0.07709074602915453,10.1039/c2sc20776a
413,Cc1ccc2cc(Br)ccc2n1,3,100.0,3,0.14797970917086373,-0.12745927740093435,0.1611818687790419,0.02593404023399779,-0.0860038649395699,10.1039/c2sc20776a
414,Cc1ccc2cc(Br)ccc2n1,5,0.0,3,0.1863468772154897,-0.04675138164052987,0.17917094683879148,0.14849455425700317,0.04696914025247618,10.1039/c2sc20776a
415,Cc1ccc2cc(Br)ccc2n1,8,0.0,3,0.17439329618152216,-0.09381478109599464,0.16905209043018232,0.055863325143803745,-0.04133608989843167,10.1039/c2sc20776a
416,Cc1ccc2cc(Br)ccc2n1,9,0.0,3,0.2138123618255106,-0.021793518292934903,0.1862380846479787,0.019970339416066046,-0.09795472463937215,10.1039/c2sc20776a
417,COc1ccc2nc(C#N)ccc2c1,0,0.0,11,-0.22516960849025788,0.705485102217891,0.22237685753586822,-0.3768465583517005,-0.17100100175711602,10.1039/c2sc20776a
418,COc1ccc2nc(C#N)ccc2c1,3,0.0,11,0.16096028492542097,0.087632126721975,0.21290046820082154,0.09888321030102018,0.03224024850631804,10.1039/c2sc20776a
419,COc1ccc2nc(C#N)ccc2c1,4,0.0,11,0.21608968028352438,-0.004938857330922685,0.18784425233188493,0.027466508246035966,-0.09879771367412843,10.1039/c2sc20776a
420,COc1ccc2nc(C#N)ccc2c1,10,0.0,11,0.2206877478201316,0.041670762790949466,0.1982843422772752,0.029460563008688004,-0.06535063358804137,10.1039/c2sc20776a
421,COc1ccc2nc(C#N)ccc2c1,11,100.0,11,0.176087090384132,-0.11974502872985957,0.16182433585260433,0.02728187354579042,-0.08535885060237003,10.1039/c2sc20776a
422,COc1ccc2nc(C#N)ccc2c1,13,0.0,11,0.14450107584085078,0.13463070055835513,0.22317994137782124,0.11310008221992869,-0.006971514170981053,10.1039/c2sc20776a
423,Cc1ccc2ccc(Br)cc2n1,0,0.0,3,-0.3715236278148918,0.0591088543247236,-0.3765630717927538,-0.33641155899792186,-0.21477469751896736,10.1039/c2sc20776a
424,Cc1ccc2ccc(Br)cc2n1,2,0.0,3,0.16203330016598277,-0.05770691126583777,0.17981341391235392,0.02761421600623236,-0.07692896025480743,10.1039/c2sc20776a
425,Cc1ccc2ccc(Br)cc2n1,3,65.0,3,0.1377790915794702,-0.12771857987727303,0.1611818687790419,0.02573094206372767,-0.08692136058093344,10.1039/c2sc20776a
426,Cc1ccc2ccc(Br)cc2n1,5,35.0,3,0.1578091742570277,-0.1320618963559454,0.1607000184738702,0.035165775246276,-0.08264468136167756,10.1039/c2sc20776a
427,Cc1ccc2ccc(Br)cc2n1,6,0.0,3,0.1806833649134676,-0.10314967024418603,0.16808838981983854,0.056583400474761444,-0.040840088774446205,10.1039/c2sc20776a
428,Cc1ccc2ccc(Br)cc2n1,9,0.0,3,0.24469392373406726,0.06345217080339598,0.20486962978129053,0.1332437280167197,0.028310557197832986,10.1039/c2sc20776a
429,Cc1ccc2ccc(C(F)(F)F)cc2n1,0,0.0,3,-0.3715236278148918,0.0591088543247236,-0.3765630717927538,-0.33667004757826574,-0.21504717882313104,10.1039/c2sc20776a
430,Cc1ccc2ccc(C(F)(F)F)cc2n1,2,0.0,3,0.16203330016598277,-0.05770691126583777,0.17981341391235392,0.02757728906618331,-0.07690554389273078,10.1039/c2sc20776a
431,Cc1ccc2ccc(C(F)(F)F)cc2n1,3,60.0,3,0.1377790915794702,-0.12771857987727303,0.1611818687790419,0.025841722883875016,-0.08636362541147352,10.1039/c2sc20776a
432,Cc1ccc2ccc(C(F)(F)F)cc2n1,5,40.0,3,0.16580419368127314,-0.13543282854834782,0.16037878493708888,0.042920432656589666,-0.08255740219393762,10.1039/c2sc20776a
433,Cc1ccc2ccc(C(F)(F)F)cc2n1,6,0.0,3,0.19167848394922812,-0.11637409653745713,0.15909385078996396,0.11708819174523276,0.0477376226806252,10.1039/c2sc20776a
434,Cc1ccc2ccc(C(F)(F)F)cc2n1,12,0.0,3,0.22996656045087172,0.05022774451012487,0.19571447398302516,0.18158109254100838,0.08577218097352987,10.1039/c2sc20776a
435,Cc1ccc2ccc(C#N)cc2n1,0,0.0,3,-0.3715236278148918,0.0591088543247236,-0.3765630717927538,-0.3366885110482903,-0.21535797781069266,10.1039/c2sc20776a
436,Cc1ccc2ccc(C#N)cc2n1,2,0.0,3,0.16203330016598277,-0.05770691126583777,0.17981341391235392,0.027724996826379706,-0.07681826472499084,10.1039/c2sc20776a
437,Cc1ccc2ccc(C#N)cc2n1,3,100.0,3,0.1377790915794702,-0.12771857987727303,0.1611818687790419,0.026044821054145136,-0.0861656507139171,10.1039/c2sc20776a
438,Cc1ccc2ccc(C#N)cc2n1,5,0.0,3,0.16854649869173235,-0.13083020959333677,0.16086063524226077,0.03470418849566204,-0.08222318684429937,10.1039/c2sc20776a
439,Cc1ccc2ccc(C#N)cc2n1,6,0.0,3,0.2077091642958762,-0.07987727299279225,0.1714613419560416,0.040446327673299094,-0.06235121048205254,10.1039/c2sc20776a
440,Cc1ccc2ccc(C#N)cc2n1,10,0.0,3,0.2519390676727066,0.08665974243570507,0.20808196514910302,0.11701433786513467,0.006678096159466333,10.1039/c2sc20776a
441,COc1ccc2ccc(C)nc2c1,0,0.0,6,-0.22516960849025788,0.705485102217891,0.22237685753586822,-0.37668038712147944,-0.16964923903724172,10.1039/c2sc20776a
442,COc1ccc2ccc(C)nc2c1,3,0.0,6,0.19180419368127313,0.07836206319286829,0.21193676759047797,0.020893512917293865,-0.09593453122022144,10.1039/c2sc20776a
443,COc1ccc2ccc(C)nc2c1,4,0.0,6,0.148480555868742,-0.11546653787027185,0.16230618615777623,0.032802451083132775,-0.08300444183358106,10.1039/c2sc20776a
444,COc1ccc2ccc(C)nc2c1,6,100.0,6,0.1377790915794702,-0.12765375425818834,0.1611818687790419,0.025767869003776717,-0.08679789248998429,10.1039/c2sc20776a
445,COc1ccc2ccc(C)nc2c1,7,0.0,6,0.16203330016598277,-0.05770691126583777,0.17981341391235392,0.026543334744808144,-0.0774632790621907,10.1039/c2sc20776a
446,COc1ccc2ccc(C)nc2c1,9,0.0,6,-0.3715236278148918,0.0591088543247236,-0.3765630717927538,-0.337076243918806,-0.21541971185616723,10.1039/c2sc20776a
447,COc1ccc2ccc(C)nc2c1,12,0.0,6,0.24380100611279024,0.244639776145027,0.24903924108871106,0.1765774921643536,0.10422001676948385,10.1039/c2sc20776a
448,Cc1ccc2ccc(C)nc2c1,0,0.0,5,-0.41479785831593774,-0.054335979073435334,-0.402261754735253,-0.31988675332594396,-0.20659174335330296,10.1039/c2sc20776a
449,Cc1ccc2ccc(C)nc2c1,2,0.0,5,0.1471443670053094,-0.17672674790527768,0.1534722638962922,0.04306814041678616,-0.06882264145593901,10.1039/c2sc20776a
450,Cc1ccc2ccc(C)nc2c1,3,0.0,5,0.14855924896566403,-0.13763689959722633,0.1602181681686983,0.03394718622465529,-0.08332588462208665,10.1039/c2sc20776a
451,Cc1ccc2ccc(C)nc2c1,5,100.0,5,0.1377790915794702,-0.12771857987727303,0.1611818687790419,0.02586018635389959,-0.08734285509831152,10.1039/c2sc20776a
452,Cc1ccc2ccc(C)nc2c1,6,0.0,5,0.16203330016598277,-0.05770691126583777,0.17981341391235392,0.027466508246035966,-0.07756120203087462,10.1039/c2sc20776a
453,Cc1ccc2ccc(C)nc2c1,8,0.0,5,-0.3715236278148918,0.0591088543247236,-0.3765630717927538,-0.33703931697875683,-0.21545590077937643,10.1039/c2sc20776a
454,Cc1ccc2ccc(C)nc2c1,11,0.0,5,0.20572629747647186,-0.010060081238611041,0.1902535038577442,0.11766055931599408,0.001000692735994251,10.1039/c2sc20776a
455,Cc1ccc2ccc(Cl)cc2n1,0,0.0,3,-0.3715236278148918,0.0591088543247236,-0.3765630717927538,-0.33678082839841306,-0.21520896459747813,10.1039/c2sc20776a
456,Cc1ccc2ccc(Cl)cc2n1,2,0.0,3,0.16203330016598277,-0.05770691126583777,0.17981341391235392,0.02735572742588862,-0.07685445364820018,10.1039/c2sc20776a
457,Cc1ccc2ccc(Cl)cc2n1,3,84.72222222222223,3,0.1377790915794702,-0.12771857987727303,0.1611818687790419,0.026247919224415252,-0.08671061332224435,10.1039/c2sc20776a
458,Cc1ccc2ccc(Cl)cc2n1,5,15.277777777777779,3,0.15918102404286294,-0.12972817406889756,0.16086063524226077,0.03492575013595674,-0.08228492088977395,10.1039/c2sc20776a
459,Cc1ccc2ccc(Cl)cc2n1,6,0.0,3,0.19333880868276732,-0.0743022697515113,0.1741918270186822,0.04674237095167287,-0.05683346407273882,10.1039/c2sc20776a
460,Cc1ccc2ccc(Cl)cc2n1,9,0.0,3,0.2571399840986454,0.09223474567698602,0.21097306698013416,0.12327345420345931,0.012666298570500143,10.1039/c2sc20776a
461,COC(=O)c1ccccc1C,0,0.0,7,-0.1884842812664308,0.7277851151830148,0.22446487552494615,-0.3571829627755479,-0.1770998996979663,10.1039/c2sc20776a
462,COC(=O)c1ccccc1C,5,0.0,7,0.16317185978347457,-0.10438135700679459,0.16326988676812001,0.09513512588603526,0.023016330608341053,10.1039/c2sc20776a
463,COC(=O)c1ccccc1C,6,27.0,7,0.16069412295709742,-0.19494274686806778,0.1489749943813548,-0.05872096982859339,-0.17726168547231339,10.1039/c2sc20776a
464,COC(=O)c1ccccc1C,7,73.0,7,0.1469274131254409,-0.19857298153680886,0.14881437761296426,-0.060511926420975415,-0.17600784572112288,10.1039/c2sc20776a
465,COC(=O)c1ccccc1C,8,0.0,7,0.14783447558186086,-0.17594884047626172,0.15363288066468278,0.04546839151997844,-0.06485463246405603,10.1039/c2sc20776a
466,COC(=O)c1ccccc1C,10,0.0,7,-0.3977935750207888,-0.04921475516574702,-0.40194052119847173,-0.1817615340722374,-0.00778895808347197,10.1039/c2sc20776a
467,O=C1CCCc2ccccc21,2,0.0,7,-0.3872885446392767,0.27523746835298757,-0.28854508271469403,0.0016730406217306821,0.012951552435796505,10.1039/c2sc20776a
468,O=C1CCCc2ccccc21,3,0.0,7,-0.2076337981505826,-0.06872726651023035,-0.4106138266915652,-0.046331981442116046,0.017624181050165215,10.1039/c2sc20776a
469,O=C1CCCc2ccccc21,4,0.0,7,-0.48741544970950285,0.029742848879371602,-0.3434760175042861,0.027872704586576202,0.020921630582582968,10.1039/c2sc20776a
470,O=C1CCCc2ccccc21,6,0.0,7,0.14707304516050415,-0.17504128180907644,0.15363288066468278,0.04471138924897169,-0.07083006231395715,10.1039/c2sc20776a
471,O=C1CCCc2ccccc21,7,80.0,7,0.15252219348205012,-0.19857298153680886,0.14881437761296426,-0.059644143329821216,-0.17562466888714284,10.1039/c2sc20776a
472,O=C1CCCc2ccccc21,8,20.0,7,0.15727704954341082,-0.19585030553525304,0.1489749943813548,-0.058407090838175926,-0.1772105952277828,10.1039/c2sc20776a
473,O=C1CCCc2ccccc21,9,0.0,7,0.1757527941394861,-0.12849648730628896,0.16102125201065132,0.08930066935827534,0.01185949845895319,10.1039/c2sc20776a
474,CC(C)(C)C(=O)NC1CC1,0,0.0,8,-0.1544956369791512,-0.12966334844981287,-0.4644204441024229,-0.13870472197497183,-0.038249387624702896,10.1002/anie.201409186
475,CC(C)(C)C(=O)NC1CC1,7,0.0,8,-0.11818544672115738,0.39056224470460177,-0.003129085284562308,0.07643163075115957,0.10051171652063186,10.1002/anie.201409186
476,CC(C)(C)C(=O)NC1CC1,8,100.0,8,0.059882687555164966,0.0031643450546600823,-0.3884487126536596,-0.23321922503067608,-0.13834582046125452,10.1002/anie.201409186
477,CC(C)(C)OC(=O)NC=Cc1ccccc1,0,0.0,9,-0.08150948297974887,0.03927221488481695,-0.41639603035362754,-0.11405598949218897,0.05434529430659351,10.1021/ja303443m
478,CC(C)(C)OC(=O)NC=Cc1ccccc1,8,0.0,9,0.12165138961712332,0.2531967578642024,0.4623383095114544,0.04376975227771929,0.17099070885070883,10.1021/ja303443m
479,CC(C)(C)OC(=O)NC=Cc1ccccc1,9,100.0,9,-0.0497330112196134,-0.04752928906954578,0.18366821635372865,0.04818252161358828,0.007755248814988244,10.1021/ja303443m
480,CC(C)(C)OC(=O)NC=Cc1ccccc1,11,0.0,9,0.12918520772649678,-0.15306539693937596,0.15877261725318262,0.09153474923124676,0.036927778442008154,10.1021/ja303443m
481,CC(C)(C)OC(=O)NC=Cc1ccccc1,12,0.0,9,0.1450102899059967,-0.19675786420243832,0.1489749943813548,-0.05536061828412415,-0.17500519967220823,10.1021/ja303443m
482,CC(C)(C)OC(=O)NC=Cc1ccccc1,13,0.0,9,0.15381196337945024,-0.2003880988711794,0.14865376084457357,-0.06498008616691803,-0.17727232927325737,10.1021/ja303443m
483,COc1c(C)cccc1C,0,0.0,6,-0.2692588604077796,0.705679579075145,0.22237685753586822,-0.2661026651444111,-0.04787138367798144,10.1021/ja400295v
484,COc1c(C)cccc1C,4,0.0,6,-0.41497875282734326,-0.030933930583872248,-0.4001737367461749,-0.21957472068252895,-0.028940319319174682,10.1021/ja400295v
485,COc1c(C)cccc1C,5,0.0,6,0.14351591795659938,-0.15753836465621768,0.15539966511697959,0.04269887101629497,-0.071945532652877,10.1021/ja400295v
486,COc1c(C)cccc1C,6,100.0,6,0.1498125610485408,-0.19546135182074506,0.1489749943813548,-0.05789011367748834,-0.1765293919673737,10.1021/ja400295v
487,COc1cccc(OC)c1,0,0.0,4,-0.22516960849025788,0.705485102217891,0.22237685753586822,-0.3769573391718478,-0.16977270712819087,10.1021/ja400295v
488,COc1cccc(OC)c1,3,0.0,4,0.16832635724338094,0.07525043347680452,0.21161553405369662,0.09352880399389879,0.02611580544320239,10.1021/ja400295v
489,COc1cccc(OC)c1,4,100.0,4,0.13486266564063165,-0.15287092008212194,0.1529904135911203,-0.04935999052614325,-0.17308292922174132,10.1021/ja400295v
490,COc1cccc(OC)c1,9,0.0,4,0.17326290470826786,0.34686977744153935,0.27521977433638223,0.1788854259174231,0.10819866956231079,10.1021/ja400295v
491,COc1cccc(OC)c1OC,0,0.0,4,-0.2240141149152006,0.7068464402186688,0.22237685753586822,-0.3384425407006232,-0.1630905288956153,10.1021/ja400295v
492,COc1cccc(OC)c1OC,3,0.0,4,0.14327685032038062,0.10059725053890745,0.21402478557955587,0.10517925357939396,0.04217091478696959,10.1021/ja400295v
493,COc1cccc(OC)c1OC,4,100.0,4,0.13888218949758951,-0.15099097712866674,0.1531510303595109,-0.04245465273695922,-0.17483064133672846,10.1021/ja400295v
494,COc1cccc(OC)c1OC,11,0.0,4,-0.22369117438327513,0.707948475743108,0.22253747430425877,-0.3009432330807491,-0.0748725779124474,10.1021/ja400295v
495,CC(C)c1cccc(C(C)C)c1,0,0.0,5,-0.14322997306840313,-0.1773750040961243,-0.4716481986800008,-0.22768018402330914,-0.036278155689894086,10.1021/ja400295v
496,CC(C)c1cccc(C(C)C)c1,1,0.0,5,-0.5133126506259288,0.061248099754517456,-0.2949697534503188,0.1867508641478842,0.12364495349208734,10.1021/ja400295v
497,CC(C)c1cccc(C(C)C)c1,4,0.0,5,0.13057000700929386,-0.1778936090488016,0.1534722638962922,0.0759700440005457,-0.04273894286283659,10.1021/ja400295v
498,CC(C)c1cccc(C(C)C)c1,5,100.0,5,0.13803110871265076,-0.19695234105969228,0.1489749943813548,-0.04084833084482274,-0.17566085781035204,10.1021/ja400295v
499,CC(C)c1cccc(C(C)C)c1,11,0.0,5,0.10199624468236887,-0.15546394484550846,0.15829076694801072,0.302387576911681,0.24484165731981106,10.1021/ja400295v
500,Cc1cccc(Br)c1,0,0.0,3,-0.40143138755191743,-0.05453045593068934,-0.402261754735253,-0.3204221939566561,-0.20671734020444094,10.1021/ja400295v
501,Cc1cccc(Br)c1,2,0.0,3,0.16048493877540604,-0.18107006438395004,0.1531510303595109,0.03791683227993489,-0.07318659984293484,10.1021/ja400295v
502,Cc1cccc(Br)c1,3,100.0,3,0.14471643593647784,-0.19163664029474997,0.1494568446865267,-0.055692960744566186,-0.1747561347301212,10.1021/ja400295v
503,Cc1cccc(Br)c1,4,0.0,3,0.18464989544439697,-0.10788194043736637,0.1677671562830574,0.05097050558729632,-0.046208821970545516,10.1021/ja400295v
504,Cc1cccc(Br)c1,7,0.0,3,0.17238911249788835,-0.08895285966464496,0.1722644257979948,0.15539989204618743,0.05981195047137661,10.1021/ja400295v
505,Cc1cccc(N(C)C)c1,0,0.0,3,-0.400911813889202,-0.054335979073435334,-0.402261754735253,-0.3203114131365088,-0.1994391091190074,10.1021/ja400295v
506,Cc1cccc(N(C)C)c1,2,0.0,3,0.17283218451701376,-0.18061628505035743,0.1531510303595109,0.03477804237576034,-0.07450004487941121,10.1021/ja400295v
507,Cc1cccc(N(C)C)c1,3,100.0,3,0.12628013750037864,-0.18554303210079173,0.15009931176008917,-0.0462212006219687,-0.17335541052590497,10.1021/ja400295v
508,Cc1cccc(N(C)C)c1,4,0.0,3,0.11196516588966043,-0.04824237087947711,0.18382883312211942,0.10964741332533656,0.04375684112760953,10.1021/ja400295v
509,Cc1cccc(N(C)C)c1,7,0.0,3,-0.39266836334631927,0.24263018195340244,-0.1190943920625899,-0.25214428180584647,-0.10768741622246729,10.1021/ja400295v
510,Cc1cccc(N(C)C)c1,9,0.0,3,0.10939897403788237,-0.02931329010675569,0.1884867194054474,0.21426143448447332,0.1543416754142726,10.1021/ja400295v
511,COC(=O)c1ccc(C#N)cc1,0,0.0,5,-0.19088392266497647,0.7277851151830148,0.22446487552494615,-0.38655834358461716,-0.19010449569121382,10.1021/ja0428309
512,COC(=O)c1ccc(C#N)cc1,5,100.0,5,0.1845604443038451,-0.09757466700290507,0.16391235384168248,0.09216250721208168,0.024740626361251555,10.1021/ja0428309
513,COC(=O)c1ccc(C#N)cc1,6,0.0,5,0.2092826277882559,-0.07916419118286099,0.1714613419560416,0.04424980249835773,-0.06521439293595953,10.1021/ja0428309
514,N#Cc1ccc(I)cc1,3,100.0,3,0.20084473556791524,-0.07793250442025237,0.17162195872443237,0.0418126244551163,-0.06625535666827223,10.1021/ja0428309
515,N#Cc1ccc(I)cc1,4,0.0,3,0.17696845306965844,-0.10509443881672591,0.16728530597788552,0.07475145497892499,-0.017806903531863347,10.1021/ja0428309
516,CC(=O)Nc1ccc(C#N)cc1,0,0.0,5,-0.21233008264106973,0.3014918440822758,-0.32082905316120863,-0.366377770847777,-0.23283722772075258,10.1021/ja0428309
517,CC(=O)Nc1ccc(C#N)cc1,5,100.0,5,0.1809138659593885,-0.03825922554043912,0.18479253373246302,0.021835149888546262,-0.09364185649690707,10.1021/ja0428309
518,CC(=O)Nc1ccc(C#N)cc1,6,0.0,5,0.20185280410063763,-0.07138511689270151,0.1722644257979948,0.03871076149099079,-0.06658957201791048,10.1021/ja0428309
519,CN(C)c1ccc(C#N)cc1,0,0.0,4,-0.4107857057110966,0.24263018195340244,-0.1190943920625899,-0.2563908799114944,-0.10880288656138713,10.1021/ja0428309
520,CN(C)c1ccc(C#N)cc1,4,100.0,4,0.12986973805820312,-0.039815040398470995,0.18463191696407244,0.11289698404965846,0.04582812479129097,10.1021/ja0428309
521,CN(C)c1ccc(C#N)cc1,5,0.0,4,0.18554420762688525,-0.07138511689270151,0.1722644257979948,0.04927186634503707,-0.0656486600144703,10.1021/ja0428309
522,CC(=O)CC(c1ccccc1)c1c(O)c2ccccc2oc1=O,0,0.0,17,-0.2692471062489988,0.16652490514800897,-0.3534342571445045,-0.1713850639184367,0.1385590473746691,
523,CC(=O)CC(c1ccccc1)c1c(O)c2ccccc2oc1=O,3,0.0,17,-0.40904728554972597,0.3143273166610389,-0.27922931014803803,0.29424518663085153,0.35582244100158694,
524,CC(=O)CC(c1ccccc1)c1c(O)c2ccccc2oc1=O,4,0.0,17,-0.5637298236511304,0.37649508536323,-0.19169317137515018,0.5812598281625813,0.5045653016721038,
525,CC(=O)CC(c1ccccc1)c1c(O)c2ccccc2oc1=O,6,0.0,17,0.13766553445226626,-0.17555988676175377,0.15363288066468278,0.19943526805475434,0.1924762854360498,
526,CC(=O)CC(c1ccccc1)c1c(O)c2ccccc2oc1=O,7,0.0,17,0.14364342069591604,-0.19870263277497816,0.14881437761296426,-0.03128425337210258,-0.17374071612007386,
527,CC(=O)CC(c1ccccc1)c1c(O)c2ccccc2oc1=O,8,0.0,17,0.15456642099475057,-0.20051775010934872,0.14865376084457357,-0.05648688995562209,-0.17728510183439003,
528,CC(=O)CC(c1ccccc1)c1c(O)c2ccccc2oc1=O,15,0.0,17,0.1406540791280308,-0.1047054851022179,0.16326988676812001,0.07772407365287858,-0.008955518666922548,
529,CC(=O)CC(c1ccccc1)c1c(O)c2ccccc2oc1=O,16,0.0,17,0.1670589003253612,-0.19410001381996717,0.14913561114974547,-0.05750238080697268,-0.175748136978092,
530,CC(=O)CC(c1ccccc1)c1c(O)c2ccccc2oc1=O,17,100.0,17,0.15406278517444977,-0.17627296857168503,0.15090239560204227,-0.061305855632031316,-0.17551184459713753,
531,CC(=O)CC(c1ccccc1)c1c(O)c2ccccc2oc1=O,18,0.0,17,0.2252332204767707,0.08380741519597992,0.21241861789564964,0.013655832667667789,-0.10219521493541882,
532,Cc1ccc(C)n1-c1ccn(C)n1,0,0.0,9,-0.5240625261115349,0.04867192965209297,-0.37752677240309745,-0.21185699021226434,-0.03456876125830499,
533,Cc1ccc(C)n1-c1ccn(C)n1,2,0.0,9,0.30061941432077904,-0.06133714593457884,0.1794921803755726,-0.02810853652787888,-0.12535399702913966,
534,Cc1ccc(C)n1-c1ccn(C)n1,8,0.0,9,0.34051322844569193,0.2097635930774787,0.2390810014484927,0.07883188185435194,0.04458918636142185,
535,Cc1ccc(C)n1-c1ccn(C)n1,9,100.0,9,0.3220743401102003,0.37604130602963737,0.49301611227406295,-0.033592187125172084,-0.12479626185967962,
536,Cc1ccc(C)n1-c1ccn(C)n1,11,0.0,9,-0.3312602549689908,0.3958131198504593,-0.08279500240630981,-0.36739326169912756,-0.20561251366646482,
537,Brc1ccc(N2CCOCC2)nc1,2,100.0,2,0.15538462997970925,-0.07404296727517266,0.17081887488247913,0.052133704198843306,-0.050300299053377656,
538,Brc1ccc(N2CCOCC2)nc1,3,0.0,2,0.14648573566752676,0.0845204970059112,0.21209738435886852,0.10095111894377051,0.03996339047120631,
539,Brc1ccc(N2CCOCC2)nc1,6,0.0,2,-0.39150430318096413,0.48041055275594363,-0.020154462733968002,0.08217376992879662,0.08858640194309497,
540,Brc1ccc(N2CCOCC2)nc1,7,0.0,2,-0.249917292522532,0.6195911569307134,0.08874370623487238,-0.03999901122369322,0.07962219278814886,
541,Brc1ccc(N2CCOCC2)nc1,12,0.0,2,0.031417701002719504,0.4846890436155313,0.5185541784481714,0.04724088464233588,-0.06616807750053229,
542,Cn1nc(C(F)(F)F)c2ccc(Br)cc21,0,100.0,0,-0.33784597067772676,0.40009161071004706,-0.08231315210113792,-0.3241148879615673,-0.1719057248373469,
543,Cn1nc(C(F)(F)F)c2ccc(Br)cc21,9,0.0,0,0.2059014145200021,-0.11754095768098105,0.1619849526209951,0.10658247730126022,0.06692839578246294,
544,Cn1nc(C(F)(F)F)c2ccc(Br)cc21,10,0.0,0,0.1900058073878176,-0.1026310652915087,0.16808838981983854,0.06363644602414198,-0.03537343260966322,
545,Cn1nc(C(F)(F)F)c2ccc(Br)cc21,13,0.0,0,0.2210027194308498,0.06131292537360212,0.20470901301289995,0.1722385767085829,0.10337702773472768,
