,C_spX,n_Csp3,num_C,num_H,num_N,num_O,Reactant_SMILES,Atom_nÂº,Selectivity,Reactive Atom,DOI
0,-0.5952380952380952,-0.23534798534798534,-0.2332112332112332,0.7243589743589743,-0.09340659340659341,-0.05311355311355311,Cc1nc2ccccc2o1,0,0.0,7,10.1021/ja412563e
1,0.40476190476190477,-0.23534798534798534,0.10012210012210014,-0.27564102564102566,-0.09340659340659341,-0.05311355311355311,Cc1nc2ccccc2o1,4,0.0,7,10.1021/ja412563e
2,0.40476190476190477,-0.23534798534798534,0.10012210012210014,-0.27564102564102566,-0.09340659340659341,-0.05311355311355311,Cc1nc2ccccc2o1,5,0.0,7,10.1021/ja412563e
3,0.40476190476190477,-0.23534798534798534,0.10012210012210014,-0.27564102564102566,-0.09340659340659341,-0.05311355311355311,Cc1nc2ccccc2o1,6,0.0,7,10.1021/ja412563e
4,0.40476190476190477,-0.23534798534798534,0.10012210012210014,-0.27564102564102566,-0.09340659340659341,-0.05311355311355311,Cc1nc2ccccc2o1,7,100.0,7,10.1021/ja412563e
5,-0.5952380952380952,-0.23534798534798534,-0.2332112332112332,0.7243589743589743,-0.09340659340659341,-0.05311355311355311,Cc1nc2cc(Br)ccc2o1,0,0.0,8,10.1021/ja412563e
6,0.40476190476190477,-0.23534798534798534,0.10012210012210014,-0.27564102564102566,-0.09340659340659341,-0.05311355311355311,Cc1nc2cc(Br)ccc2o1,4,0.0,8,10.1021/ja412563e
7,0.40476190476190477,-0.23534798534798534,0.10012210012210014,-0.27564102564102566,-0.09340659340659341,-0.05311355311355311,Cc1nc2cc(Br)ccc2o1,7,0.0,8,10.1021/ja412563e
8,0.40476190476190477,-0.23534798534798534,0.10012210012210014,-0.27564102564102566,-0.09340659340659341,-0.05311355311355311,Cc1nc2cc(Br)ccc2o1,8,100.0,8,10.1021/ja412563e
9,-0.5952380952380952,-0.23534798534798534,-0.2332112332112332,0.7243589743589743,-0.09340659340659341,-0.05311355311355311,Cc1nc2ccccc2[nH]1,0,0.0,6,10.1021/ja412563e
10,0.40476190476190477,-0.23534798534798534,0.10012210012210014,-0.27564102564102566,-0.09340659340659341,-0.05311355311355311,Cc1nc2ccccc2[nH]1,4,0.0,6,10.1021/ja412563e
11,0.40476190476190477,-0.23534798534798534,0.10012210012210014,-0.27564102564102566,-0.09340659340659341,-0.05311355311355311,Cc1nc2ccccc2[nH]1,5,0.0,6,10.1021/ja412563e
12,0.40476190476190477,-0.23534798534798534,0.10012210012210014,-0.27564102564102566,-0.09340659340659341,-0.05311355311355311,Cc1nc2ccccc2[nH]1,6,100.0,6,10.1021/ja412563e
13,0.40476190476190477,-0.23534798534798534,0.10012210012210014,-0.27564102564102566,-0.09340659340659341,-0.05311355311355311,Cc1nc2ccccc2[nH]1,7,0.0,6,10.1021/ja412563e
14,-0.5952380952380952,-0.23534798534798534,-0.2332112332112332,0.7243589743589743,-0.09340659340659341,-0.05311355311355311,Cc1cc2c(Cl)ccnc2[nH]1,0,0.0,6,10.1021/ja412563e
15,0.40476190476190477,-0.23534798534798534,0.10012210012210014,-0.27564102564102566,-0.09340659340659341,-0.05311355311355311,Cc1cc2c(Cl)ccnc2[nH]1,2,0.0,6,10.1021/ja412563e
16,0.40476190476190477,-0.23534798534798534,0.10012210012210014,-0.27564102564102566,-0.09340659340659341,-0.05311355311355311,Cc1cc2c(Cl)ccnc2[nH]1,6,100.0,6,10.1021/ja412563e
17,0.40476190476190477,-0.23534798534798534,-0.2332112332112332,-0.27564102564102566,0.9065934065934066,-0.05311355311355311,Cc1cc2c(Cl)ccnc2[nH]1,7,0.0,6,10.1021/ja412563e
18,-0.5952380952380952,0.26465201465201466,-0.2332112332112332,0.7243589743589743,-0.09340659340659341,-0.05311355311355311,CCN(CC)C(=O)c1cc2ccccc2[nH]1,0,0.0,13,10.1021/ja0631652
19,-0.5952380952380952,0.26465201465201466,-0.2332112332112332,0.22435897435897434,0.9065934065934066,-0.05311355311355311,CCN(CC)C(=O)c1cc2ccccc2[nH]1,1,0.0,13,10.1021/ja0631652
20,0.40476190476190477,-0.23534798534798534,0.10012210012210014,-0.27564102564102566,-0.09340659340659341,-0.05311355311355311,CCN(CC)C(=O)c1cc2ccccc2[nH]1,8,0.0,13,10.1021/ja0631652
21,0.40476190476190477,-0.23534798534798534,0.10012210012210014,-0.27564102564102566,-0.09340659340659341,-0.05311355311355311,CCN(CC)C(=O)c1cc2ccccc2[nH]1,10,0.0,13,10.1021/ja0631652
22,0.40476190476190477,-0.23534798534798534,0.10012210012210014,-0.27564102564102566,-0.09340659340659341,-0.05311355311355311,CCN(CC)C(=O)c1cc2ccccc2[nH]1,11,0.0,13,10.1021/ja0631652
23,0.40476190476190477,-0.23534798534798534,0.10012210012210014,-0.27564102564102566,-0.09340659340659341,-0.05311355311355311,CCN(CC)C(=O)c1cc2ccccc2[nH]1,12,0.0,13,10.1021/ja0631652
24,0.40476190476190477,-0.23534798534798534,0.10012210012210014,-0.27564102564102566,-0.09340659340659341,-0.05311355311355311,CCN(CC)C(=O)c1cc2ccccc2[nH]1,13,100.0,13,10.1021/ja0631652
25,-0.5952380952380952,0.26465201465201466,-0.2332112332112332,0.7243589743589743,-0.09340659340659341,-0.05311355311355311,CCOC(=O)c1c(C)[nH]c2ccccc12,0,0.0,10,10.1021/ja0631652
26,-0.5952380952380952,0.26465201465201466,-0.2332112332112332,0.22435897435897434,-0.09340659340659341,0.9468864468864469,CCOC(=O)c1c(C)[nH]c2ccccc12,1,0.0,10,10.1021/ja0631652
27,-0.5952380952380952,-0.23534798534798534,-0.2332112332112332,0.7243589743589743,-0.09340659340659341,-0.05311355311355311,CCOC(=O)c1c(C)[nH]c2ccccc12,7,0.0,10,10.1021/ja0631652
28,0.40476190476190477,-0.23534798534798534,0.10012210012210014,-0.27564102564102566,-0.09340659340659341,-0.05311355311355311,CCOC(=O)c1c(C)[nH]c2ccccc12,10,100.0,10,10.1021/ja0631652
29,0.40476190476190477,-0.23534798534798534,0.10012210012210014,-0.27564102564102566,-0.09340659340659341,-0.05311355311355311,CCOC(=O)c1c(C)[nH]c2ccccc12,11,0.0,10,10.1021/ja0631652
30,0.40476190476190477,-0.23534798534798534,0.10012210012210014,-0.27564102564102566,-0.09340659340659341,-0.05311355311355311,CCOC(=O)c1c(C)[nH]c2ccccc12,12,0.0,10,10.1021/ja0631652
31,0.40476190476190477,-0.23534798534798534,0.10012210012210014,-0.27564102564102566,-0.09340659340659341,-0.05311355311355311,CCOC(=O)c1c(C)[nH]c2ccccc12,13,0.0,10,10.1021/ja0631652
32,-0.5952380952380952,0.26465201465201466,-0.2332112332112332,0.7243589743589743,-0.09340659340659341,-0.05311355311355311,CCOC(=O)c1cccc(F)c1,0,0.0,8,10.1021/jacs.6b13346
33,-0.5952380952380952,0.26465201465201466,-0.2332112332112332,0.22435897435897434,-0.09340659340659341,0.9468864468864469,CCOC(=O)c1cccc(F)c1,1,0.0,8,10.1021/jacs.6b13346
34,0.40476190476190477,-0.23534798534798534,0.10012210012210014,-0.27564102564102566,-0.09340659340659341,-0.05311355311355311,CCOC(=O)c1cccc(F)c1,6,0.0,8,10.1021/jacs.6b13346
35,0.40476190476190477,-0.23534798534798534,0.10012210012210014,-0.27564102564102566,-0.09340659340659341,-0.05311355311355311,CCOC(=O)c1cccc(F)c1,7,0.0,8,10.1021/jacs.6b13346
36,0.40476190476190477,-0.23534798534798534,0.10012210012210014,-0.27564102564102566,-0.09340659340659341,-0.05311355311355311,CCOC(=O)c1cccc(F)c1,8,100.0,8,10.1021/jacs.6b13346
37,0.40476190476190477,-0.23534798534798534,0.10012210012210014,-0.27564102564102566,-0.09340659340659341,-0.05311355311355311,CCOC(=O)c1cccc(F)c1,11,0.0,8,10.1021/jacs.6b13346
38,0.40476190476190477,-0.23534798534798534,0.10012210012210014,-0.27564102564102566,-0.09340659340659341,-0.05311355311355311,Fc1cccc(C(F)(F)F)c1,2,100.0,2,10.1021/jacs.6b13346
39,0.40476190476190477,-0.23534798534798534,0.10012210012210014,-0.27564102564102566,-0.09340659340659341,-0.05311355311355311,Fc1cccc(C(F)(F)F)c1,3,0.0,2,10.1021/jacs.6b13346
40,0.40476190476190477,-0.23534798534798534,0.10012210012210014,-0.27564102564102566,-0.09340659340659341,-0.05311355311355311,Fc1cccc(C(F)(F)F)c1,4,0.0,2,10.1021/jacs.6b13346
41,0.40476190476190477,-0.23534798534798534,0.10012210012210014,-0.27564102564102566,-0.09340659340659341,-0.05311355311355311,Fc1cccc(C(F)(F)F)c1,10,0.0,2,10.1021/jacs.6b13346
42,-0.5952380952380952,-0.23534798534798534,-0.5665445665445665,0.7243589743589743,0.9065934065934066,-0.05311355311355311,CN(C)S(=O)(=O)c1cccc(F)c1,0,0.0,9,10.1021/jacs.6b13346
43,0.40476190476190477,-0.23534798534798534,0.10012210012210014,-0.27564102564102566,-0.09340659340659341,-0.05311355311355311,CN(C)S(=O)(=O)c1cccc(F)c1,7,0.0,9,10.1021/jacs.6b13346
44,0.40476190476190477,-0.23534798534798534,0.10012210012210014,-0.27564102564102566,-0.09340659340659341,-0.05311355311355311,CN(C)S(=O)(=O)c1cccc(F)c1,8,0.0,9,10.1021/jacs.6b13346
45,0.40476190476190477,-0.23534798534798534,0.10012210012210014,-0.27564102564102566,-0.09340659340659341,-0.05311355311355311,CN(C)S(=O)(=O)c1cccc(F)c1,9,100.0,9,10.1021/jacs.6b13346
46,0.40476190476190477,-0.23534798534798534,0.10012210012210014,-0.27564102564102566,-0.09340659340659341,-0.05311355311355311,CN(C)S(=O)(=O)c1cccc(F)c1,12,0.0,9,10.1021/jacs.6b13346
47,-0.5952380952380952,0.26465201465201466,-0.2332112332112332,0.7243589743589743,-0.09340659340659341,-0.05311355311355311,CCN(CC)C(=O)c1cccc(F)c1,0,0.0,10,10.1021/jacs.6b13346
48,-0.5952380952380952,0.26465201465201466,-0.2332112332112332,0.22435897435897434,0.9065934065934066,-0.05311355311355311,CCN(CC)C(=O)c1cccc(F)c1,1,0.0,10,10.1021/jacs.6b13346
49,0.40476190476190477,-0.23534798534798534,0.10012210012210014,-0.27564102564102566,-0.09340659340659341,-0.05311355311355311,CCN(CC)C(=O)c1cccc(F)c1,8,0.0,10,10.1021/jacs.6b13346
50,0.40476190476190477,-0.23534798534798534,0.10012210012210014,-0.27564102564102566,-0.09340659340659341,-0.05311355311355311,CCN(CC)C(=O)c1cccc(F)c1,9,0.0,10,10.1021/jacs.6b13346
51,0.40476190476190477,-0.23534798534798534,0.10012210012210014,-0.27564102564102566,-0.09340659340659341,-0.05311355311355311,CCN(CC)C(=O)c1cccc(F)c1,10,100.0,10,10.1021/jacs.6b13346
52,0.40476190476190477,-0.23534798534798534,0.10012210012210014,-0.27564102564102566,-0.09340659340659341,-0.05311355311355311,CCN(CC)C(=O)c1cccc(F)c1,13,0.0,10,10.1021/jacs.6b13346
53,0.40476190476190477,-0.23534798534798534,0.10012210012210014,-0.27564102564102566,-0.09340659340659341,-0.05311355311355311,Fc1cccc(-c2ccccc2)c1,2,100.0,2,10.1021/jacs.6b13346
54,0.40476190476190477,-0.23534798534798534,0.10012210012210014,-0.27564102564102566,-0.09340659340659341,-0.05311355311355311,Fc1cccc(-c2ccccc2)c1,3,0.0,2,10.1021/jacs.6b13346
55,0.40476190476190477,-0.23534798534798534,0.10012210012210014,-0.27564102564102566,-0.09340659340659341,-0.05311355311355311,Fc1cccc(-c2ccccc2)c1,4,0.0,2,10.1021/jacs.6b13346
56,0.40476190476190477,-0.23534798534798534,0.10012210012210014,-0.27564102564102566,-0.09340659340659341,-0.05311355311355311,Fc1cccc(-c2ccccc2)c1,7,0.0,2,10.1021/jacs.6b13346
57,0.40476190476190477,-0.23534798534798534,0.10012210012210014,-0.27564102564102566,-0.09340659340659341,-0.05311355311355311,Fc1cccc(-c2ccccc2)c1,8,0.0,2,10.1021/jacs.6b13346
58,0.40476190476190477,-0.23534798534798534,0.10012210012210014,-0.27564102564102566,-0.09340659340659341,-0.05311355311355311,Fc1cccc(-c2ccccc2)c1,9,0.0,2,10.1021/jacs.6b13346
59,0.40476190476190477,-0.23534798534798534,0.10012210012210014,-0.27564102564102566,-0.09340659340659341,-0.05311355311355311,Fc1cccc(-c2ccccc2)c1,12,0.0,2,10.1021/jacs.6b13346
60,0.40476190476190477,-0.23534798534798534,0.10012210012210014,-0.27564102564102566,-0.09340659340659341,-0.05311355311355311,Fc1cccc(-c2ccc3ccccc3c2)c1,2,100.0,2,10.1021/jacs.6b13346
61,0.40476190476190477,-0.23534798534798534,0.10012210012210014,-0.27564102564102566,-0.09340659340659341,-0.05311355311355311,Fc1cccc(-c2ccc3ccccc3c2)c1,3,0.0,2,10.1021/jacs.6b13346
62,0.40476190476190477,-0.23534798534798534,0.10012210012210014,-0.27564102564102566,-0.09340659340659341,-0.05311355311355311,Fc1cccc(-c2ccc3ccccc3c2)c1,4,0.0,2,10.1021/jacs.6b13346
63,0.40476190476190477,-0.23534798534798534,0.10012210012210014,-0.27564102564102566,-0.09340659340659341,-0.05311355311355311,Fc1cccc(-c2ccc3ccccc3c2)c1,7,0.0,2,10.1021/jacs.6b13346
64,0.40476190476190477,-0.23534798534798534,0.10012210012210014,-0.27564102564102566,-0.09340659340659341,-0.05311355311355311,Fc1cccc(-c2ccc3ccccc3c2)c1,8,0.0,2,10.1021/jacs.6b13346
65,0.40476190476190477,-0.23534798534798534,0.10012210012210014,-0.27564102564102566,-0.09340659340659341,-0.05311355311355311,Fc1cccc(-c2ccc3ccccc3c2)c1,10,0.0,2,10.1021/jacs.6b13346
66,0.40476190476190477,-0.23534798534798534,0.10012210012210014,-0.27564102564102566,-0.09340659340659341,-0.05311355311355311,Fc1cccc(-c2ccc3ccccc3c2)c1,11,0.0,2,10.1021/jacs.6b13346
67,0.40476190476190477,-0.23534798534798534,0.10012210012210014,-0.27564102564102566,-0.09340659340659341,-0.05311355311355311,Fc1cccc(-c2ccc3ccccc3c2)c1,12,0.0,2,10.1021/jacs.6b13346
68,0.40476190476190477,-0.23534798534798534,0.10012210012210014,-0.27564102564102566,-0.09340659340659341,-0.05311355311355311,Fc1cccc(-c2ccc3ccccc3c2)c1,13,0.0,2,10.1021/jacs.6b13346
69,0.40476190476190477,-0.23534798534798534,0.10012210012210014,-0.27564102564102566,-0.09340659340659341,-0.05311355311355311,Fc1cccc(-c2ccc3ccccc3c2)c1,15,0.0,2,10.1021/jacs.6b13346
70,0.40476190476190477,-0.23534798534798534,0.10012210012210014,-0.27564102564102566,-0.09340659340659341,-0.05311355311355311,Fc1cccc(-c2ccc3ccccc3c2)c1,16,0.0,2,10.1021/jacs.6b13346
71,-0.5952380952380952,-0.23534798534798534,-0.5665445665445665,0.7243589743589743,-0.09340659340659341,0.9468864468864469,COC(=O)C(C)c1cccc(F)c1,0,0.0,9,10.1021/jacs.6b13346
72,-0.5952380952380952,0.26465201465201466,0.43345543345543347,-0.27564102564102566,-0.09340659340659341,-0.05311355311355311,COC(=O)C(C)c1cccc(F)c1,4,0.0,9,10.1021/jacs.6b13346
73,-0.5952380952380952,0.26465201465201466,-0.2332112332112332,0.7243589743589743,-0.09340659340659341,-0.05311355311355311,COC(=O)C(C)c1cccc(F)c1,5,0.0,9,10.1021/jacs.6b13346
74,0.40476190476190477,-0.23534798534798534,0.10012210012210014,-0.27564102564102566,-0.09340659340659341,-0.05311355311355311,COC(=O)C(C)c1cccc(F)c1,7,0.0,9,10.1021/jacs.6b13346
75,0.40476190476190477,-0.23534798534798534,0.10012210012210014,-0.27564102564102566,-0.09340659340659341,-0.05311355311355311,COC(=O)C(C)c1cccc(F)c1,8,0.0,9,10.1021/jacs.6b13346
76,0.40476190476190477,-0.23534798534798534,0.10012210012210014,-0.27564102564102566,-0.09340659340659341,-0.05311355311355311,COC(=O)C(C)c1cccc(F)c1,9,100.0,9,10.1021/jacs.6b13346
77,0.40476190476190477,-0.23534798534798534,0.10012210012210014,-0.27564102564102566,-0.09340659340659341,-0.05311355311355311,COC(=O)C(C)c1cccc(F)c1,12,0.0,9,10.1021/jacs.6b13346
78,-0.5952380952380952,-0.23534798534798534,-0.5665445665445665,0.7243589743589743,-0.09340659340659341,0.9468864468864469,COc1cccc(F)c1,0,0.0,5,10.1021/jacs.6b13346
79,0.40476190476190477,-0.23534798534798534,0.10012210012210014,-0.27564102564102566,-0.09340659340659341,-0.05311355311355311,COc1cccc(F)c1,3,0.0,5,10.1021/jacs.6b13346
80,0.40476190476190477,-0.23534798534798534,0.10012210012210014,-0.27564102564102566,-0.09340659340659341,-0.05311355311355311,COc1cccc(F)c1,4,0.0,5,10.1021/jacs.6b13346
81,0.40476190476190477,-0.23534798534798534,0.10012210012210014,-0.27564102564102566,-0.09340659340659341,-0.05311355311355311,COc1cccc(F)c1,5,100.0,5,10.1021/jacs.6b13346
82,0.40476190476190477,-0.23534798534798534,0.10012210012210014,-0.27564102564102566,-0.09340659340659341,-0.05311355311355311,COc1cccc(F)c1,8,0.0,5,10.1021/jacs.6b13346
83,-0.5952380952380952,0.26465201465201466,-0.2332112332112332,0.7243589743589743,-0.09340659340659341,-0.05311355311355311,CCOC(=O)c1ncccc1C,0,0.0,8,10.1021/jacs.7b04490
84,-0.5952380952380952,0.26465201465201466,-0.2332112332112332,0.22435897435897434,-0.09340659340659341,0.9468864468864469,CCOC(=O)c1ncccc1C,1,0.0,8,10.1021/jacs.7b04490
85,0.40476190476190477,-0.23534798534798534,-0.2332112332112332,-0.27564102564102566,0.9065934065934066,-0.05311355311355311,CCOC(=O)c1ncccc1C,7,0.0,8,10.1021/jacs.7b04490
86,0.40476190476190477,-0.23534798534798534,0.10012210012210014,-0.27564102564102566,-0.09340659340659341,-0.05311355311355311,CCOC(=O)c1ncccc1C,8,100.0,8,10.1021/jacs.7b04490
87,0.40476190476190477,-0.23534798534798534,0.10012210012210014,-0.27564102564102566,-0.09340659340659341,-0.05311355311355311,CCOC(=O)c1ncccc1C,9,0.0,8,10.1021/jacs.7b04490
88,-0.5952380952380952,-0.23534798534798534,-0.2332112332112332,0.7243589743589743,-0.09340659340659341,-0.05311355311355311,CCOC(=O)c1ncccc1C,11,0.0,8,10.1021/jacs.7b04490
89,-0.5952380952380952,0.26465201465201466,-0.2332112332112332,0.7243589743589743,-0.09340659340659341,-0.05311355311355311,CCOC(=O)c1ccc2c(ccn2C)c1,0,0.0,11,10.1021/jacs.7b04490
90,-0.5952380952380952,0.26465201465201466,-0.2332112332112332,0.22435897435897434,-0.09340659340659341,0.9468864468864469,CCOC(=O)c1ccc2c(ccn2C)c1,1,0.0,11,10.1021/jacs.7b04490
91,0.40476190476190477,-0.23534798534798534,0.10012210012210014,-0.27564102564102566,-0.09340659340659341,-0.05311355311355311,CCOC(=O)c1ccc2c(ccn2C)c1,6,0.0,11,10.1021/jacs.7b04490
92,0.40476190476190477,-0.23534798534798534,0.10012210012210014,-0.27564102564102566,-0.09340659340659341,-0.05311355311355311,CCOC(=O)c1ccc2c(ccn2C)c1,7,0.0,11,10.1021/jacs.7b04490
93,0.40476190476190477,-0.23534798534798534,0.10012210012210014,-0.27564102564102566,-0.09340659340659341,-0.05311355311355311,CCOC(=O)c1ccc2c(ccn2C)c1,10,0.0,11,10.1021/jacs.7b04490
94,0.40476190476190477,-0.23534798534798534,-0.2332112332112332,-0.27564102564102566,0.9065934065934066,-0.05311355311355311,CCOC(=O)c1ccc2c(ccn2C)c1,11,100.0,11,10.1021/jacs.7b04490
95,-0.5952380952380952,-0.23534798534798534,-0.5665445665445665,0.7243589743589743,0.9065934065934066,-0.05311355311355311,CCOC(=O)c1ccc2c(ccn2C)c1,13,0.0,11,10.1021/jacs.7b04490
96,0.40476190476190477,-0.23534798534798534,0.10012210012210014,-0.27564102564102566,-0.09340659340659341,-0.05311355311355311,CCOC(=O)c1ccc2c(ccn2C)c1,14,0.0,11,10.1021/jacs.7b04490
97,-0.5952380952380952,0.26465201465201466,-0.2332112332112332,0.7243589743589743,-0.09340659340659341,-0.05311355311355311,CCOC(=O)c1cccnc1C(=O)OCC,0,0.0,7,10.1021/jacs.7b04490
98,-0.5952380952380952,0.26465201465201466,-0.2332112332112332,0.22435897435897434,-0.09340659340659341,0.9468864468864469,CCOC(=O)c1cccnc1C(=O)OCC,1,0.0,7,10.1021/jacs.7b04490
99,0.40476190476190477,-0.23534798534798534,0.10012210012210014,-0.27564102564102566,-0.09340659340659341,-0.05311355311355311,CCOC(=O)c1cccnc1C(=O)OCC,6,0.0,7,10.1021/jacs.7b04490
100,0.40476190476190477,-0.23534798534798534,0.10012210012210014,-0.27564102564102566,-0.09340659340659341,-0.05311355311355311,CCOC(=O)c1cccnc1C(=O)OCC,7,100.0,7,10.1021/jacs.7b04490
101,0.40476190476190477,-0.23534798534798534,-0.2332112332112332,-0.27564102564102566,0.9065934065934066,-0.05311355311355311,CCOC(=O)c1cccnc1C(=O)OCC,8,0.0,7,10.1021/jacs.7b04490
102,-0.5952380952380952,0.26465201465201466,-0.2332112332112332,0.22435897435897434,-0.09340659340659341,0.9468864468864469,CCOC(=O)c1cccnc1C(=O)OCC,14,0.0,7,10.1021/jacs.7b04490
103,-0.5952380952380952,0.26465201465201466,-0.2332112332112332,0.7243589743589743,-0.09340659340659341,-0.05311355311355311,CCOC(=O)c1cccnc1C(=O)OCC,15,0.0,7,10.1021/jacs.7b04490
104,-0.5952380952380952,0.26465201465201466,-0.2332112332112332,0.7243589743589743,-0.09340659340659341,-0.05311355311355311,CCOC(=O)c1cccc2cc[nH]c12,0,0.0,11,10.1021/jacs.7b04490
105,-0.5952380952380952,0.26465201465201466,-0.2332112332112332,0.22435897435897434,-0.09340659340659341,0.9468864468864469,CCOC(=O)c1cccc2cc[nH]c12,1,0.0,11,10.1021/jacs.7b04490
106,0.40476190476190477,-0.23534798534798534,0.10012210012210014,-0.27564102564102566,-0.09340659340659341,-0.05311355311355311,CCOC(=O)c1cccc2cc[nH]c12,6,0.0,11,10.1021/jacs.7b04490
107,0.40476190476190477,-0.23534798534798534,0.10012210012210014,-0.27564102564102566,-0.09340659340659341,-0.05311355311355311,CCOC(=O)c1cccc2cc[nH]c12,7,0.0,11,10.1021/jacs.7b04490
108,0.40476190476190477,-0.23534798534798534,0.10012210012210014,-0.27564102564102566,-0.09340659340659341,-0.05311355311355311,CCOC(=O)c1cccc2cc[nH]c12,8,0.0,11,10.1021/jacs.7b04490
109,0.40476190476190477,-0.23534798534798534,0.10012210012210014,-0.27564102564102566,-0.09340659340659341,-0.05311355311355311,CCOC(=O)c1cccc2cc[nH]c12,10,0.0,11,10.1021/jacs.7b04490
110,0.40476190476190477,-0.23534798534798534,-0.2332112332112332,-0.27564102564102566,0.9065934065934066,-0.05311355311355311,CCOC(=O)c1cccc2cc[nH]c12,11,100.0,11,10.1021/jacs.7b04490
111,-0.5952380952380952,0.26465201465201466,-0.2332112332112332,0.7243589743589743,-0.09340659340659341,-0.05311355311355311,CCCCCCN(CCCCCC)C(=O)c1ccccc1,0,0.0,18,10.1038/nchem.2322
112,-0.5952380952380952,0.7646520146520146,0.10012210012210014,0.22435897435897434,-0.09340659340659341,-0.05311355311355311,CCCCCCN(CCCCCC)C(=O)c1ccccc1,1,0.0,18,10.1038/nchem.2322
113,-0.5952380952380952,0.7646520146520146,0.10012210012210014,0.22435897435897434,-0.09340659340659341,-0.05311355311355311,CCCCCCN(CCCCCC)C(=O)c1ccccc1,2,0.0,18,10.1038/nchem.2322
114,-0.5952380952380952,0.7646520146520146,0.10012210012210014,0.22435897435897434,-0.09340659340659341,-0.05311355311355311,CCCCCCN(CCCCCC)C(=O)c1ccccc1,3,0.0,18,10.1038/nchem.2322
115,-0.5952380952380952,0.7646520146520146,0.10012210012210014,0.22435897435897434,-0.09340659340659341,-0.05311355311355311,CCCCCCN(CCCCCC)C(=O)c1ccccc1,4,0.0,18,10.1038/nchem.2322
116,-0.5952380952380952,0.26465201465201466,-0.2332112332112332,0.22435897435897434,0.9065934065934066,-0.05311355311355311,CCCCCCN(CCCCCC)C(=O)c1ccccc1,5,0.0,18,10.1038/nchem.2322
117,0.40476190476190477,-0.23534798534798534,0.10012210012210014,-0.27564102564102566,-0.09340659340659341,-0.05311355311355311,CCCCCCN(CCCCCC)C(=O)c1ccccc1,16,0.0,18,10.1038/nchem.2322
118,0.40476190476190477,-0.23534798534798534,0.10012210012210014,-0.27564102564102566,-0.09340659340659341,-0.05311355311355311,CCCCCCN(CCCCCC)C(=O)c1ccccc1,17,48.888888888888886,18,10.1038/nchem.2322
119,0.40476190476190477,-0.23534798534798534,0.10012210012210014,-0.27564102564102566,-0.09340659340659341,-0.05311355311355311,CCCCCCN(CCCCCC)C(=O)c1ccccc1,18,51.111111111111114,18,10.1038/nchem.2322
120,-0.5952380952380952,0.26465201465201466,-0.2332112332112332,0.7243589743589743,-0.09340659340659341,-0.05311355311355311,CCCCCCN(CCCCCC)C(=O)c1ccccc1OC,0,0.0,18,10.1038/nchem.2322
121,-0.5952380952380952,0.7646520146520146,0.10012210012210014,0.22435897435897434,-0.09340659340659341,-0.05311355311355311,CCCCCCN(CCCCCC)C(=O)c1ccccc1OC,1,0.0,18,10.1038/nchem.2322
122,-0.5952380952380952,0.7646520146520146,0.10012210012210014,0.22435897435897434,-0.09340659340659341,-0.05311355311355311,CCCCCCN(CCCCCC)C(=O)c1ccccc1OC,2,0.0,18,10.1038/nchem.2322
123,-0.5952380952380952,0.7646520146520146,0.10012210012210014,0.22435897435897434,-0.09340659340659341,-0.05311355311355311,CCCCCCN(CCCCCC)C(=O)c1ccccc1OC,3,0.0,18,10.1038/nchem.2322
124,-0.5952380952380952,0.7646520146520146,0.10012210012210014,0.22435897435897434,-0.09340659340659341,-0.05311355311355311,CCCCCCN(CCCCCC)C(=O)c1ccccc1OC,4,0.0,18,10.1038/nchem.2322
125,-0.5952380952380952,0.26465201465201466,-0.2332112332112332,0.22435897435897434,0.9065934065934066,-0.05311355311355311,CCCCCCN(CCCCCC)C(=O)c1ccccc1OC,5,0.0,18,10.1038/nchem.2322
126,0.40476190476190477,-0.23534798534798534,0.10012210012210014,-0.27564102564102566,-0.09340659340659341,-0.05311355311355311,CCCCCCN(CCCCCC)C(=O)c1ccccc1OC,16,0.0,18,10.1038/nchem.2322
127,0.40476190476190477,-0.23534798534798534,0.10012210012210014,-0.27564102564102566,-0.09340659340659341,-0.05311355311355311,CCCCCCN(CCCCCC)C(=O)c1ccccc1OC,17,32.5,18,10.1038/nchem.2322
128,0.40476190476190477,-0.23534798534798534,0.10012210012210014,-0.27564102564102566,-0.09340659340659341,-0.05311355311355311,CCCCCCN(CCCCCC)C(=O)c1ccccc1OC,18,67.5,18,10.1038/nchem.2322
129,0.40476190476190477,-0.23534798534798534,0.10012210012210014,-0.27564102564102566,-0.09340659340659341,-0.05311355311355311,CCCCCCN(CCCCCC)C(=O)c1ccccc1OC,19,0.0,18,10.1038/nchem.2322
130,-0.5952380952380952,-0.23534798534798534,-0.5665445665445665,0.7243589743589743,-0.09340659340659341,0.9468864468864469,CCCCCCN(CCCCCC)C(=O)c1ccccc1OC,22,0.0,18,10.1038/nchem.2322
131,-0.5952380952380952,0.26465201465201466,-0.2332112332112332,0.7243589743589743,-0.09340659340659341,-0.05311355311355311,CCCCCCN(CCCCCC)C(=O)c1ccccc1Br,0,0.0,18,10.1038/nchem.2322
132,-0.5952380952380952,0.7646520146520146,0.10012210012210014,0.22435897435897434,-0.09340659340659341,-0.05311355311355311,CCCCCCN(CCCCCC)C(=O)c1ccccc1Br,1,0.0,18,10.1038/nchem.2322
133,-0.5952380952380952,0.7646520146520146,0.10012210012210014,0.22435897435897434,-0.09340659340659341,-0.05311355311355311,CCCCCCN(CCCCCC)C(=O)c1ccccc1Br,2,0.0,18,10.1038/nchem.2322
134,-0.5952380952380952,0.7646520146520146,0.10012210012210014,0.22435897435897434,-0.09340659340659341,-0.05311355311355311,CCCCCCN(CCCCCC)C(=O)c1ccccc1Br,3,0.0,18,10.1038/nchem.2322
135,-0.5952380952380952,0.7646520146520146,0.10012210012210014,0.22435897435897434,-0.09340659340659341,-0.05311355311355311,CCCCCCN(CCCCCC)C(=O)c1ccccc1Br,4,0.0,18,10.1038/nchem.2322
136,-0.5952380952380952,0.26465201465201466,-0.2332112332112332,0.22435897435897434,0.9065934065934066,-0.05311355311355311,CCCCCCN(CCCCCC)C(=O)c1ccccc1Br,5,0.0,18,10.1038/nchem.2322
137,0.40476190476190477,-0.23534798534798534,0.10012210012210014,-0.27564102564102566,-0.09340659340659341,-0.05311355311355311,CCCCCCN(CCCCCC)C(=O)c1ccccc1Br,16,0.0,18,10.1038/nchem.2322
138,0.40476190476190477,-0.23534798534798534,0.10012210012210014,-0.27564102564102566,-0.09340659340659341,-0.05311355311355311,CCCCCCN(CCCCCC)C(=O)c1ccccc1Br,17,31.95876288659794,18,10.1038/nchem.2322
139,0.40476190476190477,-0.23534798534798534,0.10012210012210014,-0.27564102564102566,-0.09340659340659341,-0.05311355311355311,CCCCCCN(CCCCCC)C(=O)c1ccccc1Br,18,68.04123711340206,18,10.1038/nchem.2322
140,0.40476190476190477,-0.23534798534798534,0.10012210012210014,-0.27564102564102566,-0.09340659340659341,-0.05311355311355311,CCCCCCN(CCCCCC)C(=O)c1ccccc1Br,19,0.0,18,10.1038/nchem.2322
141,-0.5952380952380952,0.26465201465201466,-0.2332112332112332,0.7243589743589743,-0.09340659340659341,-0.05311355311355311,CCCCCCN(CCCCCC)C(=O)c1ccccc1Cl,0,0.0,18,10.1038/nchem.2322
142,-0.5952380952380952,0.7646520146520146,0.10012210012210014,0.22435897435897434,-0.09340659340659341,-0.05311355311355311,CCCCCCN(CCCCCC)C(=O)c1ccccc1Cl,1,0.0,18,10.1038/nchem.2322
143,-0.5952380952380952,0.7646520146520146,0.10012210012210014,0.22435897435897434,-0.09340659340659341,-0.05311355311355311,CCCCCCN(CCCCCC)C(=O)c1ccccc1Cl,2,0.0,18,10.1038/nchem.2322
144,-0.5952380952380952,0.7646520146520146,0.10012210012210014,0.22435897435897434,-0.09340659340659341,-0.05311355311355311,CCCCCCN(CCCCCC)C(=O)c1ccccc1Cl,3,0.0,18,10.1038/nchem.2322
145,-0.5952380952380952,0.7646520146520146,0.10012210012210014,0.22435897435897434,-0.09340659340659341,-0.05311355311355311,CCCCCCN(CCCCCC)C(=O)c1ccccc1Cl,4,0.0,18,10.1038/nchem.2322
146,-0.5952380952380952,0.26465201465201466,-0.2332112332112332,0.22435897435897434,0.9065934065934066,-0.05311355311355311,CCCCCCN(CCCCCC)C(=O)c1ccccc1Cl,5,0.0,18,10.1038/nchem.2322
147,0.40476190476190477,-0.23534798534798534,0.10012210012210014,-0.27564102564102566,-0.09340659340659341,-0.05311355311355311,CCCCCCN(CCCCCC)C(=O)c1ccccc1Cl,16,0.0,18,10.1038/nchem.2322
148,0.40476190476190477,-0.23534798534798534,0.10012210012210014,-0.27564102564102566,-0.09340659340659341,-0.05311355311355311,CCCCCCN(CCCCCC)C(=O)c1ccccc1Cl,17,38.38383838383838,18,10.1038/nchem.2322
149,0.40476190476190477,-0.23534798534798534,0.10012210012210014,-0.27564102564102566,-0.09340659340659341,-0.05311355311355311,CCCCCCN(CCCCCC)C(=O)c1ccccc1Cl,18,61.61616161616162,18,10.1038/nchem.2322
150,0.40476190476190477,-0.23534798534798534,0.10012210012210014,-0.27564102564102566,-0.09340659340659341,-0.05311355311355311,CCCCCCN(CCCCCC)C(=O)c1ccccc1Cl,19,0.0,18,10.1038/nchem.2322
151,-0.5952380952380952,0.26465201465201466,-0.2332112332112332,0.7243589743589743,-0.09340659340659341,-0.05311355311355311,CCCCCCN(CCCCCC)C(=O)c1ccccc1C(F)(F)F,0,0.0,17,10.1038/nchem.2322
152,-0.5952380952380952,0.7646520146520146,0.10012210012210014,0.22435897435897434,-0.09340659340659341,-0.05311355311355311,CCCCCCN(CCCCCC)C(=O)c1ccccc1C(F)(F)F,1,0.0,17,10.1038/nchem.2322
153,-0.5952380952380952,0.7646520146520146,0.10012210012210014,0.22435897435897434,-0.09340659340659341,-0.05311355311355311,CCCCCCN(CCCCCC)C(=O)c1ccccc1C(F)(F)F,2,0.0,17,10.1038/nchem.2322
154,-0.5952380952380952,0.7646520146520146,0.10012210012210014,0.22435897435897434,-0.09340659340659341,-0.05311355311355311,CCCCCCN(CCCCCC)C(=O)c1ccccc1C(F)(F)F,3,0.0,17,10.1038/nchem.2322
155,-0.5952380952380952,0.7646520146520146,0.10012210012210014,0.22435897435897434,-0.09340659340659341,-0.05311355311355311,CCCCCCN(CCCCCC)C(=O)c1ccccc1C(F)(F)F,4,0.0,17,10.1038/nchem.2322
156,-0.5952380952380952,0.26465201465201466,-0.2332112332112332,0.22435897435897434,0.9065934065934066,-0.05311355311355311,CCCCCCN(CCCCCC)C(=O)c1ccccc1C(F)(F)F,5,0.0,17,10.1038/nchem.2322
157,0.40476190476190477,-0.23534798534798534,0.10012210012210014,-0.27564102564102566,-0.09340659340659341,-0.05311355311355311,CCCCCCN(CCCCCC)C(=O)c1ccccc1C(F)(F)F,16,0.0,17,10.1038/nchem.2322
158,0.40476190476190477,-0.23534798534798534,0.10012210012210014,-0.27564102564102566,-0.09340659340659341,-0.05311355311355311,CCCCCCN(CCCCCC)C(=O)c1ccccc1C(F)(F)F,17,100.0,17,10.1038/nchem.2322
159,0.40476190476190477,-0.23534798534798534,0.10012210012210014,-0.27564102564102566,-0.09340659340659341,-0.05311355311355311,CCCCCCN(CCCCCC)C(=O)c1ccccc1C(F)(F)F,18,0.0,17,10.1038/nchem.2322
160,0.40476190476190477,-0.23534798534798534,0.10012210012210014,-0.27564102564102566,-0.09340659340659341,-0.05311355311355311,CCCCCCN(CCCCCC)C(=O)c1ccccc1C(F)(F)F,19,0.0,17,10.1038/nchem.2322
161,-0.5952380952380952,0.26465201465201466,-0.2332112332112332,0.7243589743589743,-0.09340659340659341,-0.05311355311355311,CCCCCCN(CCCCCC)C(=O)c1ccccc1OC(F)(F)F,0,0.0,18,10.1038/nchem.2322
162,-0.5952380952380952,0.7646520146520146,0.10012210012210014,0.22435897435897434,-0.09340659340659341,-0.05311355311355311,CCCCCCN(CCCCCC)C(=O)c1ccccc1OC(F)(F)F,1,0.0,18,10.1038/nchem.2322
163,-0.5952380952380952,0.7646520146520146,0.10012210012210014,0.22435897435897434,-0.09340659340659341,-0.05311355311355311,CCCCCCN(CCCCCC)C(=O)c1ccccc1OC(F)(F)F,2,0.0,18,10.1038/nchem.2322
164,-0.5952380952380952,0.7646520146520146,0.10012210012210014,0.22435897435897434,-0.09340659340659341,-0.05311355311355311,CCCCCCN(CCCCCC)C(=O)c1ccccc1OC(F)(F)F,3,0.0,18,10.1038/nchem.2322
165,-0.5952380952380952,0.7646520146520146,0.10012210012210014,0.22435897435897434,-0.09340659340659341,-0.05311355311355311,CCCCCCN(CCCCCC)C(=O)c1ccccc1OC(F)(F)F,4,0.0,18,10.1038/nchem.2322
166,-0.5952380952380952,0.26465201465201466,-0.2332112332112332,0.22435897435897434,0.9065934065934066,-0.05311355311355311,CCCCCCN(CCCCCC)C(=O)c1ccccc1OC(F)(F)F,5,0.0,18,10.1038/nchem.2322
167,0.40476190476190477,-0.23534798534798534,0.10012210012210014,-0.27564102564102566,-0.09340659340659341,-0.05311355311355311,CCCCCCN(CCCCCC)C(=O)c1ccccc1OC(F)(F)F,16,0.0,18,10.1038/nchem.2322
168,0.40476190476190477,-0.23534798534798534,0.10012210012210014,-0.27564102564102566,-0.09340659340659341,-0.05311355311355311,CCCCCCN(CCCCCC)C(=O)c1ccccc1OC(F)(F)F,17,20.2020202020202,18,10.1038/nchem.2322
169,0.40476190476190477,-0.23534798534798534,0.10012210012210014,-0.27564102564102566,-0.09340659340659341,-0.05311355311355311,CCCCCCN(CCCCCC)C(=O)c1ccccc1OC(F)(F)F,18,79.79797979797979,18,10.1038/nchem.2322
170,0.40476190476190477,-0.23534798534798534,0.10012210012210014,-0.27564102564102566,-0.09340659340659341,-0.05311355311355311,CCCCCCN(CCCCCC)C(=O)c1ccccc1OC(F)(F)F,19,0.0,18,10.1038/nchem.2322
171,-0.5952380952380952,0.26465201465201466,-0.2332112332112332,0.7243589743589743,-0.09340659340659341,-0.05311355311355311,CCCCCCN(CCCCCC)C(=O)c1ccccc1C(=O)OC,0,0.0,17,10.1038/nchem.2322
172,-0.5952380952380952,0.7646520146520146,0.10012210012210014,0.22435897435897434,-0.09340659340659341,-0.05311355311355311,CCCCCCN(CCCCCC)C(=O)c1ccccc1C(=O)OC,1,0.0,17,10.1038/nchem.2322
173,-0.5952380952380952,0.7646520146520146,0.10012210012210014,0.22435897435897434,-0.09340659340659341,-0.05311355311355311,CCCCCCN(CCCCCC)C(=O)c1ccccc1C(=O)OC,2,0.0,17,10.1038/nchem.2322
174,-0.5952380952380952,0.7646520146520146,0.10012210012210014,0.22435897435897434,-0.09340659340659341,-0.05311355311355311,CCCCCCN(CCCCCC)C(=O)c1ccccc1C(=O)OC,3,0.0,17,10.1038/nchem.2322
175,-0.5952380952380952,0.7646520146520146,0.10012210012210014,0.22435897435897434,-0.09340659340659341,-0.05311355311355311,CCCCCCN(CCCCCC)C(=O)c1ccccc1C(=O)OC,4,0.0,17,10.1038/nchem.2322
176,-0.5952380952380952,0.26465201465201466,-0.2332112332112332,0.22435897435897434,0.9065934065934066,-0.05311355311355311,CCCCCCN(CCCCCC)C(=O)c1ccccc1C(=O)OC,5,0.0,17,10.1038/nchem.2322
177,0.40476190476190477,-0.23534798534798534,0.10012210012210014,-0.27564102564102566,-0.09340659340659341,-0.05311355311355311,CCCCCCN(CCCCCC)C(=O)c1ccccc1C(=O)OC,16,0.0,17,10.1038/nchem.2322
178,0.40476190476190477,-0.23534798534798534,0.10012210012210014,-0.27564102564102566,-0.09340659340659341,-0.05311355311355311,CCCCCCN(CCCCCC)C(=O)c1ccccc1C(=O)OC,17,100.0,17,10.1038/nchem.2322
179,0.40476190476190477,-0.23534798534798534,0.10012210012210014,-0.27564102564102566,-0.09340659340659341,-0.05311355311355311,CCCCCCN(CCCCCC)C(=O)c1ccccc1C(=O)OC,18,0.0,17,10.1038/nchem.2322
180,0.40476190476190477,-0.23534798534798534,0.10012210012210014,-0.27564102564102566,-0.09340659340659341,-0.05311355311355311,CCCCCCN(CCCCCC)C(=O)c1ccccc1C(=O)OC,19,0.0,17,10.1038/nchem.2322
181,-0.5952380952380952,-0.23534798534798534,-0.5665445665445665,0.7243589743589743,-0.09340659340659341,0.9468864468864469,CCCCCCN(CCCCCC)C(=O)c1ccccc1C(=O)OC,24,0.0,17,10.1038/nchem.2322
182,-0.5952380952380952,-0.23534798534798534,-0.5665445665445665,0.7243589743589743,0.9065934065934066,-0.05311355311355311,CN1Cc2ccccc2C1=O,0,0.0,6,10.1038/nchem.2322
183,-0.5952380952380952,-0.23534798534798534,-0.2332112332112332,0.22435897435897434,0.9065934065934066,-0.05311355311355311,CN1Cc2ccccc2C1=O,2,0.0,6,10.1038/nchem.2322
184,0.40476190476190477,-0.23534798534798534,0.10012210012210014,-0.27564102564102566,-0.09340659340659341,-0.05311355311355311,CN1Cc2ccccc2C1=O,4,0.0,6,10.1038/nchem.2322
185,0.40476190476190477,-0.23534798534798534,0.10012210012210014,-0.27564102564102566,-0.09340659340659341,-0.05311355311355311,CN1Cc2ccccc2C1=O,5,48.148148148148145,6,10.1038/nchem.2322
186,0.40476190476190477,-0.23534798534798534,0.10012210012210014,-0.27564102564102566,-0.09340659340659341,-0.05311355311355311,CN1Cc2ccccc2C1=O,6,51.851851851851855,6,10.1038/nchem.2322
187,0.40476190476190477,-0.23534798534798534,0.10012210012210014,-0.27564102564102566,-0.09340659340659341,-0.05311355311355311,CN1Cc2ccccc2C1=O,7,0.0,6,10.1038/nchem.2322
188,-0.5952380952380952,-0.23534798534798534,-0.5665445665445665,0.7243589743589743,0.9065934065934066,-0.05311355311355311,CN(C)C(=O)c1ccccc1,0,0.0,8,10.1038/nchem.2322
189,0.40476190476190477,-0.23534798534798534,0.10012210012210014,-0.27564102564102566,-0.09340659340659341,-0.05311355311355311,CN(C)C(=O)c1ccccc1,6,0.0,8,10.1038/nchem.2322
190,0.40476190476190477,-0.23534798534798534,0.10012210012210014,-0.27564102564102566,-0.09340659340659341,-0.05311355311355311,CN(C)C(=O)c1ccccc1,7,42.028985507246375,8,10.1038/nchem.2322
191,0.40476190476190477,-0.23534798534798534,0.10012210012210014,-0.27564102564102566,-0.09340659340659341,-0.05311355311355311,CN(C)C(=O)c1ccccc1,8,57.971014492753625,8,10.1038/nchem.2322
192,0.40476190476190477,-0.23534798534798534,0.10012210012210014,-0.27564102564102566,-0.09340659340659341,-0.05311355311355311,O=C(c1ccccc1)N1CCCCC1,3,0.0,5,10.1038/nchem.2322
193,0.40476190476190477,-0.23534798534798534,0.10012210012210014,-0.27564102564102566,-0.09340659340659341,-0.05311355311355311,O=C(c1ccccc1)N1CCCCC1,4,42.857142857142854,5,10.1038/nchem.2322
194,0.40476190476190477,-0.23534798534798534,0.10012210012210014,-0.27564102564102566,-0.09340659340659341,-0.05311355311355311,O=C(c1ccccc1)N1CCCCC1,5,57.142857142857146,5,10.1038/nchem.2322
195,-0.5952380952380952,0.26465201465201466,-0.2332112332112332,0.22435897435897434,0.9065934065934066,-0.05311355311355311,O=C(c1ccccc1)N1CCCCC1,9,0.0,5,10.1038/nchem.2322
196,-0.5952380952380952,0.7646520146520146,0.10012210012210014,0.22435897435897434,-0.09340659340659341,-0.05311355311355311,O=C(c1ccccc1)N1CCCCC1,10,0.0,5,10.1038/nchem.2322
197,-0.5952380952380952,0.7646520146520146,0.10012210012210014,0.22435897435897434,-0.09340659340659341,-0.05311355311355311,O=C(c1ccccc1)N1CCCCC1,11,0.0,5,10.1038/nchem.2322
198,0.40476190476190477,-0.23534798534798534,0.10012210012210014,-0.27564102564102566,-0.09340659340659341,-0.05311355311355311,O=C(c1ccccc1Br)N1CCOCC1,3,0.0,5,10.1038/nchem.2322
199,0.40476190476190477,-0.23534798534798534,0.10012210012210014,-0.27564102564102566,-0.09340659340659341,-0.05311355311355311,O=C(c1ccccc1Br)N1CCOCC1,4,40.0,5,10.1038/nchem.2322
200,0.40476190476190477,-0.23534798534798534,0.10012210012210014,-0.27564102564102566,-0.09340659340659341,-0.05311355311355311,O=C(c1ccccc1Br)N1CCOCC1,5,60.0,5,10.1038/nchem.2322
201,0.40476190476190477,-0.23534798534798534,0.10012210012210014,-0.27564102564102566,-0.09340659340659341,-0.05311355311355311,O=C(c1ccccc1Br)N1CCOCC1,6,0.0,5,10.1038/nchem.2322
202,-0.5952380952380952,0.26465201465201466,-0.2332112332112332,0.22435897435897434,0.9065934065934066,-0.05311355311355311,O=C(c1ccccc1Br)N1CCOCC1,10,0.0,5,10.1038/nchem.2322
203,-0.5952380952380952,0.26465201465201466,-0.2332112332112332,0.22435897435897434,-0.09340659340659341,0.9468864468864469,O=C(c1ccccc1Br)N1CCOCC1,11,0.0,5,10.1038/nchem.2322
204,0.40476190476190477,-0.23534798534798534,0.10012210012210014,-0.27564102564102566,-0.09340659340659341,-0.05311355311355311,O=C(c1ccccc1)N1CCCCCC1,3,0.0,4,10.1038/nchem.2322
205,0.40476190476190477,-0.23534798534798534,0.10012210012210014,-0.27564102564102566,-0.09340659340659341,-0.05311355311355311,O=C(c1ccccc1)N1CCCCCC1,4,52.54237288135593,4,10.1038/nchem.2322
206,0.40476190476190477,-0.23534798534798534,0.10012210012210014,-0.27564102564102566,-0.09340659340659341,-0.05311355311355311,O=C(c1ccccc1)N1CCCCCC1,5,47.45762711864407,4,10.1038/nchem.2322
207,-0.5952380952380952,0.26465201465201466,-0.2332112332112332,0.22435897435897434,0.9065934065934066,-0.05311355311355311,O=C(c1ccccc1)N1CCCCCC1,9,0.0,4,10.1038/nchem.2322
208,-0.5952380952380952,0.7646520146520146,0.10012210012210014,0.22435897435897434,-0.09340659340659341,-0.05311355311355311,O=C(c1ccccc1)N1CCCCCC1,10,0.0,4,10.1038/nchem.2322
209,-0.5952380952380952,0.7646520146520146,0.10012210012210014,0.22435897435897434,-0.09340659340659341,-0.05311355311355311,O=C(c1ccccc1)N1CCCCCC1,11,0.0,4,10.1038/nchem.2322
210,-0.5952380952380952,0.26465201465201466,-0.2332112332112332,0.7243589743589743,-0.09340659340659341,-0.05311355311355311,CCCCCCN(CCCCCC)C(=O)c1cccc(F)c1,0,0.0,17,10.1038/nchem.2322
211,-0.5952380952380952,0.7646520146520146,0.10012210012210014,0.22435897435897434,-0.09340659340659341,-0.05311355311355311,CCCCCCN(CCCCCC)C(=O)c1cccc(F)c1,1,0.0,17,10.1038/nchem.2322
212,-0.5952380952380952,0.7646520146520146,0.10012210012210014,0.22435897435897434,-0.09340659340659341,-0.05311355311355311,CCCCCCN(CCCCCC)C(=O)c1cccc(F)c1,2,0.0,17,10.1038/nchem.2322
213,-0.5952380952380952,0.7646520146520146,0.10012210012210014,0.22435897435897434,-0.09340659340659341,-0.05311355311355311,CCCCCCN(CCCCCC)C(=O)c1cccc(F)c1,3,0.0,17,10.1038/nchem.2322
214,-0.5952380952380952,0.7646520146520146,0.10012210012210014,0.22435897435897434,-0.09340659340659341,-0.05311355311355311,CCCCCCN(CCCCCC)C(=O)c1cccc(F)c1,4,0.0,17,10.1038/nchem.2322
215,-0.5952380952380952,0.26465201465201466,-0.2332112332112332,0.22435897435897434,0.9065934065934066,-0.05311355311355311,CCCCCCN(CCCCCC)C(=O)c1cccc(F)c1,5,0.0,17,10.1038/nchem.2322
216,0.40476190476190477,-0.23534798534798534,0.10012210012210014,-0.27564102564102566,-0.09340659340659341,-0.05311355311355311,CCCCCCN(CCCCCC)C(=O)c1cccc(F)c1,16,0.0,17,10.1038/nchem.2322
217,0.40476190476190477,-0.23534798534798534,0.10012210012210014,-0.27564102564102566,-0.09340659340659341,-0.05311355311355311,CCCCCCN(CCCCCC)C(=O)c1cccc(F)c1,17,50.0,17,10.1038/nchem.2322
218,0.40476190476190477,-0.23534798534798534,0.10012210012210014,-0.27564102564102566,-0.09340659340659341,-0.05311355311355311,CCCCCCN(CCCCCC)C(=O)c1cccc(F)c1,18,50.0,17,10.1038/nchem.2322
219,0.40476190476190477,-0.23534798534798534,0.10012210012210014,-0.27564102564102566,-0.09340659340659341,-0.05311355311355311,CCCCCCN(CCCCCC)C(=O)c1cccc(F)c1,21,0.0,17,10.1038/nchem.2322
220,-0.5952380952380952,0.26465201465201466,-0.2332112332112332,0.7243589743589743,-0.09340659340659341,-0.05311355311355311,CCCCCCN(CCCCCC)C(=O)c1cccc(Br)c1,0,0.0,17,10.1038/nchem.2322
221,-0.5952380952380952,0.7646520146520146,0.10012210012210014,0.22435897435897434,-0.09340659340659341,-0.05311355311355311,CCCCCCN(CCCCCC)C(=O)c1cccc(Br)c1,1,0.0,17,10.1038/nchem.2322
222,-0.5952380952380952,0.7646520146520146,0.10012210012210014,0.22435897435897434,-0.09340659340659341,-0.05311355311355311,CCCCCCN(CCCCCC)C(=O)c1cccc(Br)c1,2,0.0,17,10.1038/nchem.2322
223,-0.5952380952380952,0.7646520146520146,0.10012210012210014,0.22435897435897434,-0.09340659340659341,-0.05311355311355311,CCCCCCN(CCCCCC)C(=O)c1cccc(Br)c1,3,0.0,17,10.1038/nchem.2322
224,-0.5952380952380952,0.7646520146520146,0.10012210012210014,0.22435897435897434,-0.09340659340659341,-0.05311355311355311,CCCCCCN(CCCCCC)C(=O)c1cccc(Br)c1,4,0.0,17,10.1038/nchem.2322
225,-0.5952380952380952,0.26465201465201466,-0.2332112332112332,0.22435897435897434,0.9065934065934066,-0.05311355311355311,CCCCCCN(CCCCCC)C(=O)c1cccc(Br)c1,5,0.0,17,10.1038/nchem.2322
226,0.40476190476190477,-0.23534798534798534,0.10012210012210014,-0.27564102564102566,-0.09340659340659341,-0.05311355311355311,CCCCCCN(CCCCCC)C(=O)c1cccc(Br)c1,16,0.0,17,10.1038/nchem.2322
227,0.40476190476190477,-0.23534798534798534,0.10012210012210014,-0.27564102564102566,-0.09340659340659341,-0.05311355311355311,CCCCCCN(CCCCCC)C(=O)c1cccc(Br)c1,17,100.0,17,10.1038/nchem.2322
228,0.40476190476190477,-0.23534798534798534,0.10012210012210014,-0.27564102564102566,-0.09340659340659341,-0.05311355311355311,CCCCCCN(CCCCCC)C(=O)c1cccc(Br)c1,18,0.0,17,10.1038/nchem.2322
229,0.40476190476190477,-0.23534798534798534,0.10012210012210014,-0.27564102564102566,-0.09340659340659341,-0.05311355311355311,CCCCCCN(CCCCCC)C(=O)c1cccc(Br)c1,21,0.0,17,10.1038/nchem.2322
230,-0.5952380952380952,0.26465201465201466,-0.2332112332112332,0.7243589743589743,-0.09340659340659341,-0.05311355311355311,CCCCCCN(CCCCCC)C(=O)c1cccc(-c2ccccc2)c1,0,0.0,17,10.1038/nchem.2322
231,-0.5952380952380952,0.7646520146520146,0.10012210012210014,0.22435897435897434,-0.09340659340659341,-0.05311355311355311,CCCCCCN(CCCCCC)C(=O)c1cccc(-c2ccccc2)c1,1,0.0,17,10.1038/nchem.2322
232,-0.5952380952380952,0.7646520146520146,0.10012210012210014,0.22435897435897434,-0.09340659340659341,-0.05311355311355311,CCCCCCN(CCCCCC)C(=O)c1cccc(-c2ccccc2)c1,2,0.0,17,10.1038/nchem.2322
233,-0.5952380952380952,0.7646520146520146,0.10012210012210014,0.22435897435897434,-0.09340659340659341,-0.05311355311355311,CCCCCCN(CCCCCC)C(=O)c1cccc(-c2ccccc2)c1,3,0.0,17,10.1038/nchem.2322
234,-0.5952380952380952,0.7646520146520146,0.10012210012210014,0.22435897435897434,-0.09340659340659341,-0.05311355311355311,CCCCCCN(CCCCCC)C(=O)c1cccc(-c2ccccc2)c1,4,0.0,17,10.1038/nchem.2322
235,-0.5952380952380952,0.26465201465201466,-0.2332112332112332,0.22435897435897434,0.9065934065934066,-0.05311355311355311,CCCCCCN(CCCCCC)C(=O)c1cccc(-c2ccccc2)c1,5,0.0,17,10.1038/nchem.2322
236,0.40476190476190477,-0.23534798534798534,0.10012210012210014,-0.27564102564102566,-0.09340659340659341,-0.05311355311355311,CCCCCCN(CCCCCC)C(=O)c1cccc(-c2ccccc2)c1,16,0.0,17,10.1038/nchem.2322
237,0.40476190476190477,-0.23534798534798534,0.10012210012210014,-0.27564102564102566,-0.09340659340659341,-0.05311355311355311,CCCCCCN(CCCCCC)C(=O)c1cccc(-c2ccccc2)c1,17,100.0,17,10.1038/nchem.2322
238,0.40476190476190477,-0.23534798534798534,0.10012210012210014,-0.27564102564102566,-0.09340659340659341,-0.05311355311355311,CCCCCCN(CCCCCC)C(=O)c1cccc(-c2ccccc2)c1,18,0.0,17,10.1038/nchem.2322
239,0.40476190476190477,-0.23534798534798534,0.10012210012210014,-0.27564102564102566,-0.09340659340659341,-0.05311355311355311,CCCCCCN(CCCCCC)C(=O)c1cccc(-c2ccccc2)c1,21,0.0,17,10.1038/nchem.2322
240,0.40476190476190477,-0.23534798534798534,0.10012210012210014,-0.27564102564102566,-0.09340659340659341,-0.05311355311355311,CCCCCCN(CCCCCC)C(=O)c1cccc(-c2ccccc2)c1,22,0.0,17,10.1038/nchem.2322
241,0.40476190476190477,-0.23534798534798534,0.10012210012210014,-0.27564102564102566,-0.09340659340659341,-0.05311355311355311,CCCCCCN(CCCCCC)C(=O)c1cccc(-c2ccccc2)c1,23,0.0,17,10.1038/nchem.2322
242,0.40476190476190477,-0.23534798534798534,0.10012210012210014,-0.27564102564102566,-0.09340659340659341,-0.05311355311355311,CCCCCCN(CCCCCC)C(=O)c1cccc(-c2ccccc2)c1,26,0.0,17,10.1038/nchem.2322
243,-0.5952380952380952,0.26465201465201466,-0.2332112332112332,0.7243589743589743,-0.09340659340659341,-0.05311355311355311,CCCCCCN(CCCCCC)C(=O)c1cccc(C#N)c1,0,0.0,17,10.1038/nchem.2322
244,-0.5952380952380952,0.7646520146520146,0.10012210012210014,0.22435897435897434,-0.09340659340659341,-0.05311355311355311,CCCCCCN(CCCCCC)C(=O)c1cccc(C#N)c1,1,0.0,17,10.1038/nchem.2322
245,-0.5952380952380952,0.7646520146520146,0.10012210012210014,0.22435897435897434,-0.09340659340659341,-0.05311355311355311,CCCCCCN(CCCCCC)C(=O)c1cccc(C#N)c1,2,0.0,17,10.1038/nchem.2322
246,-0.5952380952380952,0.7646520146520146,0.10012210012210014,0.22435897435897434,-0.09340659340659341,-0.05311355311355311,CCCCCCN(CCCCCC)C(=O)c1cccc(C#N)c1,3,0.0,17,10.1038/nchem.2322
247,-0.5952380952380952,0.7646520146520146,0.10012210012210014,0.22435897435897434,-0.09340659340659341,-0.05311355311355311,CCCCCCN(CCCCCC)C(=O)c1cccc(C#N)c1,4,0.0,17,10.1038/nchem.2322
248,-0.5952380952380952,0.26465201465201466,-0.2332112332112332,0.22435897435897434,0.9065934065934066,-0.05311355311355311,CCCCCCN(CCCCCC)C(=O)c1cccc(C#N)c1,5,0.0,17,10.1038/nchem.2322
249,0.40476190476190477,-0.23534798534798534,0.10012210012210014,-0.27564102564102566,-0.09340659340659341,-0.05311355311355311,CCCCCCN(CCCCCC)C(=O)c1cccc(C#N)c1,16,0.0,17,10.1038/nchem.2322
250,0.40476190476190477,-0.23534798534798534,0.10012210012210014,-0.27564102564102566,-0.09340659340659341,-0.05311355311355311,CCCCCCN(CCCCCC)C(=O)c1cccc(C#N)c1,17,100.0,17,10.1038/nchem.2322
251,0.40476190476190477,-0.23534798534798534,0.10012210012210014,-0.27564102564102566,-0.09340659340659341,-0.05311355311355311,CCCCCCN(CCCCCC)C(=O)c1cccc(C#N)c1,18,0.0,17,10.1038/nchem.2322
252,0.40476190476190477,-0.23534798534798534,0.10012210012210014,-0.27564102564102566,-0.09340659340659341,-0.05311355311355311,CCCCCCN(CCCCCC)C(=O)c1cccc(C#N)c1,22,0.0,17,10.1038/nchem.2322
253,-0.5952380952380952,0.26465201465201466,-0.2332112332112332,0.7243589743589743,-0.09340659340659341,-0.05311355311355311,CCCCCCN(CCCCCC)C(=O)c1cccc(Cl)c1Cl,0,0.0,17,10.1038/nchem.2322
254,-0.5952380952380952,0.7646520146520146,0.10012210012210014,0.22435897435897434,-0.09340659340659341,-0.05311355311355311,CCCCCCN(CCCCCC)C(=O)c1cccc(Cl)c1Cl,1,0.0,17,10.1038/nchem.2322
255,-0.5952380952380952,0.7646520146520146,0.10012210012210014,0.22435897435897434,-0.09340659340659341,-0.05311355311355311,CCCCCCN(CCCCCC)C(=O)c1cccc(Cl)c1Cl,2,0.0,17,10.1038/nchem.2322
256,-0.5952380952380952,0.7646520146520146,0.10012210012210014,0.22435897435897434,-0.09340659340659341,-0.05311355311355311,CCCCCCN(CCCCCC)C(=O)c1cccc(Cl)c1Cl,3,0.0,17,10.1038/nchem.2322
257,-0.5952380952380952,0.7646520146520146,0.10012210012210014,0.22435897435897434,-0.09340659340659341,-0.05311355311355311,CCCCCCN(CCCCCC)C(=O)c1cccc(Cl)c1Cl,4,0.0,17,10.1038/nchem.2322
258,-0.5952380952380952,0.26465201465201466,-0.2332112332112332,0.22435897435897434,0.9065934065934066,-0.05311355311355311,CCCCCCN(CCCCCC)C(=O)c1cccc(Cl)c1Cl,5,0.0,17,10.1038/nchem.2322
259,0.40476190476190477,-0.23534798534798534,0.10012210012210014,-0.27564102564102566,-0.09340659340659341,-0.05311355311355311,CCCCCCN(CCCCCC)C(=O)c1cccc(Cl)c1Cl,16,0.0,17,10.1038/nchem.2322
260,0.40476190476190477,-0.23534798534798534,0.10012210012210014,-0.27564102564102566,-0.09340659340659341,-0.05311355311355311,CCCCCCN(CCCCCC)C(=O)c1cccc(Cl)c1Cl,17,100.0,17,10.1038/nchem.2322
261,0.40476190476190477,-0.23534798534798534,0.10012210012210014,-0.27564102564102566,-0.09340659340659341,-0.05311355311355311,CCCCCCN(CCCCCC)C(=O)c1cccc(Cl)c1Cl,18,0.0,17,10.1038/nchem.2322
262,-0.5952380952380952,0.26465201465201466,-0.2332112332112332,0.7243589743589743,-0.09340659340659341,-0.05311355311355311,CCCCCCN(CCCCCC)C(=O)c1cccc(C(F)(F)F)c1F,0,0.0,17,10.1038/nchem.2322
263,-0.5952380952380952,0.7646520146520146,0.10012210012210014,0.22435897435897434,-0.09340659340659341,-0.05311355311355311,CCCCCCN(CCCCCC)C(=O)c1cccc(C(F)(F)F)c1F,1,0.0,17,10.1038/nchem.2322
264,-0.5952380952380952,0.7646520146520146,0.10012210012210014,0.22435897435897434,-0.09340659340659341,-0.05311355311355311,CCCCCCN(CCCCCC)C(=O)c1cccc(C(F)(F)F)c1F,2,0.0,17,10.1038/nchem.2322
265,-0.5952380952380952,0.7646520146520146,0.10012210012210014,0.22435897435897434,-0.09340659340659341,-0.05311355311355311,CCCCCCN(CCCCCC)C(=O)c1cccc(C(F)(F)F)c1F,3,0.0,17,10.1038/nchem.2322
266,-0.5952380952380952,0.7646520146520146,0.10012210012210014,0.22435897435897434,-0.09340659340659341,-0.05311355311355311,CCCCCCN(CCCCCC)C(=O)c1cccc(C(F)(F)F)c1F,4,0.0,17,10.1038/nchem.2322
267,-0.5952380952380952,0.26465201465201466,-0.2332112332112332,0.22435897435897434,0.9065934065934066,-0.05311355311355311,CCCCCCN(CCCCCC)C(=O)c1cccc(C(F)(F)F)c1F,5,0.0,17,10.1038/nchem.2322
268,0.40476190476190477,-0.23534798534798534,0.10012210012210014,-0.27564102564102566,-0.09340659340659341,-0.05311355311355311,CCCCCCN(CCCCCC)C(=O)c1cccc(C(F)(F)F)c1F,16,0.0,17,10.1038/nchem.2322
269,0.40476190476190477,-0.23534798534798534,0.10012210012210014,-0.27564102564102566,-0.09340659340659341,-0.05311355311355311,CCCCCCN(CCCCCC)C(=O)c1cccc(C(F)(F)F)c1F,17,100.0,17,10.1038/nchem.2322
270,0.40476190476190477,-0.23534798534798534,0.10012210012210014,-0.27564102564102566,-0.09340659340659341,-0.05311355311355311,CCCCCCN(CCCCCC)C(=O)c1cccc(C(F)(F)F)c1F,18,0.0,17,10.1038/nchem.2322
271,-0.5952380952380952,0.26465201465201466,-0.2332112332112332,0.7243589743589743,-0.09340659340659341,-0.05311355311355311,CCCCCCN(CCCCCC)C(=O)c1cccs1,0,0.0,18,10.1038/nchem.2322
272,-0.5952380952380952,0.7646520146520146,0.10012210012210014,0.22435897435897434,-0.09340659340659341,-0.05311355311355311,CCCCCCN(CCCCCC)C(=O)c1cccs1,1,0.0,18,10.1038/nchem.2322
273,-0.5952380952380952,0.7646520146520146,0.10012210012210014,0.22435897435897434,-0.09340659340659341,-0.05311355311355311,CCCCCCN(CCCCCC)C(=O)c1cccs1,2,0.0,18,10.1038/nchem.2322
274,-0.5952380952380952,0.7646520146520146,0.10012210012210014,0.22435897435897434,-0.09340659340659341,-0.05311355311355311,CCCCCCN(CCCCCC)C(=O)c1cccs1,3,0.0,18,10.1038/nchem.2322
275,-0.5952380952380952,0.7646520146520146,0.10012210012210014,0.22435897435897434,-0.09340659340659341,-0.05311355311355311,CCCCCCN(CCCCCC)C(=O)c1cccs1,4,0.0,18,10.1038/nchem.2322
276,-0.5952380952380952,0.26465201465201466,-0.2332112332112332,0.22435897435897434,0.9065934065934066,-0.05311355311355311,CCCCCCN(CCCCCC)C(=O)c1cccs1,5,0.0,18,10.1038/nchem.2322
277,0.40476190476190477,-0.23534798534798534,0.10012210012210014,-0.27564102564102566,-0.09340659340659341,-0.05311355311355311,CCCCCCN(CCCCCC)C(=O)c1cccs1,16,0.0,18,10.1038/nchem.2322
278,0.40476190476190477,-0.23534798534798534,0.10012210012210014,-0.27564102564102566,-0.09340659340659341,-0.05311355311355311,CCCCCCN(CCCCCC)C(=O)c1cccs1,17,0.0,18,10.1038/nchem.2322
279,0.40476190476190477,-0.23534798534798534,-0.2332112332112332,-0.27564102564102566,-0.09340659340659341,-0.05311355311355311,CCCCCCN(CCCCCC)C(=O)c1cccs1,18,100.0,18,10.1038/nchem.2322
280,-0.5952380952380952,0.26465201465201466,-0.2332112332112332,0.7243589743589743,-0.09340659340659341,-0.05311355311355311,CCCCCCN(CCCCCC)C(=O)c1ccc[nH]1,0,0.0,18,10.1038/nchem.2322
281,-0.5952380952380952,0.7646520146520146,0.10012210012210014,0.22435897435897434,-0.09340659340659341,-0.05311355311355311,CCCCCCN(CCCCCC)C(=O)c1ccc[nH]1,1,0.0,18,10.1038/nchem.2322
282,-0.5952380952380952,0.7646520146520146,0.10012210012210014,0.22435897435897434,-0.09340659340659341,-0.05311355311355311,CCCCCCN(CCCCCC)C(=O)c1ccc[nH]1,2,0.0,18,10.1038/nchem.2322
283,-0.5952380952380952,0.7646520146520146,0.10012210012210014,0.22435897435897434,-0.09340659340659341,-0.05311355311355311,CCCCCCN(CCCCCC)C(=O)c1ccc[nH]1,3,0.0,18,10.1038/nchem.2322
284,-0.5952380952380952,0.7646520146520146,0.10012210012210014,0.22435897435897434,-0.09340659340659341,-0.05311355311355311,CCCCCCN(CCCCCC)C(=O)c1ccc[nH]1,4,0.0,18,10.1038/nchem.2322
285,-0.5952380952380952,0.26465201465201466,-0.2332112332112332,0.22435897435897434,0.9065934065934066,-0.05311355311355311,CCCCCCN(CCCCCC)C(=O)c1ccc[nH]1,5,0.0,18,10.1038/nchem.2322
286,0.40476190476190477,-0.23534798534798534,0.10012210012210014,-0.27564102564102566,-0.09340659340659341,-0.05311355311355311,CCCCCCN(CCCCCC)C(=O)c1ccc[nH]1,16,0.0,18,10.1038/nchem.2322
287,0.40476190476190477,-0.23534798534798534,0.10012210012210014,-0.27564102564102566,-0.09340659340659341,-0.05311355311355311,CCCCCCN(CCCCCC)C(=O)c1ccc[nH]1,17,0.0,18,10.1038/nchem.2322
288,0.40476190476190477,-0.23534798534798534,-0.2332112332112332,-0.27564102564102566,0.9065934065934066,-0.05311355311355311,CCCCCCN(CCCCCC)C(=O)c1ccc[nH]1,18,100.0,18,10.1038/nchem.2322
289,-0.5952380952380952,0.26465201465201466,-0.2332112332112332,0.7243589743589743,-0.09340659340659341,-0.05311355311355311,CCCCCCN(CCCCCC)C(=O)c1cccn1C,0,0.0,18,10.1038/nchem.2322
290,-0.5952380952380952,0.7646520146520146,0.10012210012210014,0.22435897435897434,-0.09340659340659341,-0.05311355311355311,CCCCCCN(CCCCCC)C(=O)c1cccn1C,1,0.0,18,10.1038/nchem.2322
291,-0.5952380952380952,0.7646520146520146,0.10012210012210014,0.22435897435897434,-0.09340659340659341,-0.05311355311355311,CCCCCCN(CCCCCC)C(=O)c1cccn1C,2,0.0,18,10.1038/nchem.2322
292,-0.5952380952380952,0.7646520146520146,0.10012210012210014,0.22435897435897434,-0.09340659340659341,-0.05311355311355311,CCCCCCN(CCCCCC)C(=O)c1cccn1C,3,0.0,18,10.1038/nchem.2322
293,-0.5952380952380952,0.7646520146520146,0.10012210012210014,0.22435897435897434,-0.09340659340659341,-0.05311355311355311,CCCCCCN(CCCCCC)C(=O)c1cccn1C,4,0.0,18,10.1038/nchem.2322
294,-0.5952380952380952,0.26465201465201466,-0.2332112332112332,0.22435897435897434,0.9065934065934066,-0.05311355311355311,CCCCCCN(CCCCCC)C(=O)c1cccn1C,5,0.0,18,10.1038/nchem.2322
295,0.40476190476190477,-0.23534798534798534,0.10012210012210014,-0.27564102564102566,-0.09340659340659341,-0.05311355311355311,CCCCCCN(CCCCCC)C(=O)c1cccn1C,16,0.0,18,10.1038/nchem.2322
296,0.40476190476190477,-0.23534798534798534,0.10012210012210014,-0.27564102564102566,-0.09340659340659341,-0.05311355311355311,CCCCCCN(CCCCCC)C(=O)c1cccn1C,17,30.526315789473685,18,10.1038/nchem.2322
297,0.40476190476190477,-0.23534798534798534,-0.2332112332112332,-0.27564102564102566,0.9065934065934066,-0.05311355311355311,CCCCCCN(CCCCCC)C(=O)c1cccn1C,18,69.47368421052632,18,10.1038/nchem.2322
298,-0.5952380952380952,-0.23534798534798534,-0.5665445665445665,0.7243589743589743,0.9065934065934066,-0.05311355311355311,CCCCCCN(CCCCCC)C(=O)c1cccn1C,20,0.0,18,10.1038/nchem.2322
299,-0.5952380952380952,0.26465201465201466,-0.2332112332112332,0.7243589743589743,-0.09340659340659341,-0.05311355311355311,CCCCCCN(CCCCCC)C(=O)c1cc2ccccc2[nH]1,0,0.0,21,10.1038/nchem.2322
300,-0.5952380952380952,0.7646520146520146,0.10012210012210014,0.22435897435897434,-0.09340659340659341,-0.05311355311355311,CCCCCCN(CCCCCC)C(=O)c1cc2ccccc2[nH]1,1,0.0,21,10.1038/nchem.2322
301,-0.5952380952380952,0.7646520146520146,0.10012210012210014,0.22435897435897434,-0.09340659340659341,-0.05311355311355311,CCCCCCN(CCCCCC)C(=O)c1cc2ccccc2[nH]1,2,0.0,21,10.1038/nchem.2322
302,-0.5952380952380952,0.7646520146520146,0.10012210012210014,0.22435897435897434,-0.09340659340659341,-0.05311355311355311,CCCCCCN(CCCCCC)C(=O)c1cc2ccccc2[nH]1,3,0.0,21,10.1038/nchem.2322
303,-0.5952380952380952,0.7646520146520146,0.10012210012210014,0.22435897435897434,-0.09340659340659341,-0.05311355311355311,CCCCCCN(CCCCCC)C(=O)c1cc2ccccc2[nH]1,4,0.0,21,10.1038/nchem.2322
304,-0.5952380952380952,0.26465201465201466,-0.2332112332112332,0.22435897435897434,0.9065934065934066,-0.05311355311355311,CCCCCCN(CCCCCC)C(=O)c1cc2ccccc2[nH]1,5,0.0,21,10.1038/nchem.2322
305,0.40476190476190477,-0.23534798534798534,0.10012210012210014,-0.27564102564102566,-0.09340659340659341,-0.05311355311355311,CCCCCCN(CCCCCC)C(=O)c1cc2ccccc2[nH]1,16,0.0,21,10.1038/nchem.2322
306,0.40476190476190477,-0.23534798534798534,0.10012210012210014,-0.27564102564102566,-0.09340659340659341,-0.05311355311355311,CCCCCCN(CCCCCC)C(=O)c1cc2ccccc2[nH]1,18,0.0,21,10.1038/nchem.2322
307,0.40476190476190477,-0.23534798534798534,0.10012210012210014,-0.27564102564102566,-0.09340659340659341,-0.05311355311355311,CCCCCCN(CCCCCC)C(=O)c1cc2ccccc2[nH]1,19,0.0,21,10.1038/nchem.2322
308,0.40476190476190477,-0.23534798534798534,0.10012210012210014,-0.27564102564102566,-0.09340659340659341,-0.05311355311355311,CCCCCCN(CCCCCC)C(=O)c1cc2ccccc2[nH]1,20,0.0,21,10.1038/nchem.2322
309,0.40476190476190477,-0.23534798534798534,0.10012210012210014,-0.27564102564102566,-0.09340659340659341,-0.05311355311355311,CCCCCCN(CCCCCC)C(=O)c1cc2ccccc2[nH]1,21,100.0,21,10.1038/nchem.2322
310,-0.5952380952380952,-0.23534798534798534,-0.5665445665445665,0.7243589743589743,0.9065934065934066,-0.05311355311355311,CN(C)C(=O)c1ccccn1,0,0.0,7,10.1038/nchem.2322
311,0.40476190476190477,-0.23534798534798534,0.10012210012210014,-0.27564102564102566,-0.09340659340659341,-0.05311355311355311,CN(C)C(=O)c1ccccn1,6,0.0,7,10.1038/nchem.2322
312,0.40476190476190477,-0.23534798534798534,0.10012210012210014,-0.27564102564102566,-0.09340659340659341,-0.05311355311355311,CN(C)C(=O)c1ccccn1,7,65.9090909090909,7,10.1038/nchem.2322
313,0.40476190476190477,-0.23534798534798534,0.10012210012210014,-0.27564102564102566,-0.09340659340659341,-0.05311355311355311,CN(C)C(=O)c1ccccn1,8,34.09090909090909,7,10.1038/nchem.2322
314,0.40476190476190477,-0.23534798534798534,-0.2332112332112332,-0.27564102564102566,0.9065934065934066,-0.05311355311355311,CN(C)C(=O)c1ccccn1,9,0.0,7,10.1038/nchem.2322
315,-0.5952380952380952,0.26465201465201466,-0.2332112332112332,0.7243589743589743,-0.09340659340659341,-0.05311355311355311,CCOC(=O)c1ccccn1,0,0.0,7,10.1038/nchem.2322
316,-0.5952380952380952,0.26465201465201466,-0.2332112332112332,0.22435897435897434,-0.09340659340659341,0.9468864468864469,CCOC(=O)c1ccccn1,1,0.0,7,10.1038/nchem.2322
317,0.40476190476190477,-0.23534798534798534,0.10012210012210014,-0.27564102564102566,-0.09340659340659341,-0.05311355311355311,CCOC(=O)c1ccccn1,6,0.0,7,10.1038/nchem.2322
318,0.40476190476190477,-0.23534798534798534,0.10012210012210014,-0.27564102564102566,-0.09340659340659341,-0.05311355311355311,CCOC(=O)c1ccccn1,7,56.52173913043478,7,10.1038/nchem.2322
319,0.40476190476190477,-0.23534798534798534,0.10012210012210014,-0.27564102564102566,-0.09340659340659341,-0.05311355311355311,CCOC(=O)c1ccccn1,8,43.47826086956522,7,10.1038/nchem.2322
320,0.40476190476190477,-0.23534798534798534,-0.2332112332112332,-0.27564102564102566,0.9065934065934066,-0.05311355311355311,CCOC(=O)c1ccccn1,9,0.0,7,10.1038/nchem.2322
321,-0.5952380952380952,0.26465201465201466,-0.2332112332112332,0.7243589743589743,-0.09340659340659341,-0.05311355311355311,CCOC(=O)Cc1ccccn1,0,0.0,9,10.1038/nchem.2322
322,-0.5952380952380952,0.26465201465201466,-0.2332112332112332,0.22435897435897434,-0.09340659340659341,0.9468864468864469,CCOC(=O)Cc1ccccn1,1,0.0,9,10.1038/nchem.2322
323,-0.5952380952380952,-0.23534798534798534,0.10012210012210014,0.22435897435897434,-0.09340659340659341,-0.05311355311355311,CCOC(=O)Cc1ccccn1,5,0.0,9,10.1038/nchem.2322
324,0.40476190476190477,-0.23534798534798534,0.10012210012210014,-0.27564102564102566,-0.09340659340659341,-0.05311355311355311,CCOC(=O)Cc1ccccn1,7,0.0,9,10.1038/nchem.2322
325,0.40476190476190477,-0.23534798534798534,0.10012210012210014,-0.27564102564102566,-0.09340659340659341,-0.05311355311355311,CCOC(=O)Cc1ccccn1,8,32.58426966292135,9,10.1038/nchem.2322
326,0.40476190476190477,-0.23534798534798534,0.10012210012210014,-0.27564102564102566,-0.09340659340659341,-0.05311355311355311,CCOC(=O)Cc1ccccn1,9,67.41573033707866,9,10.1038/nchem.2322
327,0.40476190476190477,-0.23534798534798534,-0.2332112332112332,-0.27564102564102566,0.9065934065934066,-0.05311355311355311,CCOC(=O)Cc1ccccn1,10,0.0,9,10.1038/nchem.2322
328,-0.5952380952380952,0.26465201465201466,-0.2332112332112332,0.7243589743589743,-0.09340659340659341,-0.05311355311355311,CCOP(=O)(OCC)c1ccccc1,0,0.0,11,10.1038/nchem.2322
329,-0.5952380952380952,0.26465201465201466,-0.2332112332112332,0.22435897435897434,-0.09340659340659341,0.9468864468864469,CCOP(=O)(OCC)c1ccccc1,1,0.0,11,10.1038/nchem.2322
330,0.40476190476190477,-0.23534798534798534,0.10012210012210014,-0.27564102564102566,-0.09340659340659341,-0.05311355311355311,CCOP(=O)(OCC)c1ccccc1,9,0.0,11,10.1038/nchem.2322
331,0.40476190476190477,-0.23534798534798534,0.10012210012210014,-0.27564102564102566,-0.09340659340659341,-0.05311355311355311,CCOP(=O)(OCC)c1ccccc1,10,43.529411764705884,11,10.1038/nchem.2322
332,0.40476190476190477,-0.23534798534798534,0.10012210012210014,-0.27564102564102566,-0.09340659340659341,-0.05311355311355311,CCOP(=O)(OCC)c1ccccc1,11,56.470588235294116,11,10.1038/nchem.2322
333,-0.5952380952380952,0.26465201465201466,-0.2332112332112332,0.7243589743589743,-0.09340659340659341,-0.05311355311355311,CCOP(=O)(OCC)c1ccccc1C,0,0.0,11,10.1038/nchem.2322
334,-0.5952380952380952,0.26465201465201466,-0.2332112332112332,0.22435897435897434,-0.09340659340659341,0.9468864468864469,CCOP(=O)(OCC)c1ccccc1C,1,0.0,11,10.1038/nchem.2322
335,0.40476190476190477,-0.23534798534798534,0.10012210012210014,-0.27564102564102566,-0.09340659340659341,-0.05311355311355311,CCOP(=O)(OCC)c1ccccc1C,9,0.0,11,10.1038/nchem.2322
336,0.40476190476190477,-0.23534798534798534,0.10012210012210014,-0.27564102564102566,-0.09340659340659341,-0.05311355311355311,CCOP(=O)(OCC)c1ccccc1C,10,37.37373737373738,11,10.1038/nchem.2322
337,0.40476190476190477,-0.23534798534798534,0.10012210012210014,-0.27564102564102566,-0.09340659340659341,-0.05311355311355311,CCOP(=O)(OCC)c1ccccc1C,11,62.62626262626262,11,10.1038/nchem.2322
338,0.40476190476190477,-0.23534798534798534,0.10012210012210014,-0.27564102564102566,-0.09340659340659341,-0.05311355311355311,CCOP(=O)(OCC)c1ccccc1C,12,0.0,11,10.1038/nchem.2322
339,-0.5952380952380952,-0.23534798534798534,-0.2332112332112332,0.7243589743589743,-0.09340659340659341,-0.05311355311355311,CCOP(=O)(OCC)c1ccccc1C,14,0.0,11,10.1038/nchem.2322
340,-0.5952380952380952,0.26465201465201466,-0.2332112332112332,0.7243589743589743,-0.09340659340659341,-0.05311355311355311,CCOP(=O)(OCC)c1ccccc1Br,0,0.0,11,10.1038/nchem.2322
341,-0.5952380952380952,0.26465201465201466,-0.2332112332112332,0.22435897435897434,-0.09340659340659341,0.9468864468864469,CCOP(=O)(OCC)c1ccccc1Br,1,0.0,11,10.1038/nchem.2322
342,0.40476190476190477,-0.23534798534798534,0.10012210012210014,-0.27564102564102566,-0.09340659340659341,-0.05311355311355311,CCOP(=O)(OCC)c1ccccc1Br,9,0.0,11,10.1038/nchem.2322
343,0.40476190476190477,-0.23534798534798534,0.10012210012210014,-0.27564102564102566,-0.09340659340659341,-0.05311355311355311,CCOP(=O)(OCC)c1ccccc1Br,10,24.242424242424242,11,10.1038/nchem.2322
344,0.40476190476190477,-0.23534798534798534,0.10012210012210014,-0.27564102564102566,-0.09340659340659341,-0.05311355311355311,CCOP(=O)(OCC)c1ccccc1Br,11,75.75757575757575,11,10.1038/nchem.2322
345,0.40476190476190477,-0.23534798534798534,0.10012210012210014,-0.27564102564102566,-0.09340659340659341,-0.05311355311355311,CCOP(=O)(OCC)c1ccccc1Br,12,0.0,11,10.1038/nchem.2322
346,-0.5952380952380952,0.26465201465201466,-0.2332112332112332,0.7243589743589743,-0.09340659340659341,-0.05311355311355311,CCOP(=O)(OCC)c1ccccc1C(F)(F)F,0,0.0,10,10.1038/nchem.2322
347,-0.5952380952380952,0.26465201465201466,-0.2332112332112332,0.22435897435897434,-0.09340659340659341,0.9468864468864469,CCOP(=O)(OCC)c1ccccc1C(F)(F)F,1,0.0,10,10.1038/nchem.2322
348,0.40476190476190477,-0.23534798534798534,0.10012210012210014,-0.27564102564102566,-0.09340659340659341,-0.05311355311355311,CCOP(=O)(OCC)c1ccccc1C(F)(F)F,9,0.0,10,10.1038/nchem.2322
349,0.40476190476190477,-0.23534798534798534,0.10012210012210014,-0.27564102564102566,-0.09340659340659341,-0.05311355311355311,CCOP(=O)(OCC)c1ccccc1C(F)(F)F,10,100.0,10,10.1038/nchem.2322
350,0.40476190476190477,-0.23534798534798534,0.10012210012210014,-0.27564102564102566,-0.09340659340659341,-0.05311355311355311,CCOP(=O)(OCC)c1ccccc1C(F)(F)F,11,0.0,10,10.1038/nchem.2322
351,0.40476190476190477,-0.23534798534798534,0.10012210012210014,-0.27564102564102566,-0.09340659340659341,-0.05311355311355311,CCOP(=O)(OCC)c1ccccc1C(F)(F)F,12,0.0,10,10.1038/nchem.2322
352,-0.5952380952380952,0.26465201465201466,-0.2332112332112332,0.7243589743589743,-0.09340659340659341,-0.05311355311355311,CCN(CC)P(=O)(c1ccccc1)N(CC)CC,0,0.0,9,10.1038/nchem.2322
353,-0.5952380952380952,0.26465201465201466,-0.2332112332112332,0.22435897435897434,0.9065934065934066,-0.05311355311355311,CCN(CC)P(=O)(c1ccccc1)N(CC)CC,1,0.0,9,10.1038/nchem.2322
354,0.40476190476190477,-0.23534798534798534,0.10012210012210014,-0.27564102564102566,-0.09340659340659341,-0.05311355311355311,CCN(CC)P(=O)(c1ccccc1)N(CC)CC,8,0.0,9,10.1038/nchem.2322
355,0.40476190476190477,-0.23534798534798534,0.10012210012210014,-0.27564102564102566,-0.09340659340659341,-0.05311355311355311,CCN(CC)P(=O)(c1ccccc1)N(CC)CC,9,100.0,9,10.1038/nchem.2322
356,0.40476190476190477,-0.23534798534798534,0.10012210012210014,-0.27564102564102566,-0.09340659340659341,-0.05311355311355311,CCN(CC)P(=O)(c1ccccc1)N(CC)CC,10,0.0,9,10.1038/nchem.2322
357,0.40476190476190477,-0.23534798534798534,0.10012210012210014,-0.27564102564102566,-0.09340659340659341,-0.05311355311355311,O=P(c1ccccc1)(C1CCCCC1)C1CCCCC1,3,0.0,4,10.1038/nchem.2322
358,0.40476190476190477,-0.23534798534798534,0.10012210012210014,-0.27564102564102566,-0.09340659340659341,-0.05311355311355311,O=P(c1ccccc1)(C1CCCCC1)C1CCCCC1,4,100.0,4,10.1038/nchem.2322
359,0.40476190476190477,-0.23534798534798534,0.10012210012210014,-0.27564102564102566,-0.09340659340659341,-0.05311355311355311,O=P(c1ccccc1)(C1CCCCC1)C1CCCCC1,5,0.0,4,10.1038/nchem.2322
360,-0.5952380952380952,0.7646520146520146,0.10012210012210014,-0.27564102564102566,-0.09340659340659341,-0.05311355311355311,O=P(c1ccccc1)(C1CCCCC1)C1CCCCC1,8,0.0,4,10.1038/nchem.2322
361,-0.5952380952380952,0.7646520146520146,0.10012210012210014,0.22435897435897434,-0.09340659340659341,-0.05311355311355311,O=P(c1ccccc1)(C1CCCCC1)C1CCCCC1,9,0.0,4,10.1038/nchem.2322
362,-0.5952380952380952,0.7646520146520146,0.10012210012210014,0.22435897435897434,-0.09340659340659341,-0.05311355311355311,O=P(c1ccccc1)(C1CCCCC1)C1CCCCC1,10,0.0,4,10.1038/nchem.2322
363,-0.5952380952380952,0.7646520146520146,0.10012210012210014,0.22435897435897434,-0.09340659340659341,-0.05311355311355311,O=P(c1ccccc1)(C1CCCCC1)C1CCCCC1,11,0.0,4,10.1038/nchem.2322
364,-0.5952380952380952,-0.23534798534798534,-0.5665445665445665,0.7243589743589743,-0.09340659340659341,0.9468864468864469,COc1ccccc1P(=O)(C1CCCCC1)C1CCCCC1,0,0.0,5,10.1038/nchem.2322
365,0.40476190476190477,-0.23534798534798534,0.10012210012210014,-0.27564102564102566,-0.09340659340659341,-0.05311355311355311,COc1ccccc1P(=O)(C1CCCCC1)C1CCCCC1,3,0.0,5,10.1038/nchem.2322
366,0.40476190476190477,-0.23534798534798534,0.10012210012210014,-0.27564102564102566,-0.09340659340659341,-0.05311355311355311,COc1ccccc1P(=O)(C1CCCCC1)C1CCCCC1,4,0.0,5,10.1038/nchem.2322
367,0.40476190476190477,-0.23534798534798534,0.10012210012210014,-0.27564102564102566,-0.09340659340659341,-0.05311355311355311,COc1ccccc1P(=O)(C1CCCCC1)C1CCCCC1,5,100.0,5,10.1038/nchem.2322
368,0.40476190476190477,-0.23534798534798534,0.10012210012210014,-0.27564102564102566,-0.09340659340659341,-0.05311355311355311,COc1ccccc1P(=O)(C1CCCCC1)C1CCCCC1,6,0.0,5,10.1038/nchem.2322
369,-0.5952380952380952,0.7646520146520146,0.10012210012210014,-0.27564102564102566,-0.09340659340659341,-0.05311355311355311,COc1ccccc1P(=O)(C1CCCCC1)C1CCCCC1,10,0.0,5,10.1038/nchem.2322
370,-0.5952380952380952,0.7646520146520146,0.10012210012210014,0.22435897435897434,-0.09340659340659341,-0.05311355311355311,COc1ccccc1P(=O)(C1CCCCC1)C1CCCCC1,11,0.0,5,10.1038/nchem.2322
371,-0.5952380952380952,0.7646520146520146,0.10012210012210014,0.22435897435897434,-0.09340659340659341,-0.05311355311355311,COc1ccccc1P(=O)(C1CCCCC1)C1CCCCC1,12,0.0,5,10.1038/nchem.2322
372,-0.5952380952380952,0.7646520146520146,0.10012210012210014,0.22435897435897434,-0.09340659340659341,-0.05311355311355311,COc1ccccc1P(=O)(C1CCCCC1)C1CCCCC1,13,0.0,5,10.1038/nchem.2322
373,0.40476190476190477,-0.23534798534798534,0.10012210012210014,-0.27564102564102566,-0.09340659340659341,-0.05311355311355311,O=P(c1ccccc1Cl)(C1CCCCC1)C1CCCCC1,3,0.0,4,10.1038/nchem.2322
374,0.40476190476190477,-0.23534798534798534,0.10012210012210014,-0.27564102564102566,-0.09340659340659341,-0.05311355311355311,O=P(c1ccccc1Cl)(C1CCCCC1)C1CCCCC1,4,100.0,4,10.1038/nchem.2322
375,0.40476190476190477,-0.23534798534798534,0.10012210012210014,-0.27564102564102566,-0.09340659340659341,-0.05311355311355311,O=P(c1ccccc1Cl)(C1CCCCC1)C1CCCCC1,5,0.0,4,10.1038/nchem.2322
376,0.40476190476190477,-0.23534798534798534,0.10012210012210014,-0.27564102564102566,-0.09340659340659341,-0.05311355311355311,O=P(c1ccccc1Cl)(C1CCCCC1)C1CCCCC1,6,0.0,4,10.1038/nchem.2322
377,-0.5952380952380952,0.7646520146520146,0.10012210012210014,-0.27564102564102566,-0.09340659340659341,-0.05311355311355311,O=P(c1ccccc1Cl)(C1CCCCC1)C1CCCCC1,9,0.0,4,10.1038/nchem.2322
378,-0.5952380952380952,0.7646520146520146,0.10012210012210014,0.22435897435897434,-0.09340659340659341,-0.05311355311355311,O=P(c1ccccc1Cl)(C1CCCCC1)C1CCCCC1,10,0.0,4,10.1038/nchem.2322
379,-0.5952380952380952,0.7646520146520146,0.10012210012210014,0.22435897435897434,-0.09340659340659341,-0.05311355311355311,O=P(c1ccccc1Cl)(C1CCCCC1)C1CCCCC1,11,0.0,4,10.1038/nchem.2322
380,-0.5952380952380952,0.7646520146520146,0.10012210012210014,0.22435897435897434,-0.09340659340659341,-0.05311355311355311,O=P(c1ccccc1Cl)(C1CCCCC1)C1CCCCC1,12,0.0,4,10.1038/nchem.2322
381,0.40476190476190477,-0.23534798534798534,0.10012210012210014,-0.27564102564102566,-0.09340659340659341,-0.05311355311355311,FC(F)(F)c1ccc2c(Cl)ccnc2c1,5,0.0,10,10.1039/c2sc20776a
382,0.40476190476190477,-0.23534798534798534,0.10012210012210014,-0.27564102564102566,-0.09340659340659341,-0.05311355311355311,FC(F)(F)c1ccc2c(Cl)ccnc2c1,6,0.0,10,10.1039/c2sc20776a
383,0.40476190476190477,-0.23534798534798534,0.10012210012210014,-0.27564102564102566,-0.09340659340659341,-0.05311355311355311,FC(F)(F)c1ccc2c(Cl)ccnc2c1,10,100.0,10,10.1039/c2sc20776a
384,0.40476190476190477,-0.23534798534798534,-0.2332112332112332,-0.27564102564102566,0.9065934065934066,-0.05311355311355311,FC(F)(F)c1ccc2c(Cl)ccnc2c1,11,0.0,10,10.1039/c2sc20776a
385,0.40476190476190477,-0.23534798534798534,0.10012210012210014,-0.27564102564102566,-0.09340659340659341,-0.05311355311355311,FC(F)(F)c1ccc2c(Cl)ccnc2c1,14,0.0,10,10.1039/c2sc20776a
386,0.40476190476190477,-0.23534798534798534,0.10012210012210014,-0.27564102564102566,-0.09340659340659341,-0.05311355311355311,Clc1ccc2c(Cl)ccnc2c1,2,0.0,7,10.1039/c2sc20776a
387,0.40476190476190477,-0.23534798534798534,0.10012210012210014,-0.27564102564102566,-0.09340659340659341,-0.05311355311355311,Clc1ccc2c(Cl)ccnc2c1,3,0.0,7,10.1039/c2sc20776a
388,0.40476190476190477,-0.23534798534798534,0.10012210012210014,-0.27564102564102566,-0.09340659340659341,-0.05311355311355311,Clc1ccc2c(Cl)ccnc2c1,7,100.0,7,10.1039/c2sc20776a
389,0.40476190476190477,-0.23534798534798534,-0.2332112332112332,-0.27564102564102566,0.9065934065934066,-0.05311355311355311,Clc1ccc2c(Cl)ccnc2c1,8,0.0,7,10.1039/c2sc20776a
390,0.40476190476190477,-0.23534798534798534,0.10012210012210014,-0.27564102564102566,-0.09340659340659341,-0.05311355311355311,Clc1ccc2c(Cl)ccnc2c1,11,0.0,7,10.1039/c2sc20776a
391,-0.5952380952380952,-0.23534798534798534,-0.2332112332112332,0.7243589743589743,-0.09340659340659341,-0.05311355311355311,Cc1ccc2nc(C)ccc2c1,0,0.0,9,10.1039/c2sc20776a
392,0.40476190476190477,-0.23534798534798534,0.10012210012210014,-0.27564102564102566,-0.09340659340659341,-0.05311355311355311,Cc1ccc2nc(C)ccc2c1,2,0.0,9,10.1039/c2sc20776a
393,0.40476190476190477,-0.23534798534798534,0.10012210012210014,-0.27564102564102566,-0.09340659340659341,-0.05311355311355311,Cc1ccc2nc(C)ccc2c1,3,0.0,9,10.1039/c2sc20776a
394,-0.5952380952380952,-0.23534798534798534,-0.2332112332112332,0.7243589743589743,-0.09340659340659341,-0.05311355311355311,Cc1ccc2nc(C)ccc2c1,7,0.0,9,10.1039/c2sc20776a
395,0.40476190476190477,-0.23534798534798534,0.10012210012210014,-0.27564102564102566,-0.09340659340659341,-0.05311355311355311,Cc1ccc2nc(C)ccc2c1,8,0.0,9,10.1039/c2sc20776a
396,0.40476190476190477,-0.23534798534798534,0.10012210012210014,-0.27564102564102566,-0.09340659340659341,-0.05311355311355311,Cc1ccc2nc(C)ccc2c1,9,100.0,9,10.1039/c2sc20776a
397,0.40476190476190477,-0.23534798534798534,0.10012210012210014,-0.27564102564102566,-0.09340659340659341,-0.05311355311355311,Cc1ccc2nc(C)ccc2c1,11,0.0,9,10.1039/c2sc20776a
398,-0.5952380952380952,-0.23534798534798534,-0.5665445665445665,0.7243589743589743,-0.09340659340659341,0.9468864468864469,COc1ccc2nc(C)ccc2c1,0,0.0,10,10.1039/c2sc20776a
399,0.40476190476190477,-0.23534798534798534,0.10012210012210014,-0.27564102564102566,-0.09340659340659341,-0.05311355311355311,COc1ccc2nc(C)ccc2c1,3,0.0,10,10.1039/c2sc20776a
400,0.40476190476190477,-0.23534798534798534,0.10012210012210014,-0.27564102564102566,-0.09340659340659341,-0.05311355311355311,COc1ccc2nc(C)ccc2c1,4,0.0,10,10.1039/c2sc20776a
401,-0.5952380952380952,-0.23534798534798534,-0.2332112332112332,0.7243589743589743,-0.09340659340659341,-0.05311355311355311,COc1ccc2nc(C)ccc2c1,8,0.0,10,10.1039/c2sc20776a
402,0.40476190476190477,-0.23534798534798534,0.10012210012210014,-0.27564102564102566,-0.09340659340659341,-0.05311355311355311,COc1ccc2nc(C)ccc2c1,9,0.0,10,10.1039/c2sc20776a
403,0.40476190476190477,-0.23534798534798534,0.10012210012210014,-0.27564102564102566,-0.09340659340659341,-0.05311355311355311,COc1ccc2nc(C)ccc2c1,10,100.0,10,10.1039/c2sc20776a
404,0.40476190476190477,-0.23534798534798534,0.10012210012210014,-0.27564102564102566,-0.09340659340659341,-0.05311355311355311,COc1ccc2nc(C)ccc2c1,12,0.0,10,10.1039/c2sc20776a
405,-0.5952380952380952,-0.23534798534798534,-0.2332112332112332,0.7243589743589743,-0.09340659340659341,-0.05311355311355311,Cc1ccc2cc(Cl)ccc2n1,0,0.0,3,10.1039/c2sc20776a
406,0.40476190476190477,-0.23534798534798534,0.10012210012210014,-0.27564102564102566,-0.09340659340659341,-0.05311355311355311,Cc1ccc2cc(Cl)ccc2n1,2,0.0,3,10.1039/c2sc20776a
407,0.40476190476190477,-0.23534798534798534,0.10012210012210014,-0.27564102564102566,-0.09340659340659341,-0.05311355311355311,Cc1ccc2cc(Cl)ccc2n1,3,100.0,3,10.1039/c2sc20776a
408,0.40476190476190477,-0.23534798534798534,0.10012210012210014,-0.27564102564102566,-0.09340659340659341,-0.05311355311355311,Cc1ccc2cc(Cl)ccc2n1,5,0.0,3,10.1039/c2sc20776a
409,0.40476190476190477,-0.23534798534798534,0.10012210012210014,-0.27564102564102566,-0.09340659340659341,-0.05311355311355311,Cc1ccc2cc(Cl)ccc2n1,8,0.0,3,10.1039/c2sc20776a
410,0.40476190476190477,-0.23534798534798534,0.10012210012210014,-0.27564102564102566,-0.09340659340659341,-0.05311355311355311,Cc1ccc2cc(Cl)ccc2n1,9,0.0,3,10.1039/c2sc20776a
411,-0.5952380952380952,-0.23534798534798534,-0.2332112332112332,0.7243589743589743,-0.09340659340659341,-0.05311355311355311,Cc1ccc2cc(Br)ccc2n1,0,0.0,3,10.1039/c2sc20776a
412,0.40476190476190477,-0.23534798534798534,0.10012210012210014,-0.27564102564102566,-0.09340659340659341,-0.05311355311355311,Cc1ccc2cc(Br)ccc2n1,2,0.0,3,10.1039/c2sc20776a
413,0.40476190476190477,-0.23534798534798534,0.10012210012210014,-0.27564102564102566,-0.09340659340659341,-0.05311355311355311,Cc1ccc2cc(Br)ccc2n1,3,100.0,3,10.1039/c2sc20776a
414,0.40476190476190477,-0.23534798534798534,0.10012210012210014,-0.27564102564102566,-0.09340659340659341,-0.05311355311355311,Cc1ccc2cc(Br)ccc2n1,5,0.0,3,10.1039/c2sc20776a
415,0.40476190476190477,-0.23534798534798534,0.10012210012210014,-0.27564102564102566,-0.09340659340659341,-0.05311355311355311,Cc1ccc2cc(Br)ccc2n1,8,0.0,3,10.1039/c2sc20776a
416,0.40476190476190477,-0.23534798534798534,0.10012210012210014,-0.27564102564102566,-0.09340659340659341,-0.05311355311355311,Cc1ccc2cc(Br)ccc2n1,9,0.0,3,10.1039/c2sc20776a
417,-0.5952380952380952,-0.23534798534798534,-0.5665445665445665,0.7243589743589743,-0.09340659340659341,0.9468864468864469,COc1ccc2nc(C#N)ccc2c1,0,0.0,11,10.1039/c2sc20776a
418,0.40476190476190477,-0.23534798534798534,0.10012210012210014,-0.27564102564102566,-0.09340659340659341,-0.05311355311355311,COc1ccc2nc(C#N)ccc2c1,3,0.0,11,10.1039/c2sc20776a
419,0.40476190476190477,-0.23534798534798534,0.10012210012210014,-0.27564102564102566,-0.09340659340659341,-0.05311355311355311,COc1ccc2nc(C#N)ccc2c1,4,0.0,11,10.1039/c2sc20776a
420,0.40476190476190477,-0.23534798534798534,0.10012210012210014,-0.27564102564102566,-0.09340659340659341,-0.05311355311355311,COc1ccc2nc(C#N)ccc2c1,10,0.0,11,10.1039/c2sc20776a
421,0.40476190476190477,-0.23534798534798534,0.10012210012210014,-0.27564102564102566,-0.09340659340659341,-0.05311355311355311,COc1ccc2nc(C#N)ccc2c1,11,100.0,11,10.1039/c2sc20776a
422,0.40476190476190477,-0.23534798534798534,0.10012210012210014,-0.27564102564102566,-0.09340659340659341,-0.05311355311355311,COc1ccc2nc(C#N)ccc2c1,13,0.0,11,10.1039/c2sc20776a
423,-0.5952380952380952,-0.23534798534798534,-0.2332112332112332,0.7243589743589743,-0.09340659340659341,-0.05311355311355311,Cc1ccc2ccc(Br)cc2n1,0,0.0,3,10.1039/c2sc20776a
424,0.40476190476190477,-0.23534798534798534,0.10012210012210014,-0.27564102564102566,-0.09340659340659341,-0.05311355311355311,Cc1ccc2ccc(Br)cc2n1,2,0.0,3,10.1039/c2sc20776a
425,0.40476190476190477,-0.23534798534798534,0.10012210012210014,-0.27564102564102566,-0.09340659340659341,-0.05311355311355311,Cc1ccc2ccc(Br)cc2n1,3,65.0,3,10.1039/c2sc20776a
426,0.40476190476190477,-0.23534798534798534,0.10012210012210014,-0.27564102564102566,-0.09340659340659341,-0.05311355311355311,Cc1ccc2ccc(Br)cc2n1,5,35.0,3,10.1039/c2sc20776a
427,0.40476190476190477,-0.23534798534798534,0.10012210012210014,-0.27564102564102566,-0.09340659340659341,-0.05311355311355311,Cc1ccc2ccc(Br)cc2n1,6,0.0,3,10.1039/c2sc20776a
428,0.40476190476190477,-0.23534798534798534,0.10012210012210014,-0.27564102564102566,-0.09340659340659341,-0.05311355311355311,Cc1ccc2ccc(Br)cc2n1,9,0.0,3,10.1039/c2sc20776a
429,-0.5952380952380952,-0.23534798534798534,-0.2332112332112332,0.7243589743589743,-0.09340659340659341,-0.05311355311355311,Cc1ccc2ccc(C(F)(F)F)cc2n1,0,0.0,3,10.1039/c2sc20776a
430,0.40476190476190477,-0.23534798534798534,0.10012210012210014,-0.27564102564102566,-0.09340659340659341,-0.05311355311355311,Cc1ccc2ccc(C(F)(F)F)cc2n1,2,0.0,3,10.1039/c2sc20776a
431,0.40476190476190477,-0.23534798534798534,0.10012210012210014,-0.27564102564102566,-0.09340659340659341,-0.05311355311355311,Cc1ccc2ccc(C(F)(F)F)cc2n1,3,60.0,3,10.1039/c2sc20776a
432,0.40476190476190477,-0.23534798534798534,0.10012210012210014,-0.27564102564102566,-0.09340659340659341,-0.05311355311355311,Cc1ccc2ccc(C(F)(F)F)cc2n1,5,40.0,3,10.1039/c2sc20776a
433,0.40476190476190477,-0.23534798534798534,0.10012210012210014,-0.27564102564102566,-0.09340659340659341,-0.05311355311355311,Cc1ccc2ccc(C(F)(F)F)cc2n1,6,0.0,3,10.1039/c2sc20776a
434,0.40476190476190477,-0.23534798534798534,0.10012210012210014,-0.27564102564102566,-0.09340659340659341,-0.05311355311355311,Cc1ccc2ccc(C(F)(F)F)cc2n1,12,0.0,3,10.1039/c2sc20776a
435,-0.5952380952380952,-0.23534798534798534,-0.2332112332112332,0.7243589743589743,-0.09340659340659341,-0.05311355311355311,Cc1ccc2ccc(C#N)cc2n1,0,0.0,3,10.1039/c2sc20776a
436,0.40476190476190477,-0.23534798534798534,0.10012210012210014,-0.27564102564102566,-0.09340659340659341,-0.05311355311355311,Cc1ccc2ccc(C#N)cc2n1,2,0.0,3,10.1039/c2sc20776a
437,0.40476190476190477,-0.23534798534798534,0.10012210012210014,-0.27564102564102566,-0.09340659340659341,-0.05311355311355311,Cc1ccc2ccc(C#N)cc2n1,3,100.0,3,10.1039/c2sc20776a
438,0.40476190476190477,-0.23534798534798534,0.10012210012210014,-0.27564102564102566,-0.09340659340659341,-0.05311355311355311,Cc1ccc2ccc(C#N)cc2n1,5,0.0,3,10.1039/c2sc20776a
439,0.40476190476190477,-0.23534798534798534,0.10012210012210014,-0.27564102564102566,-0.09340659340659341,-0.05311355311355311,Cc1ccc2ccc(C#N)cc2n1,6,0.0,3,10.1039/c2sc20776a
440,0.40476190476190477,-0.23534798534798534,0.10012210012210014,-0.27564102564102566,-0.09340659340659341,-0.05311355311355311,Cc1ccc2ccc(C#N)cc2n1,10,0.0,3,10.1039/c2sc20776a
441,-0.5952380952380952,-0.23534798534798534,-0.5665445665445665,0.7243589743589743,-0.09340659340659341,0.9468864468864469,COc1ccc2ccc(C)nc2c1,0,0.0,6,10.1039/c2sc20776a
442,0.40476190476190477,-0.23534798534798534,0.10012210012210014,-0.27564102564102566,-0.09340659340659341,-0.05311355311355311,COc1ccc2ccc(C)nc2c1,3,0.0,6,10.1039/c2sc20776a
443,0.40476190476190477,-0.23534798534798534,0.10012210012210014,-0.27564102564102566,-0.09340659340659341,-0.05311355311355311,COc1ccc2ccc(C)nc2c1,4,0.0,6,10.1039/c2sc20776a
444,0.40476190476190477,-0.23534798534798534,0.10012210012210014,-0.27564102564102566,-0.09340659340659341,-0.05311355311355311,COc1ccc2ccc(C)nc2c1,6,100.0,6,10.1039/c2sc20776a
445,0.40476190476190477,-0.23534798534798534,0.10012210012210014,-0.27564102564102566,-0.09340659340659341,-0.05311355311355311,COc1ccc2ccc(C)nc2c1,7,0.0,6,10.1039/c2sc20776a
446,-0.5952380952380952,-0.23534798534798534,-0.2332112332112332,0.7243589743589743,-0.09340659340659341,-0.05311355311355311,COc1ccc2ccc(C)nc2c1,9,0.0,6,10.1039/c2sc20776a
447,0.40476190476190477,-0.23534798534798534,0.10012210012210014,-0.27564102564102566,-0.09340659340659341,-0.05311355311355311,COc1ccc2ccc(C)nc2c1,12,0.0,6,10.1039/c2sc20776a
448,-0.5952380952380952,-0.23534798534798534,-0.2332112332112332,0.7243589743589743,-0.09340659340659341,-0.05311355311355311,Cc1ccc2ccc(C)nc2c1,0,0.0,5,10.1039/c2sc20776a
449,0.40476190476190477,-0.23534798534798534,0.10012210012210014,-0.27564102564102566,-0.09340659340659341,-0.05311355311355311,Cc1ccc2ccc(C)nc2c1,2,0.0,5,10.1039/c2sc20776a
450,0.40476190476190477,-0.23534798534798534,0.10012210012210014,-0.27564102564102566,-0.09340659340659341,-0.05311355311355311,Cc1ccc2ccc(C)nc2c1,3,0.0,5,10.1039/c2sc20776a
451,0.40476190476190477,-0.23534798534798534,0.10012210012210014,-0.27564102564102566,-0.09340659340659341,-0.05311355311355311,Cc1ccc2ccc(C)nc2c1,5,100.0,5,10.1039/c2sc20776a
452,0.40476190476190477,-0.23534798534798534,0.10012210012210014,-0.27564102564102566,-0.09340659340659341,-0.05311355311355311,Cc1ccc2ccc(C)nc2c1,6,0.0,5,10.1039/c2sc20776a
453,-0.5952380952380952,-0.23534798534798534,-0.2332112332112332,0.7243589743589743,-0.09340659340659341,-0.05311355311355311,Cc1ccc2ccc(C)nc2c1,8,0.0,5,10.1039/c2sc20776a
454,0.40476190476190477,-0.23534798534798534,0.10012210012210014,-0.27564102564102566,-0.09340659340659341,-0.05311355311355311,Cc1ccc2ccc(C)nc2c1,11,0.0,5,10.1039/c2sc20776a
455,-0.5952380952380952,-0.23534798534798534,-0.2332112332112332,0.7243589743589743,-0.09340659340659341,-0.05311355311355311,Cc1ccc2ccc(Cl)cc2n1,0,0.0,3,10.1039/c2sc20776a
456,0.40476190476190477,-0.23534798534798534,0.10012210012210014,-0.27564102564102566,-0.09340659340659341,-0.05311355311355311,Cc1ccc2ccc(Cl)cc2n1,2,0.0,3,10.1039/c2sc20776a
457,0.40476190476190477,-0.23534798534798534,0.10012210012210014,-0.27564102564102566,-0.09340659340659341,-0.05311355311355311,Cc1ccc2ccc(Cl)cc2n1,3,84.72222222222223,3,10.1039/c2sc20776a
458,0.40476190476190477,-0.23534798534798534,0.10012210012210014,-0.27564102564102566,-0.09340659340659341,-0.05311355311355311,Cc1ccc2ccc(Cl)cc2n1,5,15.277777777777779,3,10.1039/c2sc20776a
459,0.40476190476190477,-0.23534798534798534,0.10012210012210014,-0.27564102564102566,-0.09340659340659341,-0.05311355311355311,Cc1ccc2ccc(Cl)cc2n1,6,0.0,3,10.1039/c2sc20776a
460,0.40476190476190477,-0.23534798534798534,0.10012210012210014,-0.27564102564102566,-0.09340659340659341,-0.05311355311355311,Cc1ccc2ccc(Cl)cc2n1,9,0.0,3,10.1039/c2sc20776a
461,-0.5952380952380952,-0.23534798534798534,-0.5665445665445665,0.7243589743589743,-0.09340659340659341,0.9468864468864469,COC(=O)c1ccccc1C,0,0.0,7,10.1039/c2sc20776a
462,0.40476190476190477,-0.23534798534798534,0.10012210012210014,-0.27564102564102566,-0.09340659340659341,-0.05311355311355311,COC(=O)c1ccccc1C,5,0.0,7,10.1039/c2sc20776a
463,0.40476190476190477,-0.23534798534798534,0.10012210012210014,-0.27564102564102566,-0.09340659340659341,-0.05311355311355311,COC(=O)c1ccccc1C,6,27.0,7,10.1039/c2sc20776a
464,0.40476190476190477,-0.23534798534798534,0.10012210012210014,-0.27564102564102566,-0.09340659340659341,-0.05311355311355311,COC(=O)c1ccccc1C,7,73.0,7,10.1039/c2sc20776a
465,0.40476190476190477,-0.23534798534798534,0.10012210012210014,-0.27564102564102566,-0.09340659340659341,-0.05311355311355311,COC(=O)c1ccccc1C,8,0.0,7,10.1039/c2sc20776a
466,-0.5952380952380952,-0.23534798534798534,-0.2332112332112332,0.7243589743589743,-0.09340659340659341,-0.05311355311355311,COC(=O)c1ccccc1C,10,0.0,7,10.1039/c2sc20776a
467,-0.5952380952380952,0.26465201465201466,0.10012210012210014,0.22435897435897434,-0.09340659340659341,-0.05311355311355311,O=C1CCCc2ccccc21,2,0.0,7,10.1039/c2sc20776a
468,-0.5952380952380952,0.7646520146520146,0.10012210012210014,0.22435897435897434,-0.09340659340659341,-0.05311355311355311,O=C1CCCc2ccccc21,3,0.0,7,10.1039/c2sc20776a
469,-0.5952380952380952,0.26465201465201466,0.10012210012210014,0.22435897435897434,-0.09340659340659341,-0.05311355311355311,O=C1CCCc2ccccc21,4,0.0,7,10.1039/c2sc20776a
470,0.40476190476190477,-0.23534798534798534,0.10012210012210014,-0.27564102564102566,-0.09340659340659341,-0.05311355311355311,O=C1CCCc2ccccc21,6,0.0,7,10.1039/c2sc20776a
471,0.40476190476190477,-0.23534798534798534,0.10012210012210014,-0.27564102564102566,-0.09340659340659341,-0.05311355311355311,O=C1CCCc2ccccc21,7,80.0,7,10.1039/c2sc20776a
472,0.40476190476190477,-0.23534798534798534,0.10012210012210014,-0.27564102564102566,-0.09340659340659341,-0.05311355311355311,O=C1CCCc2ccccc21,8,20.0,7,10.1039/c2sc20776a
473,0.40476190476190477,-0.23534798534798534,0.10012210012210014,-0.27564102564102566,-0.09340659340659341,-0.05311355311355311,O=C1CCCc2ccccc21,9,0.0,7,10.1039/c2sc20776a
474,-0.5952380952380952,0.26465201465201466,-0.2332112332112332,0.7243589743589743,-0.09340659340659341,-0.05311355311355311,CC(C)(C)C(=O)NC1CC1,0,0.0,8,10.1002/anie.201409186
475,-0.5952380952380952,0.7646520146520146,0.10012210012210014,-0.27564102564102566,0.9065934065934066,-0.05311355311355311,CC(C)(C)C(=O)NC1CC1,7,0.0,8,10.1002/anie.201409186
476,-0.5952380952380952,0.7646520146520146,0.10012210012210014,0.22435897435897434,-0.09340659340659341,-0.05311355311355311,CC(C)(C)C(=O)NC1CC1,8,100.0,8,10.1002/anie.201409186
477,-0.5952380952380952,0.26465201465201466,-0.2332112332112332,0.7243589743589743,-0.09340659340659341,-0.05311355311355311,CC(C)(C)OC(=O)NC=Cc1ccccc1,0,0.0,9,10.1021/ja303443m
478,0.40476190476190477,-0.23534798534798534,-0.2332112332112332,-0.27564102564102566,0.9065934065934066,-0.05311355311355311,CC(C)(C)OC(=O)NC=Cc1ccccc1,8,0.0,9,10.1021/ja303443m
479,0.40476190476190477,-0.23534798534798534,0.10012210012210014,-0.27564102564102566,-0.09340659340659341,-0.05311355311355311,CC(C)(C)OC(=O)NC=Cc1ccccc1,9,100.0,9,10.1021/ja303443m
480,0.40476190476190477,-0.23534798534798534,0.10012210012210014,-0.27564102564102566,-0.09340659340659341,-0.05311355311355311,CC(C)(C)OC(=O)NC=Cc1ccccc1,11,0.0,9,10.1021/ja303443m
481,0.40476190476190477,-0.23534798534798534,0.10012210012210014,-0.27564102564102566,-0.09340659340659341,-0.05311355311355311,CC(C)(C)OC(=O)NC=Cc1ccccc1,12,0.0,9,10.1021/ja303443m
482,0.40476190476190477,-0.23534798534798534,0.10012210012210014,-0.27564102564102566,-0.09340659340659341,-0.05311355311355311,CC(C)(C)OC(=O)NC=Cc1ccccc1,13,0.0,9,10.1021/ja303443m
483,-0.5952380952380952,-0.23534798534798534,-0.5665445665445665,0.7243589743589743,-0.09340659340659341,0.9468864468864469,COc1c(C)cccc1C,0,0.0,6,10.1021/ja400295v
484,-0.5952380952380952,-0.23534798534798534,-0.2332112332112332,0.7243589743589743,-0.09340659340659341,-0.05311355311355311,COc1c(C)cccc1C,4,0.0,6,10.1021/ja400295v
485,0.40476190476190477,-0.23534798534798534,0.10012210012210014,-0.27564102564102566,-0.09340659340659341,-0.05311355311355311,COc1c(C)cccc1C,5,0.0,6,10.1021/ja400295v
486,0.40476190476190477,-0.23534798534798534,0.10012210012210014,-0.27564102564102566,-0.09340659340659341,-0.05311355311355311,COc1c(C)cccc1C,6,100.0,6,10.1021/ja400295v
487,-0.5952380952380952,-0.23534798534798534,-0.5665445665445665,0.7243589743589743,-0.09340659340659341,0.9468864468864469,COc1cccc(OC)c1,0,0.0,4,10.1021/ja400295v
488,0.40476190476190477,-0.23534798534798534,0.10012210012210014,-0.27564102564102566,-0.09340659340659341,-0.05311355311355311,COc1cccc(OC)c1,3,0.0,4,10.1021/ja400295v
489,0.40476190476190477,-0.23534798534798534,0.10012210012210014,-0.27564102564102566,-0.09340659340659341,-0.05311355311355311,COc1cccc(OC)c1,4,100.0,4,10.1021/ja400295v
490,0.40476190476190477,-0.23534798534798534,0.10012210012210014,-0.27564102564102566,-0.09340659340659341,-0.05311355311355311,COc1cccc(OC)c1,9,0.0,4,10.1021/ja400295v
491,-0.5952380952380952,-0.23534798534798534,-0.5665445665445665,0.7243589743589743,-0.09340659340659341,0.9468864468864469,COc1cccc(OC)c1OC,0,0.0,4,10.1021/ja400295v
492,0.40476190476190477,-0.23534798534798534,0.10012210012210014,-0.27564102564102566,-0.09340659340659341,-0.05311355311355311,COc1cccc(OC)c1OC,3,0.0,4,10.1021/ja400295v
493,0.40476190476190477,-0.23534798534798534,0.10012210012210014,-0.27564102564102566,-0.09340659340659341,-0.05311355311355311,COc1cccc(OC)c1OC,4,100.0,4,10.1021/ja400295v
494,-0.5952380952380952,-0.23534798534798534,-0.5665445665445665,0.7243589743589743,-0.09340659340659341,0.9468864468864469,COc1cccc(OC)c1OC,11,0.0,4,10.1021/ja400295v
495,-0.5952380952380952,0.26465201465201466,-0.2332112332112332,0.7243589743589743,-0.09340659340659341,-0.05311355311355311,CC(C)c1cccc(C(C)C)c1,0,0.0,5,10.1021/ja400295v
496,-0.5952380952380952,0.7646520146520146,0.43345543345543347,-0.27564102564102566,-0.09340659340659341,-0.05311355311355311,CC(C)c1cccc(C(C)C)c1,1,0.0,5,10.1021/ja400295v
497,0.40476190476190477,-0.23534798534798534,0.10012210012210014,-0.27564102564102566,-0.09340659340659341,-0.05311355311355311,CC(C)c1cccc(C(C)C)c1,4,0.0,5,10.1021/ja400295v
498,0.40476190476190477,-0.23534798534798534,0.10012210012210014,-0.27564102564102566,-0.09340659340659341,-0.05311355311355311,CC(C)c1cccc(C(C)C)c1,5,100.0,5,10.1021/ja400295v
499,0.40476190476190477,-0.23534798534798534,0.10012210012210014,-0.27564102564102566,-0.09340659340659341,-0.05311355311355311,CC(C)c1cccc(C(C)C)c1,11,0.0,5,10.1021/ja400295v
500,-0.5952380952380952,-0.23534798534798534,-0.2332112332112332,0.7243589743589743,-0.09340659340659341,-0.05311355311355311,Cc1cccc(Br)c1,0,0.0,3,10.1021/ja400295v
501,0.40476190476190477,-0.23534798534798534,0.10012210012210014,-0.27564102564102566,-0.09340659340659341,-0.05311355311355311,Cc1cccc(Br)c1,2,0.0,3,10.1021/ja400295v
502,0.40476190476190477,-0.23534798534798534,0.10012210012210014,-0.27564102564102566,-0.09340659340659341,-0.05311355311355311,Cc1cccc(Br)c1,3,100.0,3,10.1021/ja400295v
503,0.40476190476190477,-0.23534798534798534,0.10012210012210014,-0.27564102564102566,-0.09340659340659341,-0.05311355311355311,Cc1cccc(Br)c1,4,0.0,3,10.1021/ja400295v
504,0.40476190476190477,-0.23534798534798534,0.10012210012210014,-0.27564102564102566,-0.09340659340659341,-0.05311355311355311,Cc1cccc(Br)c1,7,0.0,3,10.1021/ja400295v
505,-0.5952380952380952,-0.23534798534798534,-0.2332112332112332,0.7243589743589743,-0.09340659340659341,-0.05311355311355311,Cc1cccc(N(C)C)c1,0,0.0,3,10.1021/ja400295v
506,0.40476190476190477,-0.23534798534798534,0.10012210012210014,-0.27564102564102566,-0.09340659340659341,-0.05311355311355311,Cc1cccc(N(C)C)c1,2,0.0,3,10.1021/ja400295v
507,0.40476190476190477,-0.23534798534798534,0.10012210012210014,-0.27564102564102566,-0.09340659340659341,-0.05311355311355311,Cc1cccc(N(C)C)c1,3,100.0,3,10.1021/ja400295v
508,0.40476190476190477,-0.23534798534798534,0.10012210012210014,-0.27564102564102566,-0.09340659340659341,-0.05311355311355311,Cc1cccc(N(C)C)c1,4,0.0,3,10.1021/ja400295v
509,-0.5952380952380952,-0.23534798534798534,-0.5665445665445665,0.7243589743589743,0.9065934065934066,-0.05311355311355311,Cc1cccc(N(C)C)c1,7,0.0,3,10.1021/ja400295v
510,0.40476190476190477,-0.23534798534798534,0.10012210012210014,-0.27564102564102566,-0.09340659340659341,-0.05311355311355311,Cc1cccc(N(C)C)c1,9,0.0,3,10.1021/ja400295v
511,-0.5952380952380952,-0.23534798534798534,-0.5665445665445665,0.7243589743589743,-0.09340659340659341,0.9468864468864469,COC(=O)c1ccc(C#N)cc1,0,0.0,5,10.1021/ja0428309
512,0.40476190476190477,-0.23534798534798534,0.10012210012210014,-0.27564102564102566,-0.09340659340659341,-0.05311355311355311,COC(=O)c1ccc(C#N)cc1,5,100.0,5,10.1021/ja0428309
513,0.40476190476190477,-0.23534798534798534,0.10012210012210014,-0.27564102564102566,-0.09340659340659341,-0.05311355311355311,COC(=O)c1ccc(C#N)cc1,6,0.0,5,10.1021/ja0428309
514,0.40476190476190477,-0.23534798534798534,0.10012210012210014,-0.27564102564102566,-0.09340659340659341,-0.05311355311355311,N#Cc1ccc(I)cc1,3,100.0,3,10.1021/ja0428309
515,0.40476190476190477,-0.23534798534798534,0.10012210012210014,-0.27564102564102566,-0.09340659340659341,-0.05311355311355311,N#Cc1ccc(I)cc1,4,0.0,3,10.1021/ja0428309
516,-0.5952380952380952,-0.23534798534798534,-0.2332112332112332,0.7243589743589743,-0.09340659340659341,-0.05311355311355311,CC(=O)Nc1ccc(C#N)cc1,0,0.0,5,10.1021/ja0428309
517,0.40476190476190477,-0.23534798534798534,0.10012210012210014,-0.27564102564102566,-0.09340659340659341,-0.05311355311355311,CC(=O)Nc1ccc(C#N)cc1,5,100.0,5,10.1021/ja0428309
518,0.40476190476190477,-0.23534798534798534,0.10012210012210014,-0.27564102564102566,-0.09340659340659341,-0.05311355311355311,CC(=O)Nc1ccc(C#N)cc1,6,0.0,5,10.1021/ja0428309
519,-0.5952380952380952,-0.23534798534798534,-0.5665445665445665,0.7243589743589743,0.9065934065934066,-0.05311355311355311,CN(C)c1ccc(C#N)cc1,0,0.0,4,10.1021/ja0428309
520,0.40476190476190477,-0.23534798534798534,0.10012210012210014,-0.27564102564102566,-0.09340659340659341,-0.05311355311355311,CN(C)c1ccc(C#N)cc1,4,100.0,4,10.1021/ja0428309
521,0.40476190476190477,-0.23534798534798534,0.10012210012210014,-0.27564102564102566,-0.09340659340659341,-0.05311355311355311,CN(C)c1ccc(C#N)cc1,5,0.0,4,10.1021/ja0428309
522,-0.5952380952380952,-0.23534798534798534,-0.2332112332112332,0.7243589743589743,-0.09340659340659341,-0.05311355311355311,CC(=O)CC(c1ccccc1)c1c(O)c2ccccc2oc1=O,0,0.0,17,
523,-0.5952380952380952,0.26465201465201466,0.10012210012210014,0.22435897435897434,-0.09340659340659341,-0.05311355311355311,CC(=O)CC(c1ccccc1)c1c(O)c2ccccc2oc1=O,3,0.0,17,
524,-0.5952380952380952,0.26465201465201466,0.43345543345543347,-0.27564102564102566,-0.09340659340659341,-0.05311355311355311,CC(=O)CC(c1ccccc1)c1c(O)c2ccccc2oc1=O,4,0.0,17,
525,0.40476190476190477,-0.23534798534798534,0.10012210012210014,-0.27564102564102566,-0.09340659340659341,-0.05311355311355311,CC(=O)CC(c1ccccc1)c1c(O)c2ccccc2oc1=O,6,0.0,17,
526,0.40476190476190477,-0.23534798534798534,0.10012210012210014,-0.27564102564102566,-0.09340659340659341,-0.05311355311355311,CC(=O)CC(c1ccccc1)c1c(O)c2ccccc2oc1=O,7,0.0,17,
527,0.40476190476190477,-0.23534798534798534,0.10012210012210014,-0.27564102564102566,-0.09340659340659341,-0.05311355311355311,CC(=O)CC(c1ccccc1)c1c(O)c2ccccc2oc1=O,8,0.0,17,
528,0.40476190476190477,-0.23534798534798534,0.10012210012210014,-0.27564102564102566,-0.09340659340659341,-0.05311355311355311,CC(=O)CC(c1ccccc1)c1c(O)c2ccccc2oc1=O,15,0.0,17,
529,0.40476190476190477,-0.23534798534798534,0.10012210012210014,-0.27564102564102566,-0.09340659340659341,-0.05311355311355311,CC(=O)CC(c1ccccc1)c1c(O)c2ccccc2oc1=O,16,0.0,17,
530,0.40476190476190477,-0.23534798534798534,0.10012210012210014,-0.27564102564102566,-0.09340659340659341,-0.05311355311355311,CC(=O)CC(c1ccccc1)c1c(O)c2ccccc2oc1=O,17,100.0,17,
531,0.40476190476190477,-0.23534798534798534,0.10012210012210014,-0.27564102564102566,-0.09340659340659341,-0.05311355311355311,CC(=O)CC(c1ccccc1)c1c(O)c2ccccc2oc1=O,18,0.0,17,
532,-0.5952380952380952,-0.23534798534798534,-0.2332112332112332,0.7243589743589743,-0.09340659340659341,-0.05311355311355311,Cc1ccc(C)n1-c1ccn(C)n1,0,0.0,9,
533,0.40476190476190477,-0.23534798534798534,0.10012210012210014,-0.27564102564102566,-0.09340659340659341,-0.05311355311355311,Cc1ccc(C)n1-c1ccn(C)n1,2,0.0,9,
534,0.40476190476190477,-0.23534798534798534,0.10012210012210014,-0.27564102564102566,-0.09340659340659341,-0.05311355311355311,Cc1ccc(C)n1-c1ccn(C)n1,8,0.0,9,
535,0.40476190476190477,-0.23534798534798534,-0.2332112332112332,-0.27564102564102566,0.9065934065934066,-0.05311355311355311,Cc1ccc(C)n1-c1ccn(C)n1,9,100.0,9,
536,-0.5952380952380952,-0.23534798534798534,-0.5665445665445665,0.7243589743589743,0.9065934065934066,-0.05311355311355311,Cc1ccc(C)n1-c1ccn(C)n1,11,0.0,9,
537,0.40476190476190477,-0.23534798534798534,0.10012210012210014,-0.27564102564102566,-0.09340659340659341,-0.05311355311355311,Brc1ccc(N2CCOCC2)nc1,2,100.0,2,
538,0.40476190476190477,-0.23534798534798534,0.10012210012210014,-0.27564102564102566,-0.09340659340659341,-0.05311355311355311,Brc1ccc(N2CCOCC2)nc1,3,0.0,2,
539,-0.5952380952380952,0.26465201465201466,-0.2332112332112332,0.22435897435897434,0.9065934065934066,-0.05311355311355311,Brc1ccc(N2CCOCC2)nc1,6,0.0,2,
540,-0.5952380952380952,0.26465201465201466,-0.2332112332112332,0.22435897435897434,-0.09340659340659341,0.9468864468864469,Brc1ccc(N2CCOCC2)nc1,7,0.0,2,
541,0.40476190476190477,-0.23534798534798534,-0.2332112332112332,-0.27564102564102566,0.9065934065934066,-0.05311355311355311,Brc1ccc(N2CCOCC2)nc1,12,0.0,2,
542,-0.5952380952380952,-0.23534798534798534,-0.5665445665445665,0.7243589743589743,0.9065934065934066,-0.05311355311355311,Cn1nc(C(F)(F)F)c2ccc(Br)cc21,0,100.0,0,
543,0.40476190476190477,-0.23534798534798534,0.10012210012210014,-0.27564102564102566,-0.09340659340659341,-0.05311355311355311,Cn1nc(C(F)(F)F)c2ccc(Br)cc21,9,0.0,0,
544,0.40476190476190477,-0.23534798534798534,0.10012210012210014,-0.27564102564102566,-0.09340659340659341,-0.05311355311355311,Cn1nc(C(F)(F)F)c2ccc(Br)cc21,10,0.0,0,
545,0.40476190476190477,-0.23534798534798534,0.10012210012210014,-0.27564102564102566,-0.09340659340659341,-0.05311355311355311,Cn1nc(C(F)(F)F)c2ccc(Br)cc21,13,0.0,0,
