,gas_charge_C,gas_charge_H_max,Reactant_SMILES,Atom_nÂº,Selectivity,Reactive Atom,DOI
0,0.28457235750117893,-0.3224352208451149,Cc1nc2ccccc2o1,0,0.0,7,10.1021/ja412563e
1,-0.007337405237055203,0.18768363556349416,Cc1nc2ccccc2o1,4,0.0,7,10.1021/ja412563e
2,-0.1848947759099451,0.1499386949916986,Cc1nc2ccccc2o1,5,0.0,7,10.1021/ja412563e
3,-0.17555988676175377,0.15090239560204227,Cc1nc2ccccc2o1,6,0.0,7,10.1021/ja412563e
4,0.09301265310600197,0.21338231850599343,Cc1nc2ccccc2o1,7,100.0,7,10.1021/ja412563e
5,0.28457235750117893,-0.3224352208451149,Cc1nc2cc(Br)ccc2o1,0,0.0,8,10.1021/ja412563e
6,0.08516875319675782,0.20695764777036865,Cc1nc2cc(Br)ccc2o1,4,0.0,8,10.1021/ja412563e
7,-0.08292407708977141,0.1700157910405261,Cc1nc2cc(Br)ccc2o1,7,0.0,8,10.1021/ja412563e
8,0.10027312244348414,0.21402478557955587,Cc1nc2cc(Br)ccc2o1,8,100.0,8,10.1021/ja412563e
9,0.16263536800292924,-0.35086438885025456,Cc1nc2ccccc2[nH]1,0,0.0,6,10.1021/ja412563e
10,-0.018746714195955746,0.18655931818476004,Cc1nc2ccccc2[nH]1,4,0.0,6,10.1021/ja412563e
11,-0.18573750895804575,0.1499386949916986,Cc1nc2ccccc2[nH]1,5,0.0,6,10.1021/ja412563e
12,-0.1861912882916384,0.1499386949916986,Cc1nc2ccccc2[nH]1,6,100.0,6,10.1021/ja412563e
13,-0.032619396680073486,0.1852743840376349,Cc1nc2ccccc2[nH]1,7,0.0,6,10.1021/ja412563e
14,0.044976869364267244,-0.3778480059398788,Cc1cc2c(Cl)ccnc2[nH]1,0,0.0,6,10.1021/ja412563e
15,0.004590508674522661,0.19137782123647853,Cc1cc2c(Cl)ccnc2[nH]1,2,0.0,6,10.1021/ja412563e
16,0.045430648697859885,0.2005329770347439,Cc1cc2c(Cl)ccnc2[nH]1,6,100.0,6,10.1021/ja412563e
17,0.40242533299709493,0.49976201654646885,Cc1cc2c(Cl)ccnc2[nH]1,7,0.0,6,10.1021/ja412563e
18,-0.10438135700679459,-0.452534803241517,CCN(CC)C(=O)c1cc2ccccc2[nH]1,0,0.0,13,10.1021/ja0631652
19,0.3196430174259812,-0.06287852312587296,CCN(CC)C(=O)c1cc2ccccc2[nH]1,1,0.0,13,10.1021/ja0631652
20,0.05022774451012487,0.1987661925824471,CCN(CC)C(=O)c1cc2ccccc2[nH]1,8,0.0,13,10.1021/ja0631652
21,-0.1393871913125122,0.16005755140030753,CCN(CC)C(=O)c1cc2ccccc2[nH]1,10,0.0,13,10.1021/ja0631652
22,-0.19578547991616838,0.1489749943813548,CCN(CC)C(=O)c1cc2ccccc2[nH]1,11,0.0,13,10.1021/ja0631652
23,-0.1869691957206543,0.1499386949916986,CCN(CC)C(=O)c1cc2ccccc2[nH]1,12,0.0,13,10.1021/ja0631652
24,-0.04325079820995811,0.18431068342729134,CCN(CC)C(=O)c1cc2ccccc2[nH]1,13,100.0,13,10.1021/ja0631652
25,0.00517393924628462,-0.4257118029202835,CCOC(=O)c1c(C)[nH]c2ccccc12,0,0.0,10,10.1021/ja0631652
26,0.7788028774026439,0.27907457677775693,CCOC(=O)c1c(C)[nH]c2ccccc12,1,0.0,10,10.1021/ja0631652
27,0.050422221367378874,-0.3773661556347069,CCOC(=O)c1c(C)[nH]c2ccccc12,7,0.0,10,10.1021/ja0631652
28,-0.04318597259087343,0.18431068342729134,CCOC(=O)c1c(C)[nH]c2ccccc12,10,100.0,10,10.1021/ja0631652
29,-0.1869691957206543,0.1499386949916986,CCOC(=O)c1c(C)[nH]c2ccccc12,11,0.0,10,10.1021/ja0631652
30,-0.19559100305891441,0.1489749943813548,CCOC(=O)c1c(C)[nH]c2ccccc12,12,0.0,10,10.1021/ja0631652
31,-0.13381218807123127,0.16053940170547942,CCOC(=O)c1c(C)[nH]c2ccccc12,13,0.0,10,10.1021/ja0631652
32,0.00517393924628462,-0.4257118029202835,CCOC(=O)c1cccc(F)c1,0,0.0,8,10.1021/jacs.6b13346
33,0.7788028774026439,0.27907457677775693,CCOC(=O)c1cccc(F)c1,1,0.0,8,10.1021/jacs.6b13346
34,-0.10477031072130258,0.16310926999972947,CCOC(=O)c1cccc(F)c1,6,0.0,8,10.1021/jacs.6b13346
35,-0.1762081429526004,0.1507417788336516,CCOC(=O)c1cccc(F)c1,7,0.0,8,10.1021/jacs.6b13346
36,0.032724827357266055,0.1982843422772752,CCOC(=O)c1cccc(F)c1,8,100.0,8,10.1021/jacs.6b13346
37,0.126786800649111,0.21290046820082154,CCOC(=O)c1cccc(F)c1,11,0.0,8,10.1021/jacs.6b13346
38,0.032595176119096736,0.1982843422772752,Fc1cccc(C(F)(F)F)c1,2,100.0,2,10.1021/jacs.6b13346
39,-0.1778936090488016,0.15058116206526106,Fc1cccc(C(F)(F)F)c1,3,0.0,2,10.1021/jacs.6b13346
40,-0.11987467996802888,0.15877261725318262,Fc1cccc(C(F)(F)F)c1,4,0.0,2,10.1021/jacs.6b13346
41,0.11168243140238471,0.20840319868588414,Fc1cccc(C(F)(F)F)c1,10,0.0,2,10.1021/jacs.6b13346
42,0.21618132936686024,-0.1997240097946812,CN(C)S(=O)(=O)c1cccc(F)c1,0,0.0,9,10.1021/jacs.6b13346
43,-0.06866244089114572,0.1714613419560416,CN(C)S(=O)(=O)c1cccc(F)c1,7,0.0,9,10.1021/jacs.6b13346
44,-0.1730316876174519,0.15106301237043296,CN(C)S(=O)(=O)c1cccc(F)c1,8,0.0,9,10.1021/jacs.6b13346
45,0.03298412983360472,0.1982843422772752,CN(C)S(=O)(=O)c1cccc(F)c1,9,100.0,9,10.1021/jacs.6b13346
46,0.16276501924109854,0.22125254015713386,CN(C)S(=O)(=O)c1cccc(F)c1,12,0.0,9,10.1021/jacs.6b13346
47,-0.10438135700679459,-0.452534803241517,CCN(CC)C(=O)c1cccc(F)c1,0,0.0,10,10.1021/jacs.6b13346
48,0.31925406371147325,-0.06287852312587296,CCN(CC)C(=O)c1cccc(F)c1,1,0.0,10,10.1021/jacs.6b13346
49,-0.1162444452992878,0.16214556938938568,CCN(CC)C(=O)c1cccc(F)c1,8,0.0,10,10.1021/jacs.6b13346
50,-0.17659709666710835,0.1507417788336516,CCN(CC)C(=O)c1cccc(F)c1,9,0.0,10,10.1021/jacs.6b13346
51,0.032724827357266055,0.1982843422772752,CCN(CC)C(=O)c1cccc(F)c1,10,100.0,10,10.1021/jacs.6b13346
52,0.11531266607112578,0.21177615082208717,CCN(CC)C(=O)c1cccc(F)c1,13,0.0,10,10.1021/jacs.6b13346
53,0.0326600017381814,0.1982843422772752,Fc1cccc(-c2ccccc2)c1,2,100.0,2,10.1021/jacs.6b13346
54,-0.17776395781063228,0.1507417788336516,Fc1cccc(-c2ccccc2)c1,3,0.0,2,10.1021/jacs.6b13346
55,-0.1482034755080263,0.1592544675583545,Fc1cccc(-c2ccccc2)c1,4,0.0,2,10.1021/jacs.6b13346
56,-0.14949998788971952,0.15909385078996396,Fc1cccc(-c2ccccc2)c1,7,0.0,2,10.1021/jacs.6b13346
57,-0.19662821296426902,0.1489749943813548,Fc1cccc(-c2ccccc2)c1,8,0.0,2,10.1021/jacs.6b13346
58,-0.2003880988711794,0.14865376084457357,Fc1cccc(-c2ccccc2)c1,9,0.0,2,10.1021/jacs.6b13346
59,0.08341846148147194,0.20888504899105603,Fc1cccc(-c2ccccc2)c1,12,0.0,2,10.1021/jacs.6b13346
60,0.0326600017381814,0.1982843422772752,Fc1cccc(-c2ccc3ccccc3c2)c1,2,100.0,2,10.1021/jacs.6b13346
61,-0.17776395781063228,0.1507417788336516,Fc1cccc(-c2ccc3ccccc3c2)c1,3,0.0,2,10.1021/jacs.6b13346
62,-0.1482034755080263,0.1592544675583545,Fc1cccc(-c2ccc3ccccc3c2)c1,4,0.0,2,10.1021/jacs.6b13346
63,-0.14535114826830117,0.15957570109513586,Fc1cccc(-c2ccc3ccccc3c2)c1,7,0.0,2,10.1021/jacs.6b13346
64,-0.14554562512555513,0.15957570109513586,Fc1cccc(-c2ccc3ccccc3c2)c1,8,0.0,2,10.1021/jacs.6b13346
65,-0.14949998788971952,0.15909385078996396,Fc1cccc(-c2ccc3ccccc3c2)c1,10,0.0,2,10.1021/jacs.6b13346
66,-0.19649856172609964,0.1489749943813548,Fc1cccc(-c2ccc3ccccc3c2)c1,11,0.0,2,10.1021/jacs.6b13346
67,-0.19649856172609964,0.1489749943813548,Fc1cccc(-c2ccc3ccccc3c2)c1,12,0.0,2,10.1021/jacs.6b13346
68,-0.1493703366515502,0.15909385078996396,Fc1cccc(-c2ccc3ccccc3c2)c1,13,0.0,2,10.1021/jacs.6b13346
69,-0.09841740005100567,0.1696945575037448,Fc1cccc(-c2ccc3ccccc3c2)c1,15,0.0,2,10.1021/jacs.6b13346
70,0.08341846148147194,0.20888504899105603,Fc1cccc(-c2ccc3ccccc3c2)c1,16,0.0,2,10.1021/jacs.6b13346
71,0.7255810441341363,0.22430425875655557,COC(=O)C(C)c1cccc(F)c1,0,0.0,9,10.1021/jacs.6b13346
72,0.7159868525096064,-0.09789297863502804,COC(=O)C(C)c1cccc(F)c1,4,0.0,9,10.1021/jacs.6b13346
73,-0.1065854280556731,-0.4621718093449542,COC(=O)C(C)c1cccc(F)c1,5,0.0,9,10.1021/jacs.6b13346
74,-0.17283721076019792,0.15379349743307355,COC(=O)C(C)c1cccc(F)c1,7,0.0,9,10.1021/jacs.6b13346
75,-0.17983837762134147,0.15042054529687038,COC(=O)C(C)c1cccc(F)c1,8,0.0,9,10.1021/jacs.6b13346
76,0.03253035050001208,0.1982843422772752,COC(=O)C(C)c1cccc(F)c1,9,100.0,9,10.1021/jacs.6b13346
77,0.0587847262293003,0.20342407886577504,COC(=O)C(C)c1cccc(F)c1,12,0.0,9,10.1021/jacs.6b13346
78,0.705485102217891,0.22237685753586822,COc1cccc(F)c1,0,0.0,5,10.1021/jacs.6b13346
79,0.07486147976229654,0.21161553405369662,COc1cccc(F)c1,3,0.0,5,10.1021/jacs.6b13346
80,-0.15792731837072563,0.15250856328594842,COc1cccc(F)c1,4,0.0,5,10.1021/jacs.6b13346
81,0.034150990977128634,0.1982843422772752,COc1cccc(F)c1,5,100.0,5,10.1021/jacs.6b13346
82,0.30589998618003283,0.26172796579157004,COc1cccc(F)c1,8,0.0,5,10.1021/jacs.6b13346
83,0.00517393924628462,-0.4257118029202835,CCOC(=O)c1ncccc1C,0,0.0,8,10.1021/jacs.7b04490
84,0.7791918311171518,0.27907457677775693,CCOC(=O)c1ncccc1C,1,0.0,8,10.1021/jacs.7b04490
85,0.38323694974803485,0.4978346153257815,CCOC(=O)c1ncccc1C,7,0.0,8,10.1021/jacs.7b04490
86,-0.07896971432560698,0.1749949108606352,CCOC(=O)c1ncccc1C,8,100.0,8,10.1021/jacs.7b04490
87,-0.1559177241791011,0.15539966511697959,CCOC(=O)c1ncccc1C,9,0.0,8,10.1021/jacs.7b04490
88,-0.039101958588539716,-0.40097682058812806,CCOC(=O)c1ncccc1C,11,0.0,8,10.1021/jacs.7b04490
89,0.00517393924628462,-0.4257118029202835,CCOC(=O)c1ccc2c(ccn2C)c1,0,0.0,11,10.1021/jacs.7b04490
90,0.7788028774026439,0.27907457677775693,CCOC(=O)c1ccc2c(ccn2C)c1,1,0.0,11,10.1021/jacs.7b04490
91,-0.09238861747613208,0.16439420414685438,CCOC(=O)c1ccc2c(ccn2C)c1,6,0.0,11,10.1021/jacs.7b04490
92,-0.036508933825153196,0.18479253373246302,CCOC(=O)c1ccc2c(ccn2C)c1,7,0.0,11,10.1021/jacs.7b04490
93,-0.033915909061766725,0.18495315050085379,CCOC(=O)c1ccc2c(ccn2C)c1,10,0.0,11,10.1021/jacs.7b04490
94,0.23141534985175588,0.4623383095114544,CCOC(=O)c1ccc2c(ccn2C)c1,11,100.0,11,10.1021/jacs.7b04490
95,0.2756912476865802,-0.11186663748501201,CCOC(=O)c1ccc2c(ccn2C)c1,13,0.0,11,10.1021/jacs.7b04490
96,-0.04500108992524399,0.17451306055546353,CCOC(=O)c1ccc2c(ccn2C)c1,14,0.0,11,10.1021/jacs.7b04490
97,0.00517393924628462,-0.4257118029202835,CCOC(=O)c1cccnc1C(=O)OCC,0,0.0,7,10.1021/jacs.7b04490
98,0.7788028774026439,0.27907457677775693,CCOC(=O)c1cccnc1C(=O)OCC,1,0.0,7,10.1021/jacs.7b04490
99,-0.08000692423096158,0.16535790475719817,CCOC(=O)c1cccnc1C(=O)OCC,6,0.0,7,10.1021/jacs.7b04490
100,-0.07508017718052727,0.17515552762902598,CCOC(=O)c1cccnc1C(=O)OCC,7,100.0,7,10.1021/jacs.7b04490
101,0.3834962522243735,0.4978346153257815,CCOC(=O)c1cccnc1C(=O)OCC,8,0.0,7,10.1021/jacs.7b04490
102,0.7791918311171518,0.27907457677775693,CCOC(=O)c1cccnc1C(=O)OCC,14,0.0,7,10.1021/jacs.7b04490
103,0.00517393924628462,-0.4257118029202835,CCOC(=O)c1cccnc1C(=O)OCC,15,0.0,7,10.1021/jacs.7b04490
104,0.00517393924628462,-0.4257118029202835,CCOC(=O)c1cccc2cc[nH]c12,0,0.0,11,10.1021/jacs.7b04490
105,0.7788028774026439,0.27907457677775693,CCOC(=O)c1cccc2cc[nH]c12,1,0.0,11,10.1021/jacs.7b04490
106,-0.09199966376162412,0.16439420414685438,CCOC(=O)c1cccc2cc[nH]c12,6,0.0,11,10.1021/jacs.7b04490
107,-0.1902104766748874,0.1494568446865267,CCOC(=O)c1cccc2cc[nH]c12,7,0.0,11,10.1021/jacs.7b04490
108,-0.13919271445525822,0.16005755140030753,CCOC(=O)c1cccc2cc[nH]c12,8,0.0,11,10.1021/jacs.7b04490
109,-0.03527724706254464,0.18495315050085379,CCOC(=O)c1cccc2cc[nH]c12,10,0.0,11,10.1021/jacs.7b04490
110,0.21410690955615108,0.45864412383847025,CCOC(=O)c1cccc2cc[nH]c12,11,100.0,11,10.1021/jacs.7b04490
111,-0.22080816888284796,-0.4814458215518286,CCCCCCN(CCCCCC)C(=O)c1ccccc1,0,0.0,18,10.1038/nchem.2322
112,-0.16110377370587406,-0.42796043767775216,CCCCCCN(CCCCCC)C(=O)c1ccccc1,1,0.0,18,10.1038/nchem.2322
113,-0.14379533341026923,-0.4236237849312054,CCCCCCN(CCCCCC)C(=O)c1ccccc1,2,0.0,18,10.1038/nchem.2322
114,-0.13167294264143742,-0.42233885078408046,CCCCCCN(CCCCCC)C(=O)c1ccccc1,3,0.0,18,10.1038/nchem.2322
115,-0.026655439724284576,-0.394230916315722,CCCCCCN(CCCCCC)C(=O)c1ccccc1,4,0.0,18,10.1038/nchem.2322
116,0.337729365150602,-0.058220636842544894,CCCCCCN(CCCCCC)C(=O)c1ccccc1,5,0.0,18,10.1038/nchem.2322
117,-0.11760578330006569,0.1619849526209951,CCCCCCN(CCCCCC)C(=O)c1ccccc1,16,0.0,18,10.1038/nchem.2322
118,-0.19546135182074506,0.1489749943813548,CCCCCCN(CCCCCC)C(=O)c1ccccc1,17,48.888888888888886,18,10.1038/nchem.2322
119,-0.20032327325209473,0.14865376084457357,CCCCCCN(CCCCCC)C(=O)c1ccccc1,18,51.111111111111114,18,10.1038/nchem.2322
120,-0.22080816888284796,-0.4814458215518286,CCCCCCN(CCCCCC)C(=O)c1ccccc1OC,0,0.0,18,10.1038/nchem.2322
121,-0.16110377370587406,-0.42796043767775216,CCCCCCN(CCCCCC)C(=O)c1ccccc1OC,1,0.0,18,10.1038/nchem.2322
122,-0.14379533341026923,-0.4236237849312054,CCCCCCN(CCCCCC)C(=O)c1ccccc1OC,2,0.0,18,10.1038/nchem.2322
123,-0.13167294264143742,-0.42233885078408046,CCCCCCN(CCCCCC)C(=O)c1ccccc1OC,3,0.0,18,10.1038/nchem.2322
124,-0.026655439724284576,-0.394230916315722,CCCCCCN(CCCCCC)C(=O)c1ccccc1OC,4,0.0,18,10.1038/nchem.2322
125,0.337729365150602,-0.058220636842544894,CCCCCCN(CCCCCC)C(=O)c1ccccc1OC,5,0.0,18,10.1038/nchem.2322
126,-0.09310169928606336,0.16439420414685438,CCCCCCN(CCCCCC)C(=O)c1ccccc1OC,16,0.0,18,10.1038/nchem.2322
127,-0.19371106010545916,0.14913561114974547,CCCCCCN(CCCCCC)C(=O)c1ccccc1OC,17,32.5,18,10.1038/nchem.2322
128,-0.17640261980985436,0.15090239560204227,CCCCCCN(CCCCCC)C(=O)c1ccccc1OC,18,67.5,18,10.1038/nchem.2322
129,0.07894549376463025,0.21209738435886852,CCCCCCN(CCCCCC)C(=O)c1ccccc1OC,19,0.0,18,10.1038/nchem.2322
130,0.7057444046942295,0.22237685753586822,CCCCCCN(CCCCCC)C(=O)c1ccccc1OC,22,0.0,18,10.1038/nchem.2322
131,-0.22080816888284796,-0.4814458215518286,CCCCCCN(CCCCCC)C(=O)c1ccccc1Br,0,0.0,18,10.1038/nchem.2322
132,-0.16110377370587406,-0.42796043767775216,CCCCCCN(CCCCCC)C(=O)c1ccccc1Br,1,0.0,18,10.1038/nchem.2322
133,-0.14379533341026923,-0.4236237849312054,CCCCCCN(CCCCCC)C(=O)c1ccccc1Br,2,0.0,18,10.1038/nchem.2322
134,-0.13167294264143742,-0.42233885078408046,CCCCCCN(CCCCCC)C(=O)c1ccccc1Br,3,0.0,18,10.1038/nchem.2322
135,-0.026655439724284576,-0.394230916315722,CCCCCCN(CCCCCC)C(=O)c1ccccc1Br,4,0.0,18,10.1038/nchem.2322
136,0.337729365150602,-0.058220636842544894,CCCCCCN(CCCCCC)C(=O)c1ccccc1Br,5,0.0,18,10.1038/nchem.2322
137,-0.11015083710532954,0.16278803646294812,CCCCCCN(CCCCCC)C(=O)c1ccccc1Br,16,0.0,18,10.1038/nchem.2322
138,-0.19494274686806778,0.1489749943813548,CCCCCCN(CCCCCC)C(=O)c1ccccc1Br,17,31.95876288659794,18,10.1038/nchem.2322
139,-0.19306280391461259,0.14929622791813604,CCCCCCN(CCCCCC)C(=O)c1ccccc1Br,18,68.04123711340206,18,10.1038/nchem.2322
140,-0.10269589091059339,0.16808838981983854,CCCCCCN(CCCCCC)C(=O)c1ccccc1Br,19,0.0,18,10.1038/nchem.2322
141,-0.22080816888284796,-0.4814458215518286,CCCCCCN(CCCCCC)C(=O)c1ccccc1Cl,0,0.0,18,10.1038/nchem.2322
142,-0.16110377370587406,-0.42796043767775216,CCCCCCN(CCCCCC)C(=O)c1ccccc1Cl,1,0.0,18,10.1038/nchem.2322
143,-0.14379533341026923,-0.4236237849312054,CCCCCCN(CCCCCC)C(=O)c1ccccc1Cl,2,0.0,18,10.1038/nchem.2322
144,-0.13167294264143742,-0.42233885078408046,CCCCCCN(CCCCCC)C(=O)c1ccccc1Cl,3,0.0,18,10.1038/nchem.2322
145,-0.026655439724284576,-0.394230916315722,CCCCCCN(CCCCCC)C(=O)c1ccccc1Cl,4,0.0,18,10.1038/nchem.2322
146,0.337729365150602,-0.058220636842544894,CCCCCCN(CCCCCC)C(=O)c1ccccc1Cl,5,0.0,18,10.1038/nchem.2322
147,-0.10775228919919706,0.1629486532313387,CCCCCCN(CCCCCC)C(=O)c1ccccc1Cl,16,0.0,18,10.1038/nchem.2322
148,-0.19481309562989846,0.14913561114974547,CCCCCCN(CCCCCC)C(=O)c1ccccc1Cl,17,38.38383838383838,18,10.1038/nchem.2322
149,-0.19072908162756474,0.1494568446865267,CCCCCCN(CCCCCC)C(=O)c1ccccc1Cl,18,61.61616161616162,18,10.1038/nchem.2322
150,-0.07384849041791866,0.17435244378707274,CCCCCCN(CCCCCC)C(=O)c1ccccc1Cl,19,0.0,18,10.1038/nchem.2322
151,-0.22080816888284796,-0.4814458215518286,CCCCCCN(CCCCCC)C(=O)c1ccccc1C(F)(F)F,0,0.0,17,10.1038/nchem.2322
152,-0.16110377370587406,-0.42796043767775216,CCCCCCN(CCCCCC)C(=O)c1ccccc1C(F)(F)F,1,0.0,17,10.1038/nchem.2322
153,-0.14379533341026923,-0.4236237849312054,CCCCCCN(CCCCCC)C(=O)c1ccccc1C(F)(F)F,2,0.0,17,10.1038/nchem.2322
154,-0.13167294264143742,-0.42233885078408046,CCCCCCN(CCCCCC)C(=O)c1ccccc1C(F)(F)F,3,0.0,17,10.1038/nchem.2322
155,-0.026655439724284576,-0.394230916315722,CCCCCCN(CCCCCC)C(=O)c1ccccc1C(F)(F)F,4,0.0,17,10.1038/nchem.2322
156,0.337729365150602,-0.058220636842544894,CCCCCCN(CCCCCC)C(=O)c1ccccc1C(F)(F)F,5,0.0,17,10.1038/nchem.2322
157,-0.11358659491681665,0.16230618615777623,CCCCCCN(CCCCCC)C(=O)c1ccccc1C(F)(F)F,16,0.0,17,10.1038/nchem.2322
158,-0.1952668749634911,0.1489749943813548,CCCCCCN(CCCCCC)C(=O)c1ccccc1C(F)(F)F,17,100.0,17,10.1038/nchem.2322
159,-0.196433736107015,0.14881437761296426,CCCCCCN(CCCCCC)C(=O)c1ccccc1C(F)(F)F,18,0.0,17,10.1038/nchem.2322
160,-0.11592031720386449,0.15909385078996396,CCCCCCN(CCCCCC)C(=O)c1ccccc1C(F)(F)F,19,0.0,17,10.1038/nchem.2322
161,-0.22080816888284796,-0.4814458215518286,CCCCCCN(CCCCCC)C(=O)c1ccccc1OC(F)(F)F,0,0.0,18,10.1038/nchem.2322
162,-0.16110377370587406,-0.42796043767775216,CCCCCCN(CCCCCC)C(=O)c1ccccc1OC(F)(F)F,1,0.0,18,10.1038/nchem.2322
163,-0.14379533341026923,-0.4236237849312054,CCCCCCN(CCCCCC)C(=O)c1ccccc1OC(F)(F)F,2,0.0,18,10.1038/nchem.2322
164,-0.13167294264143742,-0.42233885078408046,CCCCCCN(CCCCCC)C(=O)c1ccccc1OC(F)(F)F,3,0.0,18,10.1038/nchem.2322
165,-0.026655439724284576,-0.394230916315722,CCCCCCN(CCCCCC)C(=O)c1ccccc1OC(F)(F)F,4,0.0,18,10.1038/nchem.2322
166,0.337729365150602,-0.058220636842544894,CCCCCCN(CCCCCC)C(=O)c1ccccc1OC(F)(F)F,5,0.0,18,10.1038/nchem.2322
167,-0.09303687366697871,0.16439420414685438,CCCCCCN(CCCCCC)C(=O)c1ccccc1OC(F)(F)F,16,0.0,18,10.1038/nchem.2322
168,-0.19371106010545916,0.14913561114974547,CCCCCCN(CCCCCC)C(=O)c1ccccc1OC(F)(F)F,17,20.2020202020202,18,10.1038/nchem.2322
169,-0.17640261980985436,0.15090239560204227,CCCCCCN(CCCCCC)C(=O)c1ccccc1OC(F)(F)F,18,79.79797979797979,18,10.1038/nchem.2322
170,0.08153851852801675,0.21209738435886852,CCCCCCN(CCCCCC)C(=O)c1ccccc1OC(F)(F)F,19,0.0,18,10.1038/nchem.2322
171,-0.22080816888284796,-0.4814458215518286,CCCCCCN(CCCCCC)C(=O)c1ccccc1C(=O)OC,0,0.0,17,10.1038/nchem.2322
172,-0.16110377370587406,-0.42796043767775216,CCCCCCN(CCCCCC)C(=O)c1ccccc1C(=O)OC,1,0.0,17,10.1038/nchem.2322
173,-0.14379533341026923,-0.4236237849312054,CCCCCCN(CCCCCC)C(=O)c1ccccc1C(=O)OC,2,0.0,17,10.1038/nchem.2322
174,-0.13167294264143742,-0.42233885078408046,CCCCCCN(CCCCCC)C(=O)c1ccccc1C(=O)OC,3,0.0,17,10.1038/nchem.2322
175,-0.026655439724284576,-0.394230916315722,CCCCCCN(CCCCCC)C(=O)c1ccccc1C(=O)OC,4,0.0,17,10.1038/nchem.2322
176,0.337729365150602,-0.058220636842544894,CCCCCCN(CCCCCC)C(=O)c1ccccc1C(=O)OC,5,0.0,17,10.1038/nchem.2322
177,-0.11183630320153078,0.162466802926167,CCCCCCN(CCCCCC)C(=O)c1ccccc1C(=O)OC,16,0.0,17,10.1038/nchem.2322
178,-0.19513722372532177,0.1489749943813548,CCCCCCN(CCCCCC)C(=O)c1ccccc1C(=O)OC,17,100.0,17,10.1038/nchem.2322
179,-0.19474827001081377,0.14913561114974547,CCCCCCN(CCCCCC)C(=O)c1ccccc1C(=O)OC,18,0.0,17,10.1038/nchem.2322
180,-0.10081594795713819,0.16359112030490136,CCCCCCN(CCCCCC)C(=O)c1ccccc1C(=O)OC,19,0.0,17,10.1038/nchem.2322
181,0.7277851151830148,0.22446487552494615,CCCCCCN(CCCCCC)C(=O)c1ccccc1C(=O)OC,24,0.0,17,10.1038/nchem.2322
182,0.2668749634910661,-0.1168457573051212,CN1Cc2ccccc2C1=O,0,0.0,6,10.1038/nchem.2322
183,0.5038126012455068,0.024175765341843094,CN1Cc2ccccc2C1=O,2,0.0,6,10.1038/nchem.2322
184,-0.16291889104024462,0.15475719804341712,CN1Cc2ccccc2C1=O,4,0.0,6,10.1038/nchem.2322
185,-0.19811920220321622,0.14881437761296426,CN1Cc2ccccc2C1=O,5,48.148148148148145,6,10.1038/nchem.2322
186,-0.19533170058257573,0.1489749943813548,CN1Cc2ccccc2C1=O,6,51.851851851851855,6,10.1038/nchem.2322
187,-0.11533688663210252,0.16230618615777623,CN1Cc2ccccc2C1=O,7,0.0,6,10.1038/nchem.2322
188,0.26233717015513974,-0.1173276076102931,CN(C)C(=O)c1ccccc1,0,0.0,8,10.1038/nchem.2322
189,-0.11760578330006569,0.1619849526209951,CN(C)C(=O)c1ccccc1,6,0.0,8,10.1038/nchem.2322
190,-0.19546135182074506,0.1489749943813548,CN(C)C(=O)c1ccccc1,7,42.028985507246375,8,10.1038/nchem.2322
191,-0.20032327325209473,0.14865376084457357,CN(C)C(=O)c1ccccc1,8,57.971014492753625,8,10.1038/nchem.2322
192,-0.11760578330006569,0.1619849526209951,O=C(c1ccccc1)N1CCCCC1,3,0.0,5,10.1038/nchem.2322
193,-0.19546135182074506,0.1489749943813548,O=C(c1ccccc1)N1CCCCC1,4,42.857142857142854,5,10.1038/nchem.2322
194,-0.20032327325209473,0.14865376084457357,O=C(c1ccccc1)N1CCCCC1,5,57.142857142857146,5,10.1038/nchem.2322
195,0.337729365150602,-0.058220636842544894,O=C(c1ccccc1)N1CCCCC1,9,0.0,5,10.1038/nchem.2322
196,-0.026266486009776574,-0.394230916315722,O=C(c1ccccc1)N1CCCCC1,10,0.0,5,10.1038/nchem.2322
197,-0.12071741301612948,-0.4213751501737367,O=C(c1ccccc1)N1CCCCC1,11,0.0,5,10.1038/nchem.2322
198,-0.1100860114862449,0.16278803646294812,O=C(c1ccccc1Br)N1CCOCC1,3,0.0,5,10.1038/nchem.2322
199,-0.19494274686806778,0.1489749943813548,O=C(c1ccccc1Br)N1CCOCC1,4,40.0,5,10.1038/nchem.2322
200,-0.19306280391461259,0.14929622791813604,O=C(c1ccccc1Br)N1CCOCC1,5,60.0,5,10.1038/nchem.2322
201,-0.10269589091059339,0.16808838981983854,O=C(c1ccccc1Br)N1CCOCC1,6,0.0,5,10.1038/nchem.2322
202,0.49084747742857426,-0.019190762123624323,O=C(c1ccccc1Br)N1CCOCC1,10,0.0,5,10.1038/nchem.2322
203,0.6199801106452214,0.08874370623487238,O=C(c1ccccc1Br)N1CCOCC1,11,0.0,5,10.1038/nchem.2322
204,-0.11760578330006569,0.1619849526209951,O=C(c1ccccc1)N1CCCCCC1,3,0.0,4,10.1038/nchem.2322
205,-0.19546135182074506,0.1489749943813548,O=C(c1ccccc1)N1CCCCCC1,4,52.54237288135593,4,10.1038/nchem.2322
206,-0.20032327325209473,0.14865376084457357,O=C(c1ccccc1)N1CCCCCC1,5,47.45762711864407,4,10.1038/nchem.2322
207,0.337729365150602,-0.058220636842544894,O=C(c1ccccc1)N1CCCCCC1,9,0.0,4,10.1038/nchem.2322
208,-0.026655439724284576,-0.394230916315722,O=C(c1ccccc1)N1CCCCCC1,10,0.0,4,10.1038/nchem.2322
209,-0.13121916330784478,-0.42233885078408046,O=C(c1ccccc1)N1CCCCCC1,11,0.0,4,10.1038/nchem.2322
210,-0.22080816888284796,-0.4814458215518286,CCCCCCN(CCCCCC)C(=O)c1cccc(F)c1,0,0.0,17,10.1038/nchem.2322
211,-0.16110377370587406,-0.42796043767775216,CCCCCCN(CCCCCC)C(=O)c1cccc(F)c1,1,0.0,17,10.1038/nchem.2322
212,-0.14379533341026923,-0.4236237849312054,CCCCCCN(CCCCCC)C(=O)c1cccc(F)c1,2,0.0,17,10.1038/nchem.2322
213,-0.13167294264143742,-0.42233885078408046,CCCCCCN(CCCCCC)C(=O)c1cccc(F)c1,3,0.0,17,10.1038/nchem.2322
214,-0.026655439724284576,-0.394230916315722,CCCCCCN(CCCCCC)C(=O)c1cccc(F)c1,4,0.0,17,10.1038/nchem.2322
215,0.337729365150602,-0.058220636842544894,CCCCCCN(CCCCCC)C(=O)c1cccc(F)c1,5,0.0,17,10.1038/nchem.2322
216,-0.1162444452992878,0.16214556938938568,CCCCCCN(CCCCCC)C(=O)c1cccc(F)c1,16,0.0,17,10.1038/nchem.2322
217,-0.17659709666710835,0.1507417788336516,CCCCCCN(CCCCCC)C(=O)c1cccc(F)c1,17,50.0,17,10.1038/nchem.2322
218,0.032724827357266055,0.1982843422772752,CCCCCCN(CCCCCC)C(=O)c1cccc(F)c1,18,50.0,17,10.1038/nchem.2322
219,0.11531266607112578,0.21177615082208717,CCCCCCN(CCCCCC)C(=O)c1cccc(F)c1,21,0.0,17,10.1038/nchem.2322
220,-0.22080816888284796,-0.4814458215518286,CCCCCCN(CCCCCC)C(=O)c1cccc(Br)c1,0,0.0,17,10.1038/nchem.2322
221,-0.16110377370587406,-0.42796043767775216,CCCCCCN(CCCCCC)C(=O)c1cccc(Br)c1,1,0.0,17,10.1038/nchem.2322
222,-0.14379533341026923,-0.4236237849312054,CCCCCCN(CCCCCC)C(=O)c1cccc(Br)c1,2,0.0,17,10.1038/nchem.2322
223,-0.13167294264143742,-0.42233885078408046,CCCCCCN(CCCCCC)C(=O)c1cccc(Br)c1,3,0.0,17,10.1038/nchem.2322
224,-0.026655439724284576,-0.394230916315722,CCCCCCN(CCCCCC)C(=O)c1cccc(Br)c1,4,0.0,17,10.1038/nchem.2322
225,0.337729365150602,-0.058220636842544894,CCCCCCN(CCCCCC)C(=O)c1cccc(Br)c1,5,0.0,17,10.1038/nchem.2322
226,-0.11708717834738841,0.16214556938938568,CCCCCCN(CCCCCC)C(=O)c1cccc(Br)c1,16,0.0,17,10.1038/nchem.2322
227,-0.18820088248326292,0.1496174614549174,CCCCCCN(CCCCCC)C(=O)c1cccc(Br)c1,17,100.0,17,10.1038/nchem.2322
228,-0.10768746358011237,0.1677671562830574,CCCCCCN(CCCCCC)C(=O)c1cccc(Br)c1,18,0.0,17,10.1038/nchem.2322
229,-0.02496997362808334,0.1812589648278694,CCCCCCN(CCCCCC)C(=O)c1cccc(Br)c1,21,0.0,17,10.1038/nchem.2322
230,-0.22080816888284796,-0.4814458215518286,CCCCCCN(CCCCCC)C(=O)c1cccc(-c2ccccc2)c1,0,0.0,17,10.1038/nchem.2322
231,-0.16110377370587406,-0.42796043767775216,CCCCCCN(CCCCCC)C(=O)c1cccc(-c2ccccc2)c1,1,0.0,17,10.1038/nchem.2322
232,-0.14379533341026923,-0.4236237849312054,CCCCCCN(CCCCCC)C(=O)c1cccc(-c2ccccc2)c1,2,0.0,17,10.1038/nchem.2322
233,-0.13167294264143742,-0.42233885078408046,CCCCCCN(CCCCCC)C(=O)c1cccc(-c2ccccc2)c1,3,0.0,17,10.1038/nchem.2322
234,-0.026655439724284576,-0.394230916315722,CCCCCCN(CCCCCC)C(=O)c1cccc(-c2ccccc2)c1,4,0.0,17,10.1038/nchem.2322
235,0.337729365150602,-0.058220636842544894,CCCCCCN(CCCCCC)C(=O)c1cccc(-c2ccccc2)c1,5,0.0,17,10.1038/nchem.2322
236,-0.1172816552046424,0.16214556938938568,CCCCCCN(CCCCCC)C(=O)c1cccc(-c2ccccc2)c1,16,0.0,17,10.1038/nchem.2322
237,-0.19150698905658065,0.1494568446865267,CCCCCCN(CCCCCC)C(=O)c1cccc(-c2ccccc2)c1,17,100.0,17,10.1038/nchem.2322
238,-0.14917585979429623,0.15909385078996396,CCCCCCN(CCCCCC)C(=O)c1cccc(-c2ccccc2)c1,18,0.0,17,10.1038/nchem.2322
239,-0.14949998788971952,0.15909385078996396,CCCCCCN(CCCCCC)C(=O)c1cccc(-c2ccccc2)c1,21,0.0,17,10.1038/nchem.2322
240,-0.19662821296426902,0.1489749943813548,CCCCCCN(CCCCCC)C(=O)c1cccc(-c2ccccc2)c1,22,0.0,17,10.1038/nchem.2322
241,-0.2003880988711794,0.14865376084457357,CCCCCCN(CCCCCC)C(=O)c1cccc(-c2ccccc2)c1,23,0.0,17,10.1038/nchem.2322
242,-0.06652319546135184,0.17258565933477593,CCCCCCN(CCCCCC)C(=O)c1cccc(-c2ccccc2)c1,26,0.0,17,10.1038/nchem.2322
243,-0.22080816888284796,-0.4814458215518286,CCCCCCN(CCCCCC)C(=O)c1cccc(C#N)c1,0,0.0,17,10.1038/nchem.2322
244,-0.16110377370587406,-0.42796043767775216,CCCCCCN(CCCCCC)C(=O)c1cccc(C#N)c1,1,0.0,17,10.1038/nchem.2322
245,-0.14379533341026923,-0.4236237849312054,CCCCCCN(CCCCCC)C(=O)c1cccc(C#N)c1,2,0.0,17,10.1038/nchem.2322
246,-0.13167294264143742,-0.42233885078408046,CCCCCCN(CCCCCC)C(=O)c1cccc(C#N)c1,3,0.0,17,10.1038/nchem.2322
247,-0.026655439724284576,-0.394230916315722,CCCCCCN(CCCCCC)C(=O)c1cccc(C#N)c1,4,0.0,17,10.1038/nchem.2322
248,0.337729365150602,-0.058220636842544894,CCCCCCN(CCCCCC)C(=O)c1cccc(C#N)c1,5,0.0,17,10.1038/nchem.2322
249,-0.11702235272830372,0.16214556938938568,CCCCCCN(CCCCCC)C(=O)c1cccc(C#N)c1,16,0.0,17,10.1038/nchem.2322
250,-0.1869691957206543,0.14977807822330794,CCCCCCN(CCCCCC)C(=O)c1cccc(C#N)c1,17,100.0,17,10.1038/nchem.2322
251,-0.0844150663287186,0.1709794916508697,CCCCCCN(CCCCCC)C(=O)c1cccc(C#N)c1,18,0.0,17,10.1038/nchem.2322
252,-0.0017624019957742508,0.1844713001956819,CCCCCCN(CCCCCC)C(=O)c1cccc(C#N)c1,22,0.0,17,10.1038/nchem.2322
253,-0.22080816888284796,-0.4814458215518286,CCCCCCN(CCCCCC)C(=O)c1cccc(Cl)c1Cl,0,0.0,17,10.1038/nchem.2322
254,-0.16110377370587406,-0.42796043767775216,CCCCCCN(CCCCCC)C(=O)c1cccc(Cl)c1Cl,1,0.0,17,10.1038/nchem.2322
255,-0.14379533341026923,-0.4236237849312054,CCCCCCN(CCCCCC)C(=O)c1cccc(Cl)c1Cl,2,0.0,17,10.1038/nchem.2322
256,-0.13167294264143742,-0.42233885078408046,CCCCCCN(CCCCCC)C(=O)c1cccc(Cl)c1Cl,3,0.0,17,10.1038/nchem.2322
257,-0.026655439724284576,-0.394230916315722,CCCCCCN(CCCCCC)C(=O)c1cccc(Cl)c1Cl,4,0.0,17,10.1038/nchem.2322
258,0.337729365150602,-0.058220636842544894,CCCCCCN(CCCCCC)C(=O)c1cccc(Cl)c1Cl,5,0.0,17,10.1038/nchem.2322
259,-0.10703920738926574,0.1629486532313387,CCCCCCN(CCCCCC)C(=O)c1cccc(Cl)c1Cl,16,0.0,17,10.1038/nchem.2322
260,-0.18515407838628378,0.1499386949916986,CCCCCCN(CCCCCC)C(=O)c1cccc(Cl)c1Cl,17,100.0,17,10.1038/nchem.2322
261,-0.06892174336748436,0.17483429409224463,CCCCCCN(CCCCCC)C(=O)c1cccc(Cl)c1Cl,18,0.0,17,10.1038/nchem.2322
262,-0.22080816888284796,-0.4814458215518286,CCCCCCN(CCCCCC)C(=O)c1cccc(C(F)(F)F)c1F,0,0.0,17,10.1038/nchem.2322
263,-0.16110377370587406,-0.42796043767775216,CCCCCCN(CCCCCC)C(=O)c1cccc(C(F)(F)F)c1F,1,0.0,17,10.1038/nchem.2322
264,-0.14379533341026923,-0.4236237849312054,CCCCCCN(CCCCCC)C(=O)c1cccc(C(F)(F)F)c1F,2,0.0,17,10.1038/nchem.2322
265,-0.13167294264143742,-0.42233885078408046,CCCCCCN(CCCCCC)C(=O)c1cccc(C(F)(F)F)c1F,3,0.0,17,10.1038/nchem.2322
266,-0.026655439724284576,-0.394230916315722,CCCCCCN(CCCCCC)C(=O)c1cccc(C(F)(F)F)c1F,4,0.0,17,10.1038/nchem.2322
267,0.337729365150602,-0.058220636842544894,CCCCCCN(CCCCCC)C(=O)c1cccc(C(F)(F)F)c1F,5,0.0,17,10.1038/nchem.2322
268,-0.09802844633649771,0.1637517370732919,CCCCCCN(CCCCCC)C(=O)c1cccc(C(F)(F)F)c1F,16,0.0,17,10.1038/nchem.2322
269,-0.1902104766748874,0.14929622791813604,CCCCCCN(CCCCCC)C(=O)c1cccc(C(F)(F)F)c1F,17,100.0,17,10.1038/nchem.2322
270,-0.10146420414798478,0.16037878493708888,CCCCCCN(CCCCCC)C(=O)c1cccc(C(F)(F)F)c1F,18,0.0,17,10.1038/nchem.2322
271,-0.22080816888284796,-0.4814458215518286,CCCCCCN(CCCCCC)C(=O)c1cccs1,0,0.0,18,10.1038/nchem.2322
272,-0.16110377370587406,-0.42796043767775216,CCCCCCN(CCCCCC)C(=O)c1cccs1,1,0.0,18,10.1038/nchem.2322
273,-0.14379533341026923,-0.4236237849312054,CCCCCCN(CCCCCC)C(=O)c1cccs1,2,0.0,18,10.1038/nchem.2322
274,-0.13167294264143742,-0.42233885078408046,CCCCCCN(CCCCCC)C(=O)c1cccs1,3,0.0,18,10.1038/nchem.2322
275,-0.026655439724284576,-0.394230916315722,CCCCCCN(CCCCCC)C(=O)c1cccs1,4,0.0,18,10.1038/nchem.2322
276,0.33792384200785597,-0.058220636842544894,CCCCCCN(CCCCCC)C(=O)c1cccs1,5,0.0,18,10.1038/nchem.2322
277,-0.0468162072596145,0.1764404617761509,CCCCCCN(CCCCCC)C(=O)c1cccs1,16,0.0,18,10.1038/nchem.2322
278,-0.12551450882839452,0.16310926999972947,CCCCCCN(CCCCCC)C(=O)c1cccs1,17,0.0,18,10.1038/nchem.2322
279,0.14798477808979557,0.3365753798615989,CCCCCCN(CCCCCC)C(=O)c1cccs1,18,100.0,18,10.1038/nchem.2322
280,-0.22080816888284796,-0.4814458215518286,CCCCCCN(CCCCCC)C(=O)c1ccc[nH]1,0,0.0,18,10.1038/nchem.2322
281,-0.16110377370587406,-0.42796043767775216,CCCCCCN(CCCCCC)C(=O)c1ccc[nH]1,1,0.0,18,10.1038/nchem.2322
282,-0.14379533341026923,-0.4236237849312054,CCCCCCN(CCCCCC)C(=O)c1ccc[nH]1,2,0.0,18,10.1038/nchem.2322
283,-0.13167294264143742,-0.42233885078408046,CCCCCCN(CCCCCC)C(=O)c1ccc[nH]1,3,0.0,18,10.1038/nchem.2322
284,-0.026655439724284576,-0.394230916315722,CCCCCCN(CCCCCC)C(=O)c1ccc[nH]1,4,0.0,18,10.1038/nchem.2322
285,0.33811831886510996,-0.058220636842544894,CCCCCCN(CCCCCC)C(=O)c1ccc[nH]1,5,0.0,18,10.1038/nchem.2322
286,-0.0011789714240122919,0.18816548586866605,CCCCCCN(CCCCCC)C(=O)c1ccc[nH]1,16,0.0,18,10.1038/nchem.2322
287,-0.08143308785082418,0.17467367732385408,CCCCCCN(CCCCCC)C(=O)c1ccc[nH]1,17,0.0,18,10.1038/nchem.2322
288,0.2111249310782566,0.4583228903016889,CCCCCCN(CCCCCC)C(=O)c1ccc[nH]1,18,100.0,18,10.1038/nchem.2322
289,-0.22080816888284796,-0.4814458215518286,CCCCCCN(CCCCCC)C(=O)c1cccn1C,0,0.0,18,10.1038/nchem.2322
290,-0.16110377370587406,-0.42796043767775216,CCCCCCN(CCCCCC)C(=O)c1cccn1C,1,0.0,18,10.1038/nchem.2322
291,-0.14379533341026923,-0.4236237849312054,CCCCCCN(CCCCCC)C(=O)c1cccn1C,2,0.0,18,10.1038/nchem.2322
292,-0.13167294264143742,-0.42233885078408046,CCCCCCN(CCCCCC)C(=O)c1cccn1C,3,0.0,18,10.1038/nchem.2322
293,-0.026655439724284576,-0.394230916315722,CCCCCCN(CCCCCC)C(=O)c1cccn1C,4,0.0,18,10.1038/nchem.2322
294,0.33811831886510996,-0.058220636842544894,CCCCCCN(CCCCCC)C(=O)c1cccn1C,5,0.0,18,10.1038/nchem.2322
295,0.00018236657676562744,0.18832610263705685,CCCCCCN(CCCCCC)C(=O)c1cccn1C,16,0.0,18,10.1038/nchem.2322
296,-0.08000692423096158,0.17483429409224463,CCCCCCN(CCCCCC)C(=O)c1cccn1C,17,30.526315789473685,18,10.1038/nchem.2322
297,0.22862784823111543,0.4620170759746733,CCCCCCN(CCCCCC)C(=O)c1cccn1C,18,69.47368421052632,18,10.1038/nchem.2322
298,0.27672845759193476,-0.11186663748501201,CCCCCCN(CCCCCC)C(=O)c1cccn1C,20,0.0,18,10.1038/nchem.2322
299,-0.22080816888284796,-0.4814458215518286,CCCCCCN(CCCCCC)C(=O)c1cc2ccccc2[nH]1,0,0.0,21,10.1038/nchem.2322
300,-0.16110377370587406,-0.42796043767775216,CCCCCCN(CCCCCC)C(=O)c1cc2ccccc2[nH]1,1,0.0,21,10.1038/nchem.2322
301,-0.14379533341026923,-0.4236237849312054,CCCCCCN(CCCCCC)C(=O)c1cc2ccccc2[nH]1,2,0.0,21,10.1038/nchem.2322
302,-0.13167294264143742,-0.42233885078408046,CCCCCCN(CCCCCC)C(=O)c1cc2ccccc2[nH]1,3,0.0,21,10.1038/nchem.2322
303,-0.026655439724284576,-0.394230916315722,CCCCCCN(CCCCCC)C(=O)c1cc2ccccc2[nH]1,4,0.0,21,10.1038/nchem.2322
304,0.33811831886510996,-0.058220636842544894,CCCCCCN(CCCCCC)C(=O)c1cc2ccccc2[nH]1,5,0.0,21,10.1038/nchem.2322
305,0.05022774451012487,0.1987661925824471,CCCCCCN(CCCCCC)C(=O)c1cc2ccccc2[nH]1,16,0.0,21,10.1038/nchem.2322
306,-0.1393871913125122,0.16005755140030753,CCCCCCN(CCCCCC)C(=O)c1cc2ccccc2[nH]1,18,0.0,21,10.1038/nchem.2322
307,-0.19578547991616838,0.1489749943813548,CCCCCCN(CCCCCC)C(=O)c1cc2ccccc2[nH]1,19,0.0,21,10.1038/nchem.2322
308,-0.1869691957206543,0.1499386949916986,CCCCCCN(CCCCCC)C(=O)c1cc2ccccc2[nH]1,20,0.0,21,10.1038/nchem.2322
309,-0.04325079820995811,0.18431068342729134,CCCCCCN(CCCCCC)C(=O)c1cc2ccccc2[nH]1,21,100.0,21,10.1038/nchem.2322
310,0.2626612982505631,-0.1173276076102931,CN(C)C(=O)c1ccccn1,0,0.0,7,10.1038/nchem.2322
311,0.004007078102760679,0.18864733617383794,CN(C)C(=O)c1ccccn1,6,0.0,7,10.1038/nchem.2322
312,-0.17549506114266908,0.15090239560204227,CN(C)C(=O)c1ccccn1,7,65.9090909090909,7,10.1038/nchem.2322
313,-0.08065518042180822,0.17483429409224463,CN(C)C(=O)c1ccccn1,8,34.09090909090909,7,10.1038/nchem.2322
314,0.3825886935571882,0.4978346153257815,CN(C)C(=O)c1ccccn1,9,0.0,7,10.1038/nchem.2322
315,0.00517393924628462,-0.4257118029202835,CCOC(=O)c1ccccn1,0,0.0,7,10.1038/nchem.2322
316,0.7791918311171518,0.27907457677775693,CCOC(=O)c1ccccn1,1,0.0,7,10.1038/nchem.2322
317,0.015740515157084564,0.1897716535525723,CCOC(=O)c1ccccn1,6,0.0,7,10.1038/nchem.2322
318,-0.17504128180907644,0.15090239560204227,CCOC(=O)c1ccccn1,7,56.52173913043478,7,10.1038/nchem.2322
319,-0.08065518042180822,0.17483429409224463,CCOC(=O)c1ccccn1,8,43.47826086956522,7,10.1038/nchem.2322
320,0.3831072985098656,0.4978346153257815,CCOC(=O)c1ccccn1,9,0.0,7,10.1038/nchem.2322
321,0.0050442880081152785,-0.4257118029202835,CCOC(=O)Cc1ccccn1,0,0.0,9,10.1038/nchem.2322
322,0.7765339807346808,0.27891396000936636,CCOC(=O)Cc1ccccn1,1,0.0,9,10.1038/nchem.2322
323,0.7728389204468551,-0.1253584460298241,CCOC(=O)Cc1ccccn1,5,0.0,9,10.1038/nchem.2322
324,-0.05615109640780589,0.17981341391235392,CCOC(=O)Cc1ccccn1,7,0.0,9,10.1038/nchem.2322
325,-0.1788659933350715,0.15058116206526106,CCOC(=O)Cc1ccccn1,8,32.58426966292135,9,10.1038/nchem.2322
326,-0.08091448289814686,0.17483429409224463,CCOC(=O)Cc1ccccn1,9,67.41573033707866,9,10.1038/nchem.2322
327,0.3785695051739392,0.4975133817890001,CCOC(=O)Cc1ccccn1,10,0.0,9,10.1038/nchem.2322
328,-0.06276330955444144,-0.44354026421164233,CCOP(=O)(OCC)c1ccccc1,0,0.0,11,10.1038/nchem.2322
329,0.5514594312727334,0.06320564006076378,CCOP(=O)(OCC)c1ccccc1,1,0.0,11,10.1038/nchem.2322
330,-0.10036216862354555,0.16407297061007303,CCOP(=O)(OCC)c1ccccc1,9,0.0,11,10.1038/nchem.2322
331,-0.19468344439172913,0.14913561114974547,CCOP(=O)(OCC)c1ccccc1,10,43.529411764705884,11,10.1038/nchem.2322
332,-0.2002584476330101,0.14865376084457357,CCOP(=O)(OCC)c1ccccc1,11,56.470588235294116,11,10.1038/nchem.2322
333,-0.06276330955444144,-0.44354026421164233,CCOP(=O)(OCC)c1ccccc1C,0,0.0,11,10.1038/nchem.2322
334,0.5514594312727334,0.06320564006076378,CCOP(=O)(OCC)c1ccccc1C,1,0.0,11,10.1038/nchem.2322
335,-0.09854705128917499,0.1642335873784638,CCOP(=O)(OCC)c1ccccc1C,9,0.0,11,10.1038/nchem.2322
336,-0.1945537931535598,0.14913561114974547,CCOP(=O)(OCC)c1ccccc1C,10,37.37373737373738,11,10.1038/nchem.2322
337,-0.19857298153680886,0.14881437761296426,CCOP(=O)(OCC)c1ccccc1C,11,62.62626262626262,11,10.1038/nchem.2322
338,-0.1756247123808384,0.15363288066468278,CCOP(=O)(OCC)c1ccccc1C,12,0.0,11,10.1038/nchem.2322
339,-0.04882580145123906,-0.40194052119847173,CCOP(=O)(OCC)c1ccccc1C,14,0.0,11,10.1038/nchem.2322
340,-0.06276330955444144,-0.44354026421164233,CCOP(=O)(OCC)c1ccccc1Br,0,0.0,11,10.1038/nchem.2322
341,0.5514594312727334,0.06320564006076378,CCOP(=O)(OCC)c1ccccc1Br,1,0.0,11,10.1038/nchem.2322
342,-0.09284239680972473,0.16471543768363572,CCOP(=O)(OCC)c1ccccc1Br,9,0.0,11,10.1038/nchem.2322
343,-0.1941648394390518,0.14913561114974547,CCOP(=O)(OCC)c1ccccc1Br,10,24.242424242424242,11,10.1038/nchem.2322
344,-0.1929979782955279,0.14929622791813604,CCOP(=O)(OCC)c1ccccc1Br,11,75.75757575757575,11,10.1038/nchem.2322
345,-0.10191798348157742,0.1682490065882293,CCOP(=O)(OCC)c1ccccc1Br,12,0.0,11,10.1038/nchem.2322
346,-0.06276330955444144,-0.44354026421164233,CCOP(=O)(OCC)c1ccccc1C(F)(F)F,0,0.0,10,10.1038/nchem.2322
347,0.5514594312727334,0.06320564006076378,CCOP(=O)(OCC)c1ccccc1C(F)(F)F,1,0.0,10,10.1038/nchem.2322
348,-0.09627815462121184,0.16439420414685438,CCOP(=O)(OCC)c1ccccc1C(F)(F)F,9,0.0,10,10.1038/nchem.2322
349,-0.19448896753447514,0.14913561114974547,CCOP(=O)(OCC)c1ccccc1C(F)(F)F,10,100.0,10,10.1038/nchem.2322
350,-0.19636891048793031,0.14881437761296426,CCOP(=O)(OCC)c1ccccc1C(F)(F)F,11,0.0,10,10.1038/nchem.2322
351,-0.11507758415576388,0.15909385078996396,CCOP(=O)(OCC)c1ccccc1C(F)(F)F,12,0.0,10,10.1038/nchem.2322
352,-0.13368253683306194,-0.4602444081242668,CCN(CC)P(=O)(c1ccccc1)N(CC)CC,0,0.0,9,10.1038/nchem.2322
353,0.22480313670512034,-0.1563574823292138,CCN(CC)P(=O)(c1ccccc1)N(CC)CC,1,0.0,9,10.1038/nchem.2322
354,-0.11397554863132461,0.16278803646294812,CCN(CC)P(=O)(c1ccccc1)N(CC)CC,8,0.0,9,10.1038/nchem.2322
355,-0.1952020493444064,0.14913561114974547,CCN(CC)P(=O)(c1ccccc1)N(CC)CC,9,100.0,9,10.1038/nchem.2322
356,-0.20032327325209473,0.14865376084457357,CCN(CC)P(=O)(c1ccccc1)N(CC)CC,10,0.0,9,10.1038/nchem.2322
357,-0.13070055835516747,0.16134248554743266,O=P(c1ccccc1)(C1CCCCC1)C1CCCCC1,3,0.0,4,10.1038/nchem.2322
358,-0.19578547991616838,0.1489749943813548,O=P(c1ccccc1)(C1CCCCC1)C1CCCCC1,4,100.0,4,10.1038/nchem.2322
359,-0.20032327325209473,0.14865376084457357,O=P(c1ccccc1)(C1CCCCC1)C1CCCCC1,5,0.0,4,10.1038/nchem.2322
360,0.3111508613258905,-0.23088366286246143,O=P(c1ccccc1)(C1CCCCC1)C1CCCCC1,8,0.0,4,10.1038/nchem.2322
361,-0.0774138994675751,-0.41109567699673705,O=P(c1ccccc1)(C1CCCCC1)C1CCCCC1,9,0.0,4,10.1038/nchem.2322
362,-0.13783137645448035,-0.422981317857643,O=P(c1ccccc1)(C1CCCCC1)C1CCCCC1,10,0.0,4,10.1038/nchem.2322
363,-0.14223951855223738,-0.4234631681628148,O=P(c1ccccc1)(C1CCCCC1)C1CCCCC1,11,0.0,4,10.1038/nchem.2322
364,0.7057444046942295,0.22237685753586822,COc1ccccc1P(=O)(C1CCCCC1)C1CCCCC1,0,0.0,5,10.1038/nchem.2322
365,0.07855654005012229,0.21209738435886852,COc1ccccc1P(=O)(C1CCCCC1)C1CCCCC1,3,0.0,5,10.1038/nchem.2322
366,-0.17640261980985436,0.15090239560204227,COc1ccccc1P(=O)(C1CCCCC1)C1CCCCC1,4,0.0,5,10.1038/nchem.2322
367,-0.1940351882008825,0.14913561114974547,COc1ccccc1P(=O)(C1CCCCC1)C1CCCCC1,5,100.0,5,10.1038/nchem.2322
368,-0.10639095119841914,0.16359112030490136,COc1ccccc1P(=O)(C1CCCCC1)C1CCCCC1,6,0.0,5,10.1038/nchem.2322
369,0.31199359437399105,-0.23088366286246143,COc1ccccc1P(=O)(C1CCCCC1)C1CCCCC1,10,0.0,5,10.1038/nchem.2322
370,-0.0774138994675751,-0.41109567699673705,COc1ccccc1P(=O)(C1CCCCC1)C1CCCCC1,11,0.0,5,10.1038/nchem.2322
371,-0.13783137645448035,-0.422981317857643,COc1ccccc1P(=O)(C1CCCCC1)C1CCCCC1,12,0.0,5,10.1038/nchem.2322
372,-0.14223951855223738,-0.4234631681628148,COc1ccccc1P(=O)(C1CCCCC1)C1CCCCC1,13,0.0,5,10.1038/nchem.2322
373,-0.12091188987338349,0.16214556938938568,O=P(c1ccccc1Cl)(C1CCCCC1)C1CCCCC1,3,0.0,4,10.1038/nchem.2322
374,-0.19513722372532177,0.14913561114974547,O=P(c1ccccc1Cl)(C1CCCCC1)C1CCCCC1,4,100.0,4,10.1038/nchem.2322
375,-0.19072908162756474,0.1494568446865267,O=P(c1ccccc1Cl)(C1CCCCC1)C1CCCCC1,5,0.0,4,10.1038/nchem.2322
376,-0.07417261851334199,0.17435244378707274,O=P(c1ccccc1Cl)(C1CCCCC1)C1CCCCC1,6,0.0,4,10.1038/nchem.2322
377,0.3114749894213138,-0.23088366286246143,O=P(c1ccccc1Cl)(C1CCCCC1)C1CCCCC1,9,0.0,4,10.1038/nchem.2322
378,-0.0774138994675751,-0.41109567699673705,O=P(c1ccccc1Cl)(C1CCCCC1)C1CCCCC1,10,0.0,4,10.1038/nchem.2322
379,-0.13783137645448035,-0.422981317857643,O=P(c1ccccc1Cl)(C1CCCCC1)C1CCCCC1,11,0.0,4,10.1038/nchem.2322
380,-0.14223951855223738,-0.4234631681628148,O=P(c1ccccc1Cl)(C1CCCCC1)C1CCCCC1,12,0.0,4,10.1038/nchem.2322
381,-0.1160499684420338,0.15909385078996396,FC(F)(F)c1ccc2c(Cl)ccnc2c1,5,0.0,10,10.1039/c2sc20776a
382,-0.12570898568564848,0.1611818687790419,FC(F)(F)c1ccc2c(Cl)ccnc2c1,6,0.0,10,10.1039/c2sc20776a
383,0.04465274126884392,0.2005329770347439,FC(F)(F)c1ccc2c(Cl)ccnc2c1,10,100.0,10,10.1039/c2sc20776a
384,0.39095119841910964,0.4986376991677345,FC(F)(F)c1ccc2c(Cl)ccnc2c1,11,0.0,10,10.1039/c2sc20776a
385,0.05055187260554819,0.19571447398302516,FC(F)(F)c1ccc2c(Cl)ccnc2c1,14,0.0,10,10.1039/c2sc20776a
386,-0.07391331603700335,0.17435244378707274,Clc1ccc2c(Cl)ccnc2c1,2,0.0,7,10.1039/c2sc20776a
387,-0.1200043312061982,0.16182433585260433,Clc1ccc2c(Cl)ccnc2c1,3,0.0,7,10.1039/c2sc20776a
388,0.04465274126884392,0.2005329770347439,Clc1ccc2c(Cl)ccnc2c1,7,100.0,7,10.1039/c2sc20776a
389,0.39095119841910964,0.4986376991677345,Clc1ccc2c(Cl)ccnc2c1,8,0.0,7,10.1039/c2sc20776a
390,0.09249404815332467,0.21113368374852473,Clc1ccc2c(Cl)ccnc2c1,11,0.0,7,10.1039/c2sc20776a
391,-0.054660107168858656,-0.4024223715036436,Cc1ccc2nc(C)ccc2c1,0,0.0,9,10.1039/c2sc20776a
392,-0.16739185875708634,0.154435964506636,Cc1ccc2nc(C)ccc2c1,2,0.0,9,10.1039/c2sc20776a
393,-0.027368521534215855,0.1857562343428068,Cc1ccc2nc(C)ccc2c1,3,0.0,9,10.1039/c2sc20776a
394,0.0591088543247236,-0.3765630717927538,Cc1ccc2nc(C)ccc2c1,7,0.0,9,10.1039/c2sc20776a
395,-0.05770691126583777,0.17981341391235392,Cc1ccc2nc(C)ccc2c1,8,0.0,9,10.1039/c2sc20776a
396,-0.12765375425818834,0.1611818687790419,Cc1ccc2nc(C)ccc2c1,9,100.0,9,10.1039/c2sc20776a
397,-0.12026363368253684,0.16455482091524493,Cc1ccc2nc(C)ccc2c1,11,0.0,9,10.1039/c2sc20776a
398,0.705485102217891,0.22237685753586822,COc1ccc2nc(C)ccc2c1,0,0.0,10,10.1039/c2sc20776a
399,0.087632126721975,0.21290046820082154,COc1ccc2nc(C)ccc2c1,3,0.0,10,10.1039/c2sc20776a
400,-0.005198159807261368,0.18784425233188493,COc1ccc2nc(C)ccc2c1,4,0.0,10,10.1039/c2sc20776a
401,0.0591088543247236,-0.3765630717927538,COc1ccc2nc(C)ccc2c1,8,0.0,10,10.1039/c2sc20776a
402,-0.05770691126583777,0.17981341391235392,COc1ccc2nc(C)ccc2c1,9,0.0,10,10.1039/c2sc20776a
403,-0.12681102121008775,0.1611818687790419,COc1ccc2nc(C)ccc2c1,10,100.0,10,10.1039/c2sc20776a
404,0.13463070055835513,0.22317994137782124,COc1ccc2nc(C)ccc2c1,12,0.0,10,10.1039/c2sc20776a
405,0.0591088543247236,-0.3765630717927538,Cc1ccc2cc(Cl)ccc2n1,0,0.0,3,10.1039/c2sc20776a
406,-0.05770691126583777,0.17981341391235392,Cc1ccc2cc(Cl)ccc2n1,2,0.0,3,10.1039/c2sc20776a
407,-0.12732962616276502,0.1611818687790419,Cc1ccc2cc(Cl)ccc2n1,3,100.0,3,10.1039/c2sc20776a
408,-0.017903981147855148,0.18543500080602568,Cc1ccc2cc(Cl)ccc2n1,5,0.0,3,10.1039/c2sc20776a
409,-0.06496738060331995,0.17515552762902598,Cc1ccc2cc(Cl)ccc2n1,8,0.0,3,10.1039/c2sc20776a
410,-0.019459796005887067,0.18655931818476004,Cc1ccc2cc(Cl)ccc2n1,9,0.0,3,10.1039/c2sc20776a
411,0.0591088543247236,-0.3765630717927538,Cc1ccc2cc(Br)ccc2n1,0,0.0,3,10.1039/c2sc20776a
412,-0.05770691126583777,0.17981341391235392,Cc1ccc2cc(Br)ccc2n1,2,0.0,3,10.1039/c2sc20776a
413,-0.12745927740093435,0.1611818687790419,Cc1ccc2cc(Br)ccc2n1,3,100.0,3,10.1039/c2sc20776a
414,-0.04675138164052987,0.17917094683879148,Cc1ccc2cc(Br)ccc2n1,5,0.0,3,10.1039/c2sc20776a
415,-0.09381478109599464,0.16905209043018232,Cc1ccc2cc(Br)ccc2n1,8,0.0,3,10.1039/c2sc20776a
416,-0.021793518292934903,0.1862380846479787,Cc1ccc2cc(Br)ccc2n1,9,0.0,3,10.1039/c2sc20776a
417,0.705485102217891,0.22237685753586822,COc1ccc2nc(C#N)ccc2c1,0,0.0,11,10.1039/c2sc20776a
418,0.087632126721975,0.21290046820082154,COc1ccc2nc(C#N)ccc2c1,3,0.0,11,10.1039/c2sc20776a
419,-0.004938857330922685,0.18784425233188493,COc1ccc2nc(C#N)ccc2c1,4,0.0,11,10.1039/c2sc20776a
420,0.041670762790949466,0.1982843422772752,COc1ccc2nc(C#N)ccc2c1,10,0.0,11,10.1039/c2sc20776a
421,-0.11974502872985957,0.16182433585260433,COc1ccc2nc(C#N)ccc2c1,11,100.0,11,10.1039/c2sc20776a
422,0.13463070055835513,0.22317994137782124,COc1ccc2nc(C#N)ccc2c1,13,0.0,11,10.1039/c2sc20776a
423,0.0591088543247236,-0.3765630717927538,Cc1ccc2ccc(Br)cc2n1,0,0.0,3,10.1039/c2sc20776a
424,-0.05770691126583777,0.17981341391235392,Cc1ccc2ccc(Br)cc2n1,2,0.0,3,10.1039/c2sc20776a
425,-0.12771857987727303,0.1611818687790419,Cc1ccc2ccc(Br)cc2n1,3,65.0,3,10.1039/c2sc20776a
426,-0.1320618963559454,0.1607000184738702,Cc1ccc2ccc(Br)cc2n1,5,35.0,3,10.1039/c2sc20776a
427,-0.10314967024418603,0.16808838981983854,Cc1ccc2ccc(Br)cc2n1,6,0.0,3,10.1039/c2sc20776a
428,0.06345217080339598,0.20486962978129053,Cc1ccc2ccc(Br)cc2n1,9,0.0,3,10.1039/c2sc20776a
429,0.0591088543247236,-0.3765630717927538,Cc1ccc2ccc(C(F)(F)F)cc2n1,0,0.0,3,10.1039/c2sc20776a
430,-0.05770691126583777,0.17981341391235392,Cc1ccc2ccc(C(F)(F)F)cc2n1,2,0.0,3,10.1039/c2sc20776a
431,-0.12771857987727303,0.1611818687790419,Cc1ccc2ccc(C(F)(F)F)cc2n1,3,60.0,3,10.1039/c2sc20776a
432,-0.13543282854834782,0.16037878493708888,Cc1ccc2ccc(C(F)(F)F)cc2n1,5,40.0,3,10.1039/c2sc20776a
433,-0.11637409653745713,0.15909385078996396,Cc1ccc2ccc(C(F)(F)F)cc2n1,6,0.0,3,10.1039/c2sc20776a
434,0.05022774451012487,0.19571447398302516,Cc1ccc2ccc(C(F)(F)F)cc2n1,12,0.0,3,10.1039/c2sc20776a
435,0.0591088543247236,-0.3765630717927538,Cc1ccc2ccc(C#N)cc2n1,0,0.0,3,10.1039/c2sc20776a
436,-0.05770691126583777,0.17981341391235392,Cc1ccc2ccc(C#N)cc2n1,2,0.0,3,10.1039/c2sc20776a
437,-0.12771857987727303,0.1611818687790419,Cc1ccc2ccc(C#N)cc2n1,3,100.0,3,10.1039/c2sc20776a
438,-0.13083020959333677,0.16086063524226077,Cc1ccc2ccc(C#N)cc2n1,5,0.0,3,10.1039/c2sc20776a
439,-0.07987727299279225,0.1714613419560416,Cc1ccc2ccc(C#N)cc2n1,6,0.0,3,10.1039/c2sc20776a
440,0.08665974243570507,0.20808196514910302,Cc1ccc2ccc(C#N)cc2n1,10,0.0,3,10.1039/c2sc20776a
441,0.705485102217891,0.22237685753586822,COc1ccc2ccc(C)nc2c1,0,0.0,6,10.1039/c2sc20776a
442,0.07836206319286829,0.21193676759047797,COc1ccc2ccc(C)nc2c1,3,0.0,6,10.1039/c2sc20776a
443,-0.11546653787027185,0.16230618615777623,COc1ccc2ccc(C)nc2c1,4,0.0,6,10.1039/c2sc20776a
444,-0.12765375425818834,0.1611818687790419,COc1ccc2ccc(C)nc2c1,6,100.0,6,10.1039/c2sc20776a
445,-0.05770691126583777,0.17981341391235392,COc1ccc2ccc(C)nc2c1,7,0.0,6,10.1039/c2sc20776a
446,0.0591088543247236,-0.3765630717927538,COc1ccc2ccc(C)nc2c1,9,0.0,6,10.1039/c2sc20776a
447,0.244639776145027,0.24903924108871106,COc1ccc2ccc(C)nc2c1,12,0.0,6,10.1039/c2sc20776a
448,-0.054335979073435334,-0.402261754735253,Cc1ccc2ccc(C)nc2c1,0,0.0,5,10.1039/c2sc20776a
449,-0.17672674790527768,0.1534722638962922,Cc1ccc2ccc(C)nc2c1,2,0.0,5,10.1039/c2sc20776a
450,-0.13763689959722633,0.1602181681686983,Cc1ccc2ccc(C)nc2c1,3,0.0,5,10.1039/c2sc20776a
451,-0.12771857987727303,0.1611818687790419,Cc1ccc2ccc(C)nc2c1,5,100.0,5,10.1039/c2sc20776a
452,-0.05770691126583777,0.17981341391235392,Cc1ccc2ccc(C)nc2c1,6,0.0,5,10.1039/c2sc20776a
453,0.0591088543247236,-0.3765630717927538,Cc1ccc2ccc(C)nc2c1,8,0.0,5,10.1039/c2sc20776a
454,-0.010060081238611041,0.1902535038577442,Cc1ccc2ccc(C)nc2c1,11,0.0,5,10.1039/c2sc20776a
455,0.0591088543247236,-0.3765630717927538,Cc1ccc2ccc(Cl)cc2n1,0,0.0,3,10.1039/c2sc20776a
456,-0.05770691126583777,0.17981341391235392,Cc1ccc2ccc(Cl)cc2n1,2,0.0,3,10.1039/c2sc20776a
457,-0.12771857987727303,0.1611818687790419,Cc1ccc2ccc(Cl)cc2n1,3,84.72222222222223,3,10.1039/c2sc20776a
458,-0.12972817406889756,0.16086063524226077,Cc1ccc2ccc(Cl)cc2n1,5,15.277777777777779,3,10.1039/c2sc20776a
459,-0.0743022697515113,0.1741918270186822,Cc1ccc2ccc(Cl)cc2n1,6,0.0,3,10.1039/c2sc20776a
460,0.09223474567698602,0.21097306698013416,Cc1ccc2ccc(Cl)cc2n1,9,0.0,3,10.1039/c2sc20776a
461,0.7277851151830148,0.22446487552494615,COC(=O)c1ccccc1C,0,0.0,7,10.1039/c2sc20776a
462,-0.10438135700679459,0.16326988676812001,COC(=O)c1ccccc1C,5,0.0,7,10.1039/c2sc20776a
463,-0.19494274686806778,0.1489749943813548,COC(=O)c1ccccc1C,6,27.0,7,10.1039/c2sc20776a
464,-0.19857298153680886,0.14881437761296426,COC(=O)c1ccccc1C,7,73.0,7,10.1039/c2sc20776a
465,-0.17594884047626172,0.15363288066468278,COC(=O)c1ccccc1C,8,0.0,7,10.1039/c2sc20776a
466,-0.04921475516574702,-0.40194052119847173,COC(=O)c1ccccc1C,10,0.0,7,10.1039/c2sc20776a
467,0.27523746835298757,-0.28854508271469403,O=C1CCCc2ccccc21,2,0.0,7,10.1039/c2sc20776a
468,-0.06872726651023035,-0.4106138266915652,O=C1CCCc2ccccc21,3,0.0,7,10.1039/c2sc20776a
469,0.029742848879371602,-0.3434760175042861,O=C1CCCc2ccccc21,4,0.0,7,10.1039/c2sc20776a
470,-0.17504128180907644,0.15363288066468278,O=C1CCCc2ccccc21,6,0.0,7,10.1039/c2sc20776a
471,-0.19857298153680886,0.14881437761296426,O=C1CCCc2ccccc21,7,80.0,7,10.1039/c2sc20776a
472,-0.19585030553525304,0.1489749943813548,O=C1CCCc2ccccc21,8,20.0,7,10.1039/c2sc20776a
473,-0.12849648730628896,0.16102125201065132,O=C1CCCc2ccccc21,9,0.0,7,10.1039/c2sc20776a
474,-0.12966334844981287,-0.4644204441024229,CC(C)(C)C(=O)NC1CC1,0,0.0,8,10.1002/anie.201409186
475,0.39056224470460177,-0.003129085284562308,CC(C)(C)C(=O)NC1CC1,7,0.0,8,10.1002/anie.201409186
476,0.0031643450546600823,-0.3884487126536596,CC(C)(C)C(=O)NC1CC1,8,100.0,8,10.1002/anie.201409186
477,0.03927221488481695,-0.41639603035362754,CC(C)(C)OC(=O)NC=Cc1ccccc1,0,0.0,9,10.1021/ja303443m
478,0.2531967578642024,0.4623383095114544,CC(C)(C)OC(=O)NC=Cc1ccccc1,8,0.0,9,10.1021/ja303443m
479,-0.04752928906954578,0.18366821635372865,CC(C)(C)OC(=O)NC=Cc1ccccc1,9,100.0,9,10.1021/ja303443m
480,-0.15306539693937596,0.15877261725318262,CC(C)(C)OC(=O)NC=Cc1ccccc1,11,0.0,9,10.1021/ja303443m
481,-0.19675786420243832,0.1489749943813548,CC(C)(C)OC(=O)NC=Cc1ccccc1,12,0.0,9,10.1021/ja303443m
482,-0.2003880988711794,0.14865376084457357,CC(C)(C)OC(=O)NC=Cc1ccccc1,13,0.0,9,10.1021/ja303443m
483,0.705679579075145,0.22237685753586822,COc1c(C)cccc1C,0,0.0,6,10.1021/ja400295v
484,-0.030933930583872248,-0.4001737367461749,COc1c(C)cccc1C,4,0.0,6,10.1021/ja400295v
485,-0.15753836465621768,0.15539966511697959,COc1c(C)cccc1C,5,0.0,6,10.1021/ja400295v
486,-0.19546135182074506,0.1489749943813548,COc1c(C)cccc1C,6,100.0,6,10.1021/ja400295v
487,0.705485102217891,0.22237685753586822,COc1cccc(OC)c1,0,0.0,4,10.1021/ja400295v
488,0.07525043347680452,0.21161553405369662,COc1cccc(OC)c1,3,0.0,4,10.1021/ja400295v
489,-0.15287092008212194,0.1529904135911203,COc1cccc(OC)c1,4,100.0,4,10.1021/ja400295v
490,0.34686977744153935,0.27521977433638223,COc1cccc(OC)c1,9,0.0,4,10.1021/ja400295v
491,0.7068464402186688,0.22237685753586822,COc1cccc(OC)c1OC,0,0.0,4,10.1021/ja400295v
492,0.10059725053890745,0.21402478557955587,COc1cccc(OC)c1OC,3,0.0,4,10.1021/ja400295v
493,-0.15099097712866674,0.1531510303595109,COc1cccc(OC)c1OC,4,100.0,4,10.1021/ja400295v
494,0.707948475743108,0.22253747430425877,COc1cccc(OC)c1OC,11,0.0,4,10.1021/ja400295v
495,-0.1773750040961243,-0.4716481986800008,CC(C)c1cccc(C(C)C)c1,0,0.0,5,10.1021/ja400295v
496,0.061248099754517456,-0.2949697534503188,CC(C)c1cccc(C(C)C)c1,1,0.0,5,10.1021/ja400295v
497,-0.1778936090488016,0.1534722638962922,CC(C)c1cccc(C(C)C)c1,4,0.0,5,10.1021/ja400295v
498,-0.19695234105969228,0.1489749943813548,CC(C)c1cccc(C(C)C)c1,5,100.0,5,10.1021/ja400295v
499,-0.15546394484550846,0.15829076694801072,CC(C)c1cccc(C(C)C)c1,11,0.0,5,10.1021/ja400295v
500,-0.05453045593068934,-0.402261754735253,Cc1cccc(Br)c1,0,0.0,3,10.1021/ja400295v
501,-0.18107006438395004,0.1531510303595109,Cc1cccc(Br)c1,2,0.0,3,10.1021/ja400295v
502,-0.19163664029474997,0.1494568446865267,Cc1cccc(Br)c1,3,100.0,3,10.1021/ja400295v
503,-0.10788194043736637,0.1677671562830574,Cc1cccc(Br)c1,4,0.0,3,10.1021/ja400295v
504,-0.08895285966464496,0.1722644257979948,Cc1cccc(Br)c1,7,0.0,3,10.1021/ja400295v
505,-0.054335979073435334,-0.402261754735253,Cc1cccc(N(C)C)c1,0,0.0,3,10.1021/ja400295v
506,-0.18061628505035743,0.1531510303595109,Cc1cccc(N(C)C)c1,2,0.0,3,10.1021/ja400295v
507,-0.18554303210079173,0.15009931176008917,Cc1cccc(N(C)C)c1,3,100.0,3,10.1021/ja400295v
508,-0.04824237087947711,0.18382883312211942,Cc1cccc(N(C)C)c1,4,0.0,3,10.1021/ja400295v
509,0.24263018195340244,-0.1190943920625899,Cc1cccc(N(C)C)c1,7,0.0,3,10.1021/ja400295v
510,-0.02931329010675569,0.1884867194054474,Cc1cccc(N(C)C)c1,9,0.0,3,10.1021/ja400295v
511,0.7277851151830148,0.22446487552494615,COC(=O)c1ccc(C#N)cc1,0,0.0,5,10.1021/ja0428309
512,-0.09757466700290507,0.16391235384168248,COC(=O)c1ccc(C#N)cc1,5,100.0,5,10.1021/ja0428309
513,-0.07916419118286099,0.1714613419560416,COC(=O)c1ccc(C#N)cc1,6,0.0,5,10.1021/ja0428309
514,-0.07793250442025237,0.17162195872443237,N#Cc1ccc(I)cc1,3,100.0,3,10.1021/ja0428309
515,-0.10509443881672591,0.16728530597788552,N#Cc1ccc(I)cc1,4,0.0,3,10.1021/ja0428309
516,0.3014918440822758,-0.32082905316120863,CC(=O)Nc1ccc(C#N)cc1,0,0.0,5,10.1021/ja0428309
517,-0.03825922554043912,0.18479253373246302,CC(=O)Nc1ccc(C#N)cc1,5,100.0,5,10.1021/ja0428309
518,-0.07138511689270151,0.1722644257979948,CC(=O)Nc1ccc(C#N)cc1,6,0.0,5,10.1021/ja0428309
519,0.24263018195340244,-0.1190943920625899,CN(C)c1ccc(C#N)cc1,0,0.0,4,10.1021/ja0428309
520,-0.039815040398470995,0.18463191696407244,CN(C)c1ccc(C#N)cc1,4,100.0,4,10.1021/ja0428309
521,-0.07138511689270151,0.1722644257979948,CN(C)c1ccc(C#N)cc1,5,0.0,4,10.1021/ja0428309
522,0.16652490514800897,-0.3534342571445045,CC(=O)CC(c1ccccc1)c1c(O)c2ccccc2oc1=O,0,0.0,17,
523,0.3143273166610389,-0.27922931014803803,CC(=O)CC(c1ccccc1)c1c(O)c2ccccc2oc1=O,3,0.0,17,
524,0.37649508536323,-0.19169317137515018,CC(=O)CC(c1ccccc1)c1c(O)c2ccccc2oc1=O,4,0.0,17,
525,-0.17555988676175377,0.15363288066468278,CC(=O)CC(c1ccccc1)c1c(O)c2ccccc2oc1=O,6,0.0,17,
526,-0.19870263277497816,0.14881437761296426,CC(=O)CC(c1ccccc1)c1c(O)c2ccccc2oc1=O,7,0.0,17,
527,-0.20051775010934872,0.14865376084457357,CC(=O)CC(c1ccccc1)c1c(O)c2ccccc2oc1=O,8,0.0,17,
528,-0.1047054851022179,0.16326988676812001,CC(=O)CC(c1ccccc1)c1c(O)c2ccccc2oc1=O,15,0.0,17,
529,-0.19410001381996717,0.14913561114974547,CC(=O)CC(c1ccccc1)c1c(O)c2ccccc2oc1=O,16,0.0,17,
530,-0.17627296857168503,0.15090239560204227,CC(=O)CC(c1ccccc1)c1c(O)c2ccccc2oc1=O,17,100.0,17,
531,0.08380741519597992,0.21241861789564964,CC(=O)CC(c1ccccc1)c1c(O)c2ccccc2oc1=O,18,0.0,17,
532,0.04867192965209297,-0.37752677240309745,Cc1ccc(C)n1-c1ccn(C)n1,0,0.0,9,
533,-0.06133714593457884,0.1794921803755726,Cc1ccc(C)n1-c1ccn(C)n1,2,0.0,9,
534,0.2097635930774787,0.2390810014484927,Cc1ccc(C)n1-c1ccn(C)n1,8,0.0,9,
535,0.37604130602963737,0.49301611227406295,Cc1ccc(C)n1-c1ccn(C)n1,9,100.0,9,
536,0.3958131198504593,-0.08279500240630981,Cc1ccc(C)n1-c1ccn(C)n1,11,0.0,9,
537,-0.07404296727517266,0.17081887488247913,Brc1ccc(N2CCOCC2)nc1,2,100.0,2,
538,0.0845204970059112,0.21209738435886852,Brc1ccc(N2CCOCC2)nc1,3,0.0,2,
539,0.48041055275594363,-0.020154462733968002,Brc1ccc(N2CCOCC2)nc1,6,0.0,2,
540,0.6195911569307134,0.08874370623487238,Brc1ccc(N2CCOCC2)nc1,7,0.0,2,
541,0.4846890436155313,0.5185541784481714,Brc1ccc(N2CCOCC2)nc1,12,0.0,2,
542,0.40009161071004706,-0.08231315210113792,Cn1nc(C(F)(F)F)c2ccc(Br)cc21,0,100.0,0,
543,-0.11754095768098105,0.1619849526209951,Cn1nc(C(F)(F)F)c2ccc(Br)cc21,9,0.0,0,
544,-0.1026310652915087,0.16808838981983854,Cn1nc(C(F)(F)F)c2ccc(Br)cc21,10,0.0,0,
545,0.06131292537360212,0.20470901301289995,Cn1nc(C(F)(F)F)c2ccc(Br)cc21,13,0.0,0,
