,Buried_Volume_C_MMFF,Buried_Volume_H_max_MFF,Pyramidalization_C_MFF,Reactant_SMILES,Atom_nÂº,Selectivity,Reactive Atom,DOI
0,-0.3564884150157878,-0.26535082947059013,0.5737364599380853,Cc1nc2ccccc2o1,0,0.0,7,10.1021/ja412563e
1,0.002674818017944533,-0.12856893757253054,-0.3901714399858437,Cc1nc2ccccc2o1,4,0.0,7,10.1021/ja412563e
2,-0.050581705269559865,-0.18547750707406083,-0.3901714399858437,Cc1nc2ccccc2o1,5,0.0,7,10.1021/ja412563e
3,-0.05053926538197022,-0.18497546212836033,-0.3901714399858437,Cc1nc2ccccc2o1,6,0.0,7,10.1021/ja412563e
4,-0.003654260870425727,-0.13286674657739125,-0.39016902886285115,Cc1nc2ccccc2o1,7,100.0,7,10.1021/ja412563e
5,-0.35646627246574103,-0.26576412909760627,0.5736376038953891,Cc1nc2cc(Br)ccc2o1,0,0.0,8,10.1021/ja412563e
6,0.11883832598833995,0.022270212805144074,-0.39016902886285115,Cc1nc2cc(Br)ccc2o1,4,0.0,8,10.1021/ja412563e
7,0.06603387976429055,-0.028157412851888136,-0.39017023442434745,Cc1nc2cc(Br)ccc2o1,7,0.0,8,10.1021/ja412563e
8,-0.0004841857887289488,-0.13323440575479825,-0.3901714399858437,Cc1nc2cc(Br)ccc2o1,8,100.0,8,10.1021/ja412563e
9,-0.36001277089823297,-0.2717886684460128,0.5758281091341567,Cc1nc2ccccc2[nH]1,0,0.0,6,10.1021/ja412563e
10,0.006317267500639162,-0.12403531957802273,-0.39017023442434745,Cc1nc2ccccc2[nH]1,4,0.0,6,10.1021/ja412563e
11,-0.05196930507249122,-0.18621789658994248,-0.3901714399858437,Cc1nc2ccccc2[nH]1,5,0.0,6,10.1021/ja412563e
12,-0.051076222220604615,-0.18516816624893218,-0.3901714399858437,Cc1nc2ccccc2[nH]1,6,100.0,6,10.1021/ja412563e
13,-0.0038904480709246016,-0.13742825595777144,-0.39017023442434745,Cc1nc2ccccc2[nH]1,7,0.0,6,10.1021/ja412563e
14,-0.34668664619508155,-0.25415877699421546,0.5789577467785376,Cc1cc2c(Cl)ccnc2[nH]1,0,0.0,6,10.1021/ja412563e
15,0.1093170294682261,0.054593793450550834,-0.39016541217836226,Cc1cc2c(Cl)ccnc2[nH]1,2,0.0,6,10.1021/ja412563e
16,0.033301655157643724,-0.069193248211573,-0.39017023442434745,Cc1cc2c(Cl)ccnc2[nH]1,6,100.0,6,10.1021/ja412563e
17,-0.07634087182397616,-0.2100067131584399,-0.39017023442434745,Cc1cc2c(Cl)ccnc2[nH]1,7,0.0,6,10.1021/ja412563e
18,-0.24603030410744503,-0.03037097465793147,0.585647407521477,CCN(CC)C(=O)c1cc2ccccc2[nH]1,0,0.0,13,10.1021/ja0631652
19,0.0730069378165211,0.09892334792369516,0.5684862396217218,CCN(CC)C(=O)c1cc2ccccc2[nH]1,1,0.0,13,10.1021/ja0631652
20,0.2031829895415179,0.27177894407671255,-0.3790850964659176,CCN(CC)C(=O)c1cc2ccccc2[nH]1,8,0.0,13,10.1021/ja0631652
21,0.020256002755084747,-0.10851503113038109,-0.39013647870245116,CCN(CC)C(=O)c1cc2ccccc2[nH]1,10,0.0,13,10.1021/ja0631652
22,-0.05235495448580594,-0.18680868685432742,-0.38715994736809956,CCN(CC)C(=O)c1cc2ccccc2[nH]1,11,0.0,13,10.1021/ja0631652
23,-0.05187150880978458,-0.18550793404046695,-0.3859845249092122,CCN(CC)C(=O)c1cc2ccccc2[nH]1,12,0.0,13,10.1021/ja0631652
24,0.001966256416447705,-0.13115269413651479,-0.38706711913288483,CCN(CC)C(=O)c1cc2ccccc2[nH]1,13,100.0,13,10.1021/ja0631652
25,-0.3231214373078001,-0.08664564902600139,0.5813869531935715,CCOC(=O)c1c(C)[nH]c2ccccc12,0,0.0,10,10.1021/ja0631652
26,-0.07566367883504557,0.018400916910502586,0.5696484009041499,CCOC(=O)c1c(C)[nH]c2ccccc12,1,0.0,10,10.1021/ja0631652
27,-0.23221150766575288,-0.04924330057131091,0.5838860821753904,CCOC(=O)c1c(C)[nH]c2ccccc12,7,0.0,10,10.1021/ja0631652
28,0.002815054168240717,-0.12975051810130056,-0.39011718971851045,CCOC(=O)c1c(C)[nH]c2ccccc12,10,100.0,10,10.1021/ja0631652
29,-0.052655724123941254,-0.1864841325459957,-0.39012321752599194,CCOC(=O)c1c(C)[nH]c2ccccc12,11,0.0,10,10.1021/ja0631652
30,-0.04650932127345703,-0.18704449584397465,-0.3901425065099326,CCOC(=O)c1c(C)[nH]c2ccccc12,12,0.0,10,10.1021/ja0631652
31,0.11121944355974497,0.08740674113898879,-0.3900617338896809,CCOC(=O)c1c(C)[nH]c2ccccc12,13,0.0,10,10.1021/ja0631652
32,-0.40309294722673983,-0.25864675453911423,0.578729895655738,CCOC(=O)c1cccc(F)c1,0,0.0,8,10.1021/jacs.6b13346
33,-0.08932194178889868,-0.00504813186646023,0.5289402058587666,CCOC(=O)c1cccc(F)c1,1,0.0,8,10.1021/jacs.6b13346
34,0.10061316208733925,0.07838261001904828,-0.39017023442434745,CCOC(=O)c1cccc(F)c1,6,0.0,8,10.1021/jacs.6b13346
35,-0.04812203700186386,-0.18936201645190537,-0.3901714399858437,CCOC(=O)c1cccc(F)c1,7,0.0,8,10.1021/jacs.6b13346
36,0.007477906165590994,-0.11721460794199003,-0.39017023442434745,CCOC(=O)c1cccc(F)c1,8,100.0,8,10.1021/jacs.6b13346
37,0.15196911649582864,0.09413870745633703,-0.3901714399858437,CCOC(=O)c1cccc(F)c1,11,0.0,8,10.1021/jacs.6b13346
38,0.006488872263501695,-0.11700669033821513,-0.3878073338916098,Fc1cccc(C(F)(F)F)c1,2,100.0,2,10.1021/jacs.6b13346
39,-0.04706842066213812,-0.18889039847261102,-0.3885125873669422,Fc1cccc(C(F)(F)F)c1,3,0.0,2,10.1021/jacs.6b13346
40,0.11287459917574155,0.0477274413649091,-0.3885981822331791,Fc1cccc(C(F)(F)F)c1,4,0.0,2,10.1021/jacs.6b13346
41,0.17588860618385865,0.11909389107040129,-0.38866087143098643,Fc1cccc(C(F)(F)F)c1,10,0.0,2,10.1021/jacs.6b13346
42,-0.1537549172125133,0.1332855353183101,0.5765381848554743,CN(C)S(=O)(=O)c1cccc(F)c1,0,0.0,9,10.1021/jacs.6b13346
43,0.15840521770942498,0.11249377494081293,-0.38625336512288594,CN(C)S(=O)(=O)c1cccc(F)c1,7,0.0,9,10.1021/jacs.6b13346
44,-0.04128736988742566,-0.18881686663712963,-0.3860809698289158,CN(C)S(=O)(=O)c1cccc(F)c1,8,0.0,9,10.1021/jacs.6b13346
45,0.008230752867181418,-0.1160457053158893,-0.38571689025703476,CN(C)S(=O)(=O)c1cccc(F)c1,9,100.0,9,10.1021/jacs.6b13346
46,0.2296950027975246,0.21760119481012916,-0.3892202519652672,CN(C)S(=O)(=O)c1cccc(F)c1,12,0.0,9,10.1021/jacs.6b13346
47,-0.24891990688854934,0.029418014330042246,0.5884515435618585,CCN(CC)C(=O)c1cccc(F)c1,0,0.0,10,10.1021/jacs.6b13346
48,0.13444144292130156,0.34927389193249864,0.5725091983348574,CCN(CC)C(=O)c1cccc(F)c1,1,0.0,10,10.1021/jacs.6b13346
49,0.1912555359163213,0.18774473402414982,-0.37500788748544894,CCN(CC)C(=O)c1cccc(F)c1,8,0.0,10,10.1021/jacs.6b13346
50,-0.022696853910653195,-0.1785984770857498,-0.37993622288230167,CCN(CC)C(=O)c1cccc(F)c1,9,0.0,10,10.1021/jacs.6b13346
51,0.009467045244793094,-0.1150416154244882,-0.37870775571757737,CCN(CC)C(=O)c1cccc(F)c1,10,100.0,10,10.1021/jacs.6b13346
52,0.18364772476274982,0.11230107082024095,-0.38623769282343406,CCN(CC)C(=O)c1cccc(F)c1,13,0.0,10,10.1021/jacs.6b13346
53,0.006092151575163585,-0.11702190382141806,-0.3897085043712666,Fc1cccc(-c2ccccc2)c1,2,100.0,2,10.1021/jacs.6b13346
54,-0.047498355175546327,-0.1889335033416863,-0.3872226365659069,Fc1cccc(-c2ccccc2)c1,3,0.0,2,10.1021/jacs.6b13346
55,0.10904947365516099,0.04286926906206943,-0.3780422857716227,Fc1cccc(-c2ccccc2)c1,4,0.0,2,10.1021/jacs.6b13346
56,0.10878007262959193,0.04229369228088755,-0.3787559781774291,Fc1cccc(-c2ccccc2)c1,7,0.0,2,10.1021/jacs.6b13346
57,-0.04799287212659098,-0.18790152206441296,-0.38806170736732803,Fc1cccc(-c2ccccc2)c1,8,0.0,2,10.1021/jacs.6b13346
58,-0.05587008430573163,-0.18930369809962705,-0.3896602819114148,Fc1cccc(-c2ccccc2)c1,9,0.0,2,10.1021/jacs.6b13346
59,0.17020535167185263,0.1119181981596309,-0.37863542202779965,Fc1cccc(-c2ccccc2)c1,12,0.0,2,10.1021/jacs.6b13346
60,0.006306196225615763,-0.11750873528391562,-0.3896349651199926,Fc1cccc(-c2ccc3ccccc3c2)c1,2,100.0,2,10.1021/jacs.6b13346
61,-0.04733782168770719,-0.1891845258145366,-0.3871683862985736,Fc1cccc(-c2ccc3ccccc3c2)c1,3,0.0,2,10.1021/jacs.6b13346
62,0.10926351830561316,0.04199956493896197,-0.37815199186778553,Fc1cccc(-c2ccc3ccccc3c2)c1,4,0.0,2,10.1021/jacs.6b13346
63,0.11181175677349627,0.04184996568746526,-0.37852089368565167,Fc1cccc(-c2ccc3ccccc3c2)c1,7,0.0,2,10.1021/jacs.6b13346
64,0.051429022795937786,-0.0740209935480064,-0.3879724958166022,Fc1cccc(-c2ccc3ccccc3c2)c1,8,0.0,2,10.1021/jacs.6b13346
65,0.04426221743079791,-0.07459657032918841,-0.3895252590238298,Fc1cccc(-c2ccc3ccccc3c2)c1,10,0.0,2,10.1021/jacs.6b13346
66,-0.05234388321078254,-0.18852020371467013,-0.38946739207200765,Fc1cccc(-c2ccc3ccccc3c2)c1,11,0.0,2,10.1021/jacs.6b13346
67,-0.052452750748512474,-0.1891109939790552,-0.38975552126962204,Fc1cccc(-c2ccc3ccccc3c2)c1,12,0.0,2,10.1021/jacs.6b13346
68,0.04430465731838756,-0.07399310216213419,-0.38978083806104424,Fc1cccc(-c2ccc3ccccc3c2)c1,13,0.0,2,10.1021/jacs.6b13346
69,0.20752477456319,0.16230018336705407,-0.3783846652365704,Fc1cccc(-c2ccc3ccccc3c2)c1,15,0.0,2,10.1021/jacs.6b13346
70,0.16991380809623677,0.11051602212441684,-0.3787849116533402,Fc1cccc(-c2ccc3ccccc3c2)c1,16,0.0,2,10.1021/jacs.6b13346
71,-0.37649605419555393,-0.17564452576382494,0.5455359654167596,COC(=O)C(C)c1cccc(F)c1,0,0.0,9,10.1021/jacs.6b13346
72,0.32166962005432104,0.2799612624594178,0.5411163769713431,COC(=O)C(C)c1cccc(F)c1,4,0.0,9,10.1021/jacs.6b13346
73,-0.1789217705531783,0.035620044315817646,0.5947566301874798,COC(=O)C(C)c1cccc(F)c1,5,0.0,9,10.1021/jacs.6b13346
74,0.18730124552046784,0.19819893256517673,-0.38729497025568455,COC(=O)C(C)c1cccc(F)c1,7,0.0,9,10.1021/jacs.6b13346
75,-0.0379659873804092,-0.18804858573537575,-0.3894890921789409,COC(=O)C(C)c1cccc(F)c1,8,0.0,9,10.1021/jacs.6b13346
76,0.006415063763345804,-0.1170497952072904,-0.38952164233934083,COC(=O)C(C)c1cccc(F)c1,9,100.0,9,10.1021/jacs.6b13346
77,0.1666256394142906,0.07129566242696235,-0.38887305025433433,COC(=O)C(C)c1cccc(F)c1,12,0.0,9,10.1021/jacs.6b13346
78,-0.3669655316129207,-0.17589554823667528,0.5568079654071151,COc1cccc(F)c1,0,0.0,5,10.1021/jacs.6b13346
79,0.02850779307251661,-0.09473922209002233,-0.3901714399858437,COc1cccc(F)c1,3,0.0,5,10.1021/jacs.6b13346
80,-0.053709340463666995,-0.18945076177058984,-0.3901714399858437,COc1cccc(F)c1,4,0.0,5,10.1021/jacs.6b13346
81,0.006005426587480445,-0.11711064914010251,-0.39017023442434745,COc1cccc(F)c1,5,100.0,5,10.1021/jacs.6b13346
82,0.1654225608617491,0.1233181682397806,-0.3901714399858437,COc1cccc(F)c1,8,0.0,5,10.1021/jacs.6b13346
83,-0.327193821303903,-0.08803514715854631,0.5812917138353643,CCOC(=O)c1ncccc1C,0,0.0,8,10.1021/jacs.7b04490
84,-0.0970902864303093,0.017029167841694504,0.5694169330968614,CCOC(=O)c1ncccc1C,1,0.0,8,10.1021/jacs.7b04490
85,-0.06753920818038264,-0.2105366494900126,-0.39012562864898453,CCOC(=O)c1ncccc1C,7,0.0,8,10.1021/jacs.7b04490
86,-0.06527144201309193,-0.19385252957733806,-0.39011477859551785,CCOC(=O)c1ncccc1C,8,100.0,8,10.1021/jacs.7b04490
87,0.04347800211664124,-0.06589952909811339,-0.39004726715172533,CCOC(=O)c1ncccc1C,9,0.0,8,10.1021/jacs.7b04490
88,-0.18664767530699927,-0.042835888562294526,0.5826756984331105,CCOC(=O)c1ncccc1C,11,0.0,8,10.1021/jacs.7b04490
89,-0.32697977665345085,-0.08862593742293139,0.5812181745840902,CCOC(=O)c1ccc2c(ccn2C)c1,0,0.0,11,10.1021/jacs.7b04490
90,-0.09541483347676986,0.01747289443511665,0.569448277695765,CCOC(=O)c1ccc2c(ccn2C)c1,1,0.0,11,10.1021/jacs.7b04490
91,0.09795974650673381,0.03017108174859304,-0.39009910629606603,CCOC(=O)c1ccc2c(ccn2C)c1,6,0.0,11,10.1021/jacs.7b04490
92,0.07621022672328807,0.001539306360459128,-0.39008222843511786,CCOC(=O)c1ccc2c(ccn2C)c1,7,0.0,11,10.1021/jacs.7b04490
93,-0.030647874589949737,-0.14506288894516717,-0.39016661773985856,CCOC(=O)c1ccc2c(ccn2C)c1,10,0.0,11,10.1021/jacs.7b04490
94,-0.026317160843301025,-0.11746563041484034,-0.39014612319442155,CCOC(=O)c1ccc2c(ccn2C)c1,11,100.0,11,10.1021/jacs.7b04490
95,-0.2920554395921731,-0.15061581031427915,0.5151317044802071,CCOC(=O)c1ccc2c(ccn2C)c1,13,0.0,11,10.1021/jacs.7b04490
96,0.17593289128395226,0.13882324320421918,-0.38999060576139954,CCOC(=O)c1ccc2c(ccn2C)c1,14,0.0,11,10.1021/jacs.7b04490
97,-0.2776129613241634,0.17748070402316093,0.581008406883735,CCOC(=O)c1cccnc1C(=O)OCC,0,0.0,7,10.1021/jacs.7b04490
98,-0.08235810979918759,0.0364618570530529,0.5670504158796348,CCOC(=O)c1cccnc1C(=O)OCC,1,0.0,7,10.1021/jacs.7b04490
99,0.09902258890897911,0.042339332730496594,-0.37351901903752494,CCOC(=O)c1cccnc1C(=O)OCC,6,0.0,7,10.1021/jacs.7b04490
100,-0.06038347409026617,-0.19302339474277197,-0.37919480256208044,CCOC(=O)c1cccnc1C(=O)OCC,7,100.0,7,10.1021/jacs.7b04490
101,-0.07535183792188685,-0.215351716923777,-0.3896421984889703,CCOC(=O)c1cccnc1C(=O)OCC,8,0.0,7,10.1021/jacs.7b04490
102,-0.02985258800076967,0.023910733410539304,0.5738280826118037,CCOC(=O)c1cccnc1C(=O)OCC,14,0.0,7,10.1021/jacs.7b04490
103,-0.20736572130076616,0.12703786488292554,0.5825852813208885,CCOC(=O)c1cccnc1C(=O)OCC,15,0.0,7,10.1021/jacs.7b04490
104,-0.32466957059857043,-0.08887695989578157,0.5811795966162089,CCOC(=O)c1cccc2cc[nH]c12,0,0.0,11,10.1021/jacs.7b04490
105,-0.07727454935094856,0.01937711541603134,0.5695121724550686,CCOC(=O)c1cccc2cc[nH]c12,1,0.0,11,10.1021/jacs.7b04490
106,0.09304779082135742,0.02723234390987126,-0.39016179549387336,CCOC(=O)c1cccc2cc[nH]c12,6,0.0,11,10.1021/jacs.7b04490
107,-0.047014909499525075,-0.18739947711871235,-0.3900135114298291,CCOC(=O)c1cccc2cc[nH]c12,7,0.0,11,10.1021/jacs.7b04490
108,0.02123396538215065,-0.10631668280754081,-0.3898676384887775,CCOC(=O)c1cccc2cc[nH]c12,8,0.0,11,10.1021/jacs.7b04490
109,-0.037999201205479394,-0.14509331591157315,-0.3900183336758143,CCOC(=O)c1cccc2cc[nH]c12,10,0.0,11,10.1021/jacs.7b04490
110,-0.12871538353461734,-0.2453577769612529,-0.39014612319442155,CCOC(=O)c1cccc2cc[nH]c12,11,100.0,11,10.1021/jacs.7b04490
111,-0.38490099715080933,-0.246567248875895,0.5803923649591284,CCCCCCN(CCCCCC)C(=O)c1ccccc1,0,0.0,18,10.1038/nchem.2322
112,-0.1035060903063627,-0.04264318444172255,0.569374738444491,CCCCCCN(CCCCCC)C(=O)c1ccccc1,1,0.0,18,10.1038/nchem.2322
113,0.05153604512116387,0.1940481872312788,0.5650696783412227,CCCCCCN(CCCCCC)C(=O)c1ccccc1,2,0.0,18,10.1038/nchem.2322
114,0.027734649033383338,0.18833552428853476,0.568004015023204,CCCCCCN(CCCCCC)C(=O)c1ccccc1,3,0.0,18,10.1038/nchem.2322
115,0.19415805518495274,0.4388179184850982,0.5660437720302288,CCCCCCN(CCCCCC)C(=O)c1ccccc1,4,0.0,18,10.1038/nchem.2322
116,0.2821340969458021,0.5214955929520556,0.5894545707267758,CCCCCCN(CCCCCC)C(=O)c1ccccc1,5,0.0,18,10.1038/nchem.2322
117,0.20578473917201412,0.2487153035408934,-0.3776034613869714,CCCCCCN(CCCCCC)C(=O)c1ccccc1,16,0.0,18,10.1038/nchem.2322
118,-0.018366140164004483,-0.17471396770790523,-0.3796601492996502,CCCCCCN(CCCCCC)C(=O)c1ccccc1,17,48.888888888888886,18,10.1038/nchem.2322
119,-0.051592881721696064,-0.18694053704208713,-0.3770187640612685,CCCCCCN(CCCCCC)C(=O)c1ccccc1,18,51.111111111111114,18,10.1038/nchem.2322
120,-0.281201899644245,-0.010377922148594258,0.5832182011064432,CCCCCCN(CCCCCC)C(=O)c1ccccc1OC,0,0.0,18,10.1038/nchem.2322
121,-0.08559276731852082,-0.048459806186354135,0.5826949874170513,CCCCCCN(CCCCCC)C(=O)c1ccccc1OC,1,0.0,18,10.1038/nchem.2322
122,-0.012315688363722948,0.07432314558436859,0.5918849827033058,CCCCCCN(CCCCCC)C(=O)c1ccccc1OC,2,0.0,18,10.1038/nchem.2322
123,0.15392504174996063,0.31051247231166945,0.569685773310535,CCCCCCN(CCCCCC)C(=O)c1ccccc1OC,3,0.0,18,10.1038/nchem.2322
124,0.17624288698460702,0.31042372699298504,0.5671444496763458,CCCCCCN(CCCCCC)C(=O)c1ccccc1OC,4,0.0,18,10.1038/nchem.2322
125,0.18196120053418688,0.2672326481795353,0.5801114691304917,CCCCCCN(CCCCCC)C(=O)c1ccccc1OC,5,0.0,18,10.1038/nchem.2322
126,0.15015158217948907,0.12926917575270583,-0.3846885463006954,CCCCCCN(CCCCCC)C(=O)c1ccccc1OC,16,0.0,18,10.1038/nchem.2322
127,-0.03837562455627455,-0.189496402220199,-0.3843003554988885,CCCCCCN(CCCCCC)C(=O)c1ccccc1OC,17,32.5,18,10.1038/nchem.2322
128,-0.04164165068817402,-0.18697096400849325,-0.383369662023749,CCCCCCN(CCCCCC)C(=O)c1ccccc1OC,18,67.5,18,10.1038/nchem.2322
129,0.12924163408531678,0.05771002192664153,-0.3886644881154754,CCCCCCN(CCCCCC)C(=O)c1ccccc1OC,19,0.0,18,10.1038/nchem.2322
130,-0.3245939168859107,-0.1334271098753702,0.5573251512890255,CCCCCCN(CCCCCC)C(=O)c1ccccc1OC,22,0.0,18,10.1038/nchem.2322
131,-0.38502831681357835,-0.2465393574900228,0.5803815149056617,CCCCCCN(CCCCCC)C(=O)c1ccccc1Br,0,0.0,18,10.1038/nchem.2322
132,-0.10070136730043767,-0.00887178731149253,0.5693626828295282,CCCCCCN(CCCCCC)C(=O)c1ccccc1Br,1,0.0,18,10.1038/nchem.2322
133,0.0057267994993918225,0.07795409690882905,0.5606175397354063,CCCCCCN(CCCCCC)C(=O)c1ccccc1Br,2,0.0,18,10.1038/nchem.2322
134,0.1814980521957085,0.4779926377329435,0.5547199328955326,CCCCCCN(CCCCCC)C(=O)c1ccccc1Br,3,0.0,18,10.1038/nchem.2322
135,0.08712650389634867,0.18077442313662054,0.5743175405792994,CCCCCCN(CCCCCC)C(=O)c1ccccc1Br,4,0.0,18,10.1038/nchem.2322
136,0.27538615481904705,0.5637865406759918,0.5742524402584994,CCCCCCN(CCCCCC)C(=O)c1ccccc1Br,5,0.0,18,10.1038/nchem.2322
137,0.22141922471754208,0.24269076419248706,-0.38412313795893316,CCCCCCN(CCCCCC)C(=O)c1ccccc1Br,16,0.0,18,10.1038/nchem.2322
138,-0.011939265012927787,-0.1681290650615198,-0.38029548020819753,CCCCCCN(CCCCCC)C(=O)c1ccccc1Br,17,31.95876288659794,18,10.1038/nchem.2322
139,-0.048690362453064406,-0.18787109509800684,-0.3775371555046752,CCCCCCN(CCCCCC)C(=O)c1ccccc1Br,18,68.04123711340206,18,10.1038/nchem.2322
140,0.08249502051156464,-0.02595652894851409,-0.38187717689133616,CCCCCCN(CCCCCC)C(=O)c1ccccc1Br,19,0.0,18,10.1038/nchem.2322
141,-0.3035418874289383,-0.04810736049215022,0.584044010731405,CCCCCCN(CCCCCC)C(=O)c1ccccc1Cl,0,0.0,18,10.1038/nchem.2322
142,-0.05654543208215826,0.06091499572141668,0.5813917754395567,CCCCCCN(CCCCCC)C(=O)c1ccccc1Cl,1,0.0,18,10.1038/nchem.2322
143,0.03080692785237358,0.12324463640429921,0.5902490357528338,CCCCCCN(CCCCCC)C(=O)c1ccccc1Cl,2,0.0,18,10.1038/nchem.2322
144,0.28277992132216656,0.5949006494067564,0.563823127754054,CCCCCCN(CCCCCC)C(=O)c1ccccc1Cl,3,0.0,18,10.1038/nchem.2322
145,0.2898710729746465,0.6329977469277192,0.579081919612656,CCCCCCN(CCCCCC)C(=O)c1ccccc1Cl,4,0.0,18,10.1038/nchem.2322
146,0.27984603344096853,0.38116895946768614,0.6010761835510566,CCCCCCN(CCCCCC)C(=O)c1ccccc1Cl,5,0.0,18,10.1038/nchem.2322
147,0.2283830567072531,0.2573388129364873,-0.3896554596654296,CCCCCCN(CCCCCC)C(=O)c1ccccc1Cl,16,0.0,18,10.1038/nchem.2322
148,-0.004761388372764515,-0.16972394521730585,-0.38070778223993024,CCCCCCN(CCCCCC)C(=O)c1ccccc1Cl,17,38.38383838383838,18,10.1038/nchem.2322
149,-0.03901960372013494,-0.18825396775861689,-0.37233033540217836,CCCCCCN(CCCCCC)C(=O)c1ccccc1Cl,18,61.61616161616162,18,10.1038/nchem.2322
150,0.0838715490394726,-0.04419242414789941,-0.37521042181682646,CCCCCCN(CCCCCC)C(=O)c1ccccc1Cl,19,0.0,18,10.1038/nchem.2322
151,-0.3034348651037122,-0.0468522481278988,0.5840150772554941,CCCCCCN(CCCCCC)C(=O)c1ccccc1C(F)(F)F,0,0.0,17,10.1038/nchem.2322
152,-0.05687941554536378,0.059659883357165405,0.5816256543698379,CCCCCCN(CCCCCC)C(=O)c1ccccc1C(F)(F)F,1,0.0,17,10.1038/nchem.2322
153,-0.009188053169615814,-0.0290423304581988,0.5905540428113966,CCCCCCN(CCCCCC)C(=O)c1ccccc1C(F)(F)F,2,0.0,17,10.1038/nchem.2322
154,0.18679565729439981,0.38097879092764825,0.5672131666816346,CCCCCCN(CCCCCC)C(=O)c1ccccc1C(F)(F)F,3,0.0,17,10.1038/nchem.2322
155,0.15030288960480875,0.22928261432953514,0.5644705142775642,CCCCCCN(CCCCCC)C(=O)c1ccccc1C(F)(F)F,4,0.0,17,10.1038/nchem.2322
156,0.18786034490914885,0.293250240037279,0.5764007508448965,CCCCCCN(CCCCCC)C(=O)c1ccccc1C(F)(F)F,5,0.0,17,10.1038/nchem.2322
157,0.18274541584834356,0.18866007859686645,-0.3805329758229676,CCCCCCN(CCCCCC)C(=O)c1ccccc1C(F)(F)F,16,0.0,17,10.1038/nchem.2322
158,-0.03149667234174275,-0.1864841325459957,-0.37638704983721005,CCCCCCN(CCCCCC)C(=O)c1ccccc1C(F)(F)F,17,100.0,17,10.1038/nchem.2322
159,-0.04512356668302962,-0.18809169060445102,-0.37327911229976224,CCCCCCN(CCCCCC)C(=O)c1ccccc1C(F)(F)F,18,0.0,17,10.1038/nchem.2322
160,0.13076762482604048,0.0496925162786359,-0.38089464427185593,CCCCCCN(CCCCCC)C(=O)c1ccccc1C(F)(F)F,19,0.0,17,10.1038/nchem.2322
161,-0.33224416792707184,-0.1364089525831674,0.5847311807842931,CCCCCCN(CCCCCC)C(=O)c1ccccc1OC(F)(F)F,0,0.0,18,10.1038/nchem.2322
162,-0.1079659689282842,-0.04568334550179807,0.5781343482765684,CCCCCCN(CCCCCC)C(=O)c1ccccc1OC(F)(F)F,1,0.0,18,10.1038/nchem.2322
163,0.05221323811009435,0.14140699976820328,0.5619569185577897,CCCCCCN(CCCCCC)C(=O)c1ccccc1OC(F)(F)F,2,0.0,18,10.1038/nchem.2322
164,0.05234240298536724,0.11395680490883925,0.5622064697875228,CCCCCCN(CCCCCC)C(=O)c1ccccc1OC(F)(F)F,3,0.0,18,10.1038/nchem.2322
165,0.11349828100205898,0.3229013188000171,0.5720703739502061,CCCCCCN(CCCCCC)C(=O)c1ccccc1OC(F)(F)F,4,0.0,18,10.1038/nchem.2322
166,0.22592154322705324,0.34230358104496933,0.5798209288098848,CCCCCCN(CCCCCC)C(=O)c1ccccc1OC(F)(F)F,5,0.0,18,10.1038/nchem.2322
167,0.17656579917278925,0.1246163854731073,-0.3836360911144301,CCCCCCN(CCCCCC)C(=O)c1ccccc1OC(F)(F)F,16,0.0,18,10.1038/nchem.2322
168,-0.028595998285615147,-0.18643849209638666,-0.3812635460897222,CCCCCCN(CCCCCC)C(=O)c1ccccc1OC(F)(F)F,17,20.2020202020202,18,10.1038/nchem.2322
169,-0.02676923790675603,-0.18243734601398529,-0.38037384170545663,CCCCCCN(CCCCCC)C(=O)c1ccccc1OC(F)(F)F,18,79.79797979797979,18,10.1038/nchem.2322
170,0.21510121710419533,0.23360831472026808,-0.385844679775642,CCCCCCN(CCCCCC)C(=O)c1ccccc1OC(F)(F)F,19,0.0,18,10.1038/nchem.2322
171,-0.38464266740026365,-0.2463314398862479,0.5803863371516469,CCCCCCN(CCCCCC)C(=O)c1ccccc1C(=O)OC,0,0.0,17,10.1038/nchem.2322
172,-0.10268866116713583,-0.042288203166984714,0.5693771495674836,CCCCCCN(CCCCCC)C(=O)c1ccccc1C(=O)OC,1,0.0,17,10.1038/nchem.2322
173,0.05139765418337144,0.19694382020092546,0.5654241134211333,CCCCCCN(CCCCCC)C(=O)c1ccccc1C(=O)OC,2,0.0,17,10.1038/nchem.2322
174,0.01286223625196545,0.15776910095308003,0.5684970896751885,CCCCCCN(CCCCCC)C(=O)c1ccccc1C(=O)OC,3,0.0,17,10.1038/nchem.2322
175,0.1297453770988811,0.29728181308608637,0.5851193715860998,CCCCCCN(CCCCCC)C(=O)c1ccccc1C(=O)OC,4,0.0,17,10.1038/nchem.2322
176,0.35374494900958003,0.6933775261800778,0.5751035666748835,CCCCCCN(CCCCCC)C(=O)c1ccccc1C(=O)OC,5,0.0,17,10.1038/nchem.2322
177,0.1672068813530184,0.10010492845246519,-0.38657163335790773,CCCCCCN(CCCCCC)C(=O)c1ccccc1C(=O)OC,16,0.0,17,10.1038/nchem.2322
178,-0.031594468604449394,-0.18758964565875055,-0.3889369450136379,CCCCCCN(CCCCCC)C(=O)c1ccccc1C(=O)OC,17,100.0,17,10.1038/nchem.2322
179,-0.046068315485025324,-0.1882108628895416,-0.38360836320001535,CCCCCCN(CCCCCC)C(=O)c1ccccc1C(=O)OC,18,0.0,17,10.1038/nchem.2322
180,0.11017689849504272,0.01439977082810123,-0.3830863550721197,CCCCCCN(CCCCCC)C(=O)c1ccccc1C(=O)OC,19,0.0,17,10.1038/nchem.2322
181,-0.24717987149737347,0.12127956149057241,0.5458759337587147,CCCCCCN(CCCCCC)C(=O)c1ccccc1C(=O)OC,24,0.0,17,10.1038/nchem.2322
182,-0.30460657504368743,-0.15526606501334378,0.5366787051034824,CN1Cc2ccccc2C1=O,0,0.0,6,10.1038/nchem.2322
183,0.02967950301249184,0.01429581202621385,0.5166748231954642,CN1Cc2ccccc2C1=O,2,0.0,6,10.1038/nchem.2322
184,0.024747249989572492,-0.09908013596395832,-0.39016782330135485,CN1Cc2ccccc2C1=O,4,0.0,6,10.1038/nchem.2322
185,-0.050173913306198456,-0.1857006381610388,-0.3901714399858437,CN1Cc2ccccc2C1=O,5,48.148148148148145,6,10.1038/nchem.2322
186,-0.0512275296459242,-0.18655766438147708,-0.3901714399858437,CN1Cc2ccccc2C1=O,6,51.851851851851855,6,10.1038/nchem.2322
187,0.05467475159029431,-0.03176047279047639,-0.39016902886285115,CN1Cc2ccccc2C1=O,7,0.0,6,10.1038/nchem.2322
188,-0.190216316289538,0.11157843036809628,0.5570213497919592,CN(C)C(=O)c1ccccc1,0,0.0,8,10.1038/nchem.2322
189,0.11014552988247638,0.021443613551111882,-0.3851358096158207,CN(C)C(=O)c1ccccc1,6,0.0,8,10.1038/nchem.2322
190,-0.04785263597629479,-0.18804858573537575,-0.3807041655554414,CN(C)C(=O)c1ccccc1,7,42.028985507246375,8,10.1038/nchem.2322
191,-0.05366690057607735,-0.18772403142704405,-0.376845163205802,CN(C)C(=O)c1ccccc1,8,57.971014492753625,8,10.1038/nchem.2322
192,0.11418654526601307,0.02751379334912756,-0.3845462900441326,O=C(c1ccccc1)N1CCCCC1,3,0.0,5,10.1038/nchem.2322
193,-0.046649557423753214,-0.1884923123287979,-0.3804305030957825,O=C(c1ccccc1)N1CCCCC1,4,42.857142857142854,5,10.1038/nchem.2322
194,-0.05338642827548488,-0.18787109509800684,-0.37701996962276474,O=C(c1ccccc1)N1CCCCC1,5,57.142857142857146,5,10.1038/nchem.2322
195,0.09518639211337525,0.1350857974973373,0.5752301506319945,O=C(c1ccccc1)N1CCCCC1,9,0.0,5,10.1038/nchem.2322
196,-0.04245907982740089,0.0071657595650525124,0.5623354648676262,O=C(c1ccccc1)N1CCCCC1,10,0.0,5,10.1038/nchem.2322
197,-0.04620855163532161,0.0010372614147585054,0.5558230216646421,O=C(c1ccccc1)N1CCCCC1,11,0.0,5,10.1038/nchem.2322
198,0.13424769560839223,0.049395853356176536,-0.3841412213813776,O=C(c1ccccc1Br)N1CCOCC1,3,0.0,5,10.1038/nchem.2322
199,-0.040309407260359656,-0.18912620746225825,-0.38127319058169246,O=C(c1ccccc1Br)N1CCOCC1,4,40.0,5,10.1038/nchem.2322
200,-0.04789507586388444,-0.18794462693348823,-0.3773105099433718,O=C(c1ccccc1Br)N1CCOCC1,5,60.0,5,10.1038/nchem.2322
201,0.08344161452606438,-0.025809465277551298,-0.3800616012779163,O=C(c1ccccc1Br)N1CCOCC1,6,0.0,5,10.1038/nchem.2322
202,0.1025266474538814,0.12204784239232627,0.573620726034441,O=C(c1ccccc1Br)N1CCOCC1,10,0.0,5,10.1038/nchem.2322
203,-0.06710927366697444,0.055258115550417174,0.6019092265449963,O=C(c1ccccc1Br)N1CCOCC1,11,0.0,5,10.1038/nchem.2322
204,0.21314529185006334,0.2921726183103965,-0.3759289364686181,O=C(c1ccccc1)N1CCCCCC1,3,0.0,4,10.1038/nchem.2322
205,-0.020859022256770783,-0.17362113249781969,-0.3790718352894583,O=C(c1ccccc1)N1CCCCCC1,4,52.54237288135593,4,10.1038/nchem.2322
206,-0.053065361299806615,-0.1876631774942318,-0.37640633882115077,O=C(c1ccccc1)N1CCCCCC1,5,47.45762711864407,4,10.1038/nchem.2322
207,0.22367591960980931,0.3393648432062477,0.589132685807265,O=C(c1ccccc1)N1CCCCCC1,9,0.0,4,10.1038/nchem.2322
208,0.09238166910745023,0.14571748667573314,0.5928325540393934,O=C(c1ccccc1)N1CCCCCC1,10,0.0,4,10.1038/nchem.2322
209,0.06491568098692826,0.2830318504858993,0.595616195534338,O=C(c1ccccc1)N1CCCCCC1,11,0.0,4,10.1038/nchem.2322
210,-0.3847921296130794,-0.24604999044699147,0.5803863371516469,CCCCCCN(CCCCCC)C(=O)c1cccc(F)c1,0,0.0,17,10.1038/nchem.2322
211,-0.10262592394200333,-0.042288203166984714,0.5693952329899281,CCCCCCN(CCCCCC)C(=O)c1cccc(F)c1,1,0.0,17,10.1038/nchem.2322
212,0.05179437487170955,0.1943144231873322,0.5651227230470597,CCCCCCN(CCCCCC)C(=O)c1cccc(F)c1,2,0.0,17,10.1038/nchem.2322
213,0.02585437749191128,0.18762556173905923,0.5682620051834111,CCCCCCN(CCCCCC)C(=O)c1cccc(F)c1,3,0.0,17,10.1038/nchem.2322
214,0.1674633658910602,0.3301378656435997,0.5668804317086573,CCCCCCN(CCCCCC)C(=O)c1cccc(F)c1,4,0.0,17,10.1038/nchem.2322
215,0.2746978905550932,0.5146140273832108,0.5894919431331609,CCCCCCN(CCCCCC)C(=O)c1cccc(F)c1,5,0.0,17,10.1038/nchem.2322
216,0.115850926944529,0.023999478729223762,-0.38464394052533246,CCCCCCN(CCCCCC)C(=O)c1cccc(F)c1,16,0.0,17,10.1038/nchem.2322
217,-0.04571403468427696,-0.18871290783524208,-0.38184342116943987,CCCCCCN(CCCCCC)C(=O)c1cccc(F)c1,17,50.0,17,10.1038/nchem.2322
218,0.009208715494247318,-0.11619530456738586,-0.378334031653726,CCCCCCN(CCCCCC)C(=O)c1cccc(F)c1,18,50.0,17,10.1038/nchem.2322
219,0.26759566762758974,0.32787866338794736,-0.37813270288384476,CCCCCCN(CCCCCC)C(=O)c1cccc(F)c1,21,0.0,17,10.1038/nchem.2322
220,-0.33201905200159626,-0.13655855183466398,0.5847275640998042,CCCCCCN(CCCCCC)C(=O)c1cccc(Br)c1,0,0.0,17,10.1038/nchem.2322
221,-0.10708395735142089,-0.04575941291781324,0.5781102370466424,CCCCCCN(CCCCCC)C(=O)c1cccc(Br)c1,1,0.0,17,10.1038/nchem.2322
222,0.04443382219366034,0.13331342670418234,0.58475167532973,CCCCCCN(CCCCCC)C(=O)c1cccc(Br)c1,2,0.0,17,10.1038/nchem.2322
223,0.0577156617967183,0.13988565144789863,0.5619376295738491,CCCCCCN(CCCCCC)C(=O)c1cccc(Br)c1,3,0.0,17,10.1038/nchem.2322
224,0.1050306008216711,0.23065436339834322,0.5688081245412326,CCCCCCN(CCCCCC)C(=O)c1cccc(Br)c1,4,0.0,17,10.1038/nchem.2322
225,0.2275877701180731,0.4043543078691295,0.5856498186444695,CCCCCCN(CCCCCC)C(=O)c1cccc(Br)c1,5,0.0,17,10.1038/nchem.2322
226,0.1187848148257268,0.038926441331946546,-0.386290737529271,CCCCCCN(CCCCCC)C(=O)c1cccc(Br)c1,16,0.0,17,10.1038/nchem.2322
227,-0.042383426114741045,-0.18882954453979878,-0.3835432628792154,CCCCCCN(CCCCCC)C(=O)c1cccc(Br)c1,17,100.0,17,10.1038/nchem.2322
228,0.06383069603463627,-0.03395882111331666,-0.3788813565730438,CCCCCCN(CCCCCC)C(=O)c1cccc(Br)c1,18,0.0,17,10.1038/nchem.2322
229,0.31921917784914444,0.3769472178788409,-0.377949457536408,CCCCCCN(CCCCCC)C(=O)c1cccc(Br)c1,21,0.0,17,10.1038/nchem.2322
230,-0.33029931394796336,-0.13366291886501747,0.5831711842080877,CCCCCCN(CCCCCC)C(=O)c1cccc(-c2ccccc2)c1,0,0.0,17,10.1038/nchem.2322
231,-0.1117375832862517,-0.05318612830143393,0.5771686935180362,CCCCCCN(CCCCCC)C(=O)c1cccc(-c2ccccc2)c1,1,0.0,17,10.1038/nchem.2322
232,-0.008878057468960946,0.05995401069909099,0.5794255046391,CCCCCCN(CCCCCC)C(=O)c1cccc(-c2ccccc2)c1,2,0.0,17,10.1038/nchem.2322
233,0.0797456538807566,0.21423394386118802,0.5649177775926896,CCCCCCN(CCCCCC)C(=O)c1cccc(-c2ccccc2)c1,3,0.0,17,10.1038/nchem.2322
234,0.13739747335254618,0.35803178709638606,0.5691191594072766,CCCCCCN(CCCCCC)C(=O)c1cccc(-c2ccccc2)c1,4,0.0,17,10.1038/nchem.2322
235,0.2384634526160479,0.47446564521037043,0.579540032981248,CCCCCCN(CCCCCC)C(=O)c1cccc(-c2ccccc2)c1,5,0.0,17,10.1038/nchem.2322
236,0.1968114707655582,0.2015205430645087,-0.38060169282825634,CCCCCCN(CCCCCC)C(=O)c1cccc(-c2ccccc2)c1,16,0.0,17,10.1038/nchem.2322
237,-0.012369199526335991,-0.1767804658429858,-0.37847146566430356,CCCCCCN(CCCCCC)C(=O)c1cccc(-c2ccccc2)c1,17,100.0,17,10.1038/nchem.2322
238,0.11211252641163168,0.04400774472176404,-0.36686070289348927,CCCCCCN(CCCCCC)C(=O)c1cccc(-c2ccccc2)c1,18,0.0,17,10.1038/nchem.2322
239,0.10917863853043387,0.0468577372418015,-0.38021229646495314,CCCCCCN(CCCCCC)C(=O)c1cccc(-c2ccccc2)c1,21,0.0,17,10.1038/nchem.2322
240,-0.04705734938711472,-0.18846188536239178,-0.3873841818064104,CCCCCCN(CCCCCC)C(=O)c1cccc(-c2ccccc2)c1,22,0.0,17,10.1038/nchem.2322
241,-0.0556320518927288,-0.1892453797473487,-0.39016058993237707,CCCCCCN(CCCCCC)C(=O)c1cccc(-c2ccccc2)c1,23,0.0,17,10.1038/nchem.2322
242,0.28661611811777044,0.28326765947554655,-0.3820604222387729,CCCCCCN(CCCCCC)C(=O)c1cccc(-c2ccccc2)c1,26,0.0,17,10.1038/nchem.2322
243,-0.384836414713173,-0.24652414400681974,0.5804092428200764,CCCCCCN(CCCCCC)C(=O)c1cccc(C#N)c1,0,0.0,17,10.1038/nchem.2322
244,-0.10317395205566103,-0.04264318444172255,0.5692204265729653,CCCCCCN(CCCCCC)C(=O)c1cccc(C#N)c1,1,0.0,17,10.1038/nchem.2322
245,0.050731532469464255,0.19421046438544468,0.5654289356671185,CCCCCCN(CCCCCC)C(=O)c1cccc(C#N)c1,2,0.0,17,10.1038/nchem.2322
246,0.010917382272856947,0.10431399213864144,0.5687068573755437,CCCCCCN(CCCCCC)C(=O)c1cccc(C#N)c1,3,0.0,17,10.1038/nchem.2322
247,0.1482934531880638,0.29564129248069126,0.5624873656161594,CCCCCCN(CCCCCC)C(=O)c1cccc(C#N)c1,4,0.0,17,10.1038/nchem.2322
248,0.2110066905580455,0.259656333544418,0.5945094900807394,CCCCCCN(CCCCCC)C(=O)c1cccc(C#N)c1,5,0.0,17,10.1038/nchem.2322
249,0.15785718959576728,0.0814557336260637,-0.3849429197764136,CCCCCCN(CCCCCC)C(=O)c1cccc(C#N)c1,16,0.0,17,10.1038/nchem.2322
250,-0.02972526833800073,-0.18711802767945604,-0.3815649364637958,CCCCCCN(CCCCCC)C(=O)c1cccc(C#N)c1,17,100.0,17,10.1038/nchem.2322
251,0.049343932666532996,-0.058974858660193176,-0.38009897368430146,CCCCCCN(CCCCCC)C(=O)c1cccc(C#N)c1,18,0.0,17,10.1038/nchem.2322
252,0.2741941475415291,0.25447360693324667,-0.38748665453359543,CCCCCCN(CCCCCC)C(=O)c1cccc(C#N)c1,22,0.0,17,10.1038/nchem.2322
253,-0.3850504593636251,-0.24627312153396955,0.5803815149056617,CCCCCCN(CCCCCC)C(=O)c1cccc(Cl)c1Cl,0,0.0,17,10.1038/nchem.2322
254,-0.10300050208029465,-0.04218424436509734,0.569398849674417,CCCCCCN(CCCCCC)C(=O)c1cccc(Cl)c1Cl,1,0.0,17,10.1038/nchem.2322
255,0.05860689943610106,0.21498701127973893,0.5655615474317108,CCCCCCN(CCCCCC)C(=O)c1cccc(Cl)c1Cl,2,0.0,17,10.1038/nchem.2322
256,0.0005251454509032997,0.09180597336520312,0.5687719576963437,CCCCCCN(CCCCCC)C(=O)c1cccc(Cl)c1Cl,3,0.0,17,10.1038/nchem.2322
257,0.15203369893346508,0.3731514538196805,0.5837414147958351,CCCCCCN(CCCCCC)C(=O)c1cccc(Cl)c1Cl,4,0.0,17,10.1038/nchem.2322
258,0.3126096266601818,0.530666787742959,0.5781753373674424,CCCCCCN(CCCCCC)C(=O)c1cccc(Cl)c1Cl,5,0.0,17,10.1038/nchem.2322
259,0.18392635185083825,0.14230713085771685,-0.38375905838705215,CCCCCCN(CCCCCC)C(=O)c1cccc(Cl)c1Cl,16,0.0,17,10.1038/nchem.2322
260,-0.020870093531794077,-0.1834414359053864,-0.3808343661970412,CCCCCCN(CCCCCC)C(=O)c1cccc(Cl)c1Cl,17,100.0,17,10.1038/nchem.2322
261,0.062487381331798514,-0.04259754399211336,-0.3790959465193843,CCCCCCN(CCCCCC)C(=O)c1cccc(Cl)c1Cl,18,0.0,17,10.1038/nchem.2322
262,-0.33064436868619224,-0.1340762184920335,0.5843273176830344,CCCCCCN(CCCCCC)C(=O)c1cccc(C(F)(F)F)c1F,0,0.0,17,10.1038/nchem.2322
263,-0.11154383597334239,-0.052151611443626705,0.5775110729829841,CCCCCCN(CCCCCC)C(=O)c1cccc(C(F)(F)F)c1F,1,0.0,17,10.1038/nchem.2322
264,-0.009005377131729882,0.06948018676473199,0.5799209904140772,CCCCCCN(CCCCCC)C(=O)c1cccc(C(F)(F)F)c1F,2,0.0,17,10.1038/nchem.2322
265,0.06423848799799779,0.19363488760426278,0.5649008997317414,CCCCCCN(CCCCCC)C(=O)c1cccc(C(F)(F)F)c1F,3,0.0,17,10.1038/nchem.2322
266,0.17712489856147023,0.38558594075763747,0.5593517001642968,CCCCCCN(CCCCCC)C(=O)c1cccc(C(F)(F)F)c1F,4,0.0,17,10.1038/nchem.2322
267,0.18294838922377243,0.229444891483701,0.5863189052749133,CCCCCCN(CCCCCC)C(=O)c1cccc(C(F)(F)F)c1F,5,0.0,17,10.1038/nchem.2322
268,0.1856996010670844,0.14103680501026253,-0.3877012444799358,CCCCCCN(CCCCCC)C(=O)c1cccc(C(F)(F)F)c1F,16,0.0,17,10.1038/nchem.2322
269,-0.01847316248923057,-0.18655766438147708,-0.3813925411698256,CCCCCCN(CCCCCC)C(=O)c1cccc(C(F)(F)F)c1F,17,100.0,17,10.1038/nchem.2322
270,0.11860213878784097,0.03426097314967885,-0.3777143730446305,CCCCCCN(CCCCCC)C(=O)c1cccc(C(F)(F)F)c1F,18,0.0,17,10.1038/nchem.2322
271,-0.2678444063285273,0.07302239277050813,0.5833459906250503,CCCCCCN(CCCCCC)C(=O)c1cccs1,0,0.0,18,10.1038/nchem.2322
272,-0.08507610781742937,-0.048698150756535157,0.5832109677374654,CCCCCCN(CCCCCC)C(=O)c1cccs1,1,0.0,18,10.1038/nchem.2322
273,-0.016441583522438928,0.0705273815252085,0.5923250126494534,CCCCCCN(CCCCCC)C(=O)c1cccs1,2,0.0,18,10.1038/nchem.2322
274,0.06213310053105015,0.19159881643558838,0.5748841544825578,CCCCCCN(CCCCCC)C(=O)c1cccs1,3,0.0,18,10.1038/nchem.2322
275,0.22564291613896462,0.5204610760942485,0.5615747555634644,CCCCCCN(CCCCCC)C(=O)c1cccs1,4,0.0,18,10.1038/nchem.2322
276,0.18700047588233243,0.22706651694295804,0.5776593570470283,CCCCCCN(CCCCCC)C(=O)c1cccs1,5,0.0,18,10.1038/nchem.2322
277,0.21869015542427692,0.3086969966494391,-0.38253903015280194,CCCCCCN(CCCCCC)C(=O)c1cccs1,16,0.0,18,10.1038/nchem.2322
278,-0.007673133703915517,-0.11792203491093178,-0.37857755507597757,CCCCCCN(CCCCCC)C(=O)c1cccs1,17,0.0,18,10.1038/nchem.2322
279,-0.049572374029927715,-0.1767677879403165,-0.3755793236346926,CCCCCCN(CCCCCC)C(=O)c1cccs1,18,100.0,18,10.1038/nchem.2322
280,-0.3815574720937462,-0.24278669829993796,0.5803598147987284,CCCCCCN(CCCCCC)C(=O)c1ccc[nH]1,0,0.0,18,10.1038/nchem.2322
281,-0.05268893794901145,0.08303540029864669,0.5738365215422777,CCCCCCN(CCCCCC)C(=O)c1ccc[nH]1,1,0.0,18,10.1038/nchem.2322
282,-0.009114244669459922,0.05974862867584986,0.5695724505298835,CCCCCCN(CCCCCC)C(=O)c1ccc[nH]1,2,0.0,18,10.1038/nchem.2322
283,0.008025934279248689,0.08917657635160985,0.5693361604766096,CCCCCCN(CCCCCC)C(=O)c1ccc[nH]1,3,0.0,18,10.1038/nchem.2322
284,0.1819279867091168,0.39906762245607075,0.5584921348174388,CCCCCCN(CCCCCC)C(=O)c1ccc[nH]1,4,0.0,18,10.1038/nchem.2322
285,0.17961778065423642,0.23260422482886697,0.5735869703125448,CCCCCCN(CCCCCC)C(=O)c1ccc[nH]1,5,0.0,18,10.1038/nchem.2322
286,0.030421278439058865,-0.06251960024650309,-0.38130212405760355,CCCCCCN(CCCCCC)C(=O)c1ccc[nH]1,16,0.0,18,10.1038/nchem.2322
287,-0.10824459601637271,-0.21792026000455803,-0.3732730844922808,CCCCCCN(CCCCCC)C(=O)c1ccc[nH]1,17,0.0,18,10.1038/nchem.2322
288,-0.02453468556453561,-0.041654308033524504,-0.3670535927328964,CCCCCCN(CCCCCC)C(=O)c1ccc[nH]1,18,100.0,18,10.1038/nchem.2322
289,-0.30233880887639675,-0.0452421544889097,0.5840910276297605,CCCCCCN(CCCCCC)C(=O)c1cccn1C,0,0.0,18,10.1038/nchem.2322
290,-0.05606198640613701,0.06036731032610701,0.5814448201453937,CCCCCCN(CCCCCC)C(=O)c1cccn1C,1,0.0,18,10.1038/nchem.2322
291,0.0003535406880407667,0.036253939449278,0.5904202254853077,CCCCCCN(CCCCCC)C(=O)c1cccn1C,2,0.0,18,10.1038/nchem.2322
292,0.18918151706193992,0.410186143096964,0.5671999055051754,CCCCCCN(CCCCCC)C(=O)c1cccn1C,3,0.0,18,10.1038/nchem.2322
293,0.20054064523593595,0.404219922100836,0.5661643281798583,CCCCCCN(CCCCCC)C(=O)c1cccn1C,4,0.0,18,10.1038/nchem.2322
294,0.223245985096401,0.3346410566717015,0.5782561099876942,CCCCCCN(CCCCCC)C(=O)c1cccn1C,5,0.0,18,10.1038/nchem.2322
295,0.11299269277599094,0.05923137024694618,-0.3872672423412698,CCCCCCN(CCCCCC)C(=O)c1cccn1C,16,0.0,18,10.1038/nchem.2322
296,-0.07892970496694504,-0.2150550540013175,-0.374713730480353,CCCCCCN(CCCCCC)C(=O)c1cccn1C,17,30.526315789473685,18,10.1038/nchem.2322
297,-0.006545708864033883,-0.11653507235892063,-0.36948159358643395,CCCCCCN(CCCCCC)C(=O)c1cccn1C,18,69.47368421052632,18,10.1038/nchem.2322
298,-0.17083051372358546,0.19397465539579742,0.5151726935710811,CCCCCCN(CCCCCC)C(=O)c1cccn1C,20,0.0,18,10.1038/nchem.2322
299,-0.38490099715080933,-0.24509154100519953,0.5790590139442264,CCCCCCN(CCCCCC)C(=O)c1cc2ccccc2[nH]1,0,0.0,21,10.1038/nchem.2322
300,-0.10639753829997085,-0.045817731270091575,0.5690335645410396,CCCCCCN(CCCCCC)C(=O)c1cc2ccccc2[nH]1,1,0.0,21,10.1038/nchem.2322
301,-0.004932993135627047,0.06993659126082342,0.5600955316075108,CCCCCCN(CCCCCC)C(=O)c1cc2ccccc2[nH]1,2,0.0,21,10.1038/nchem.2322
302,0.009219786769270717,0.09976516066093041,0.5606078952434359,CCCCCCN(CCCCCC)C(=O)c1cc2ccccc2[nH]1,3,0.0,21,10.1038/nchem.2322
303,0.10465417747087594,0.26150223617305424,0.5655241750253257,CCCCCCN(CCCCCC)C(=O)c1cc2ccccc2[nH]1,4,0.0,21,10.1038/nchem.2322
304,0.20955635352998175,0.3257817382864607,0.5780439311643463,CCCCCCN(CCCCCC)C(=O)c1cc2ccccc2[nH]1,5,0.0,21,10.1038/nchem.2322
305,0.14555331261977533,0.038454823352652046,-0.3791550190327027,CCCCCCN(CCCCCC)C(=O)c1cc2ccccc2[nH]1,16,0.0,21,10.1038/nchem.2322
306,0.01984636557921939,-0.10875337570056225,-0.38063303742716004,CCCCCCN(CCCCCC)C(=O)c1cc2ccccc2[nH]1,18,0.0,21,10.1038/nchem.2322
307,-0.05161317905923891,-0.186910110075681,-0.38796887913211325,CCCCCCN(CCCCCC)C(=O)c1cc2ccccc2[nH]1,19,0.0,21,10.1038/nchem.2322
308,-0.05161317905923891,-0.18611393778805493,-0.386355837850071,CCCCCCN(CCCCCC)C(=O)c1cc2ccccc2[nH]1,20,0.0,21,10.1038/nchem.2322
309,0.004931512910211753,-0.12464132332561073,-0.3890382121793267,CCCCCCN(CCCCCC)C(=O)c1cc2ccccc2[nH]1,21,100.0,21,10.1038/nchem.2322
310,-0.18613286101841167,0.05161195074275365,0.5495324017769765,CN(C)C(=O)c1ccccn1,0,0.0,7,10.1038/nchem.2322
311,0.08932968762600293,0.021238231527870757,-0.38465599614029544,CN(C)C(=O)c1ccccn1,6,0.0,7,10.1038/nchem.2322
312,-0.05452676960289386,-0.19029257450782508,-0.3822726010621208,CN(C)C(=O)c1ccccn1,7,65.9090909090909,7,10.1038/nchem.2322
313,-0.06810937884408713,-0.19320088538014088,-0.38360474651552645,CN(C)C(=O)c1ccccn1,8,34.09090909090909,7,10.1038/nchem.2322
314,-0.04071719922372117,-0.18146114750845654,-0.3877651392392395,CN(C)C(=O)c1ccccn1,9,0.0,7,10.1038/nchem.2322
315,-0.32626936983945004,-0.08782722955477142,0.581331497364742,CCOC(=O)c1ccccn1,0,0.0,7,10.1038/nchem.2322
316,-0.09469520060024963,0.019052561107699775,0.5698786631499423,CCOC(=O)c1ccccn1,1,0.0,7,10.1038/nchem.2322
317,0.09049032629095477,0.053029340261170774,-0.3899062164566589,CCOC(=O)c1ccccn1,6,0.0,7,10.1038/nchem.2322
318,-0.05355803303834741,-0.18961303892475567,-0.3900653505741698,CCOC(=O)c1ccccn1,7,56.52173913043478,7,10.1038/nchem.2322
319,-0.06838800593217575,-0.1935558666548787,-0.39008946180409565,CCOC(=O)c1ccccn1,8,43.47826086956522,7,10.1038/nchem.2322
320,-0.0733424015051419,-0.21397743227443514,-0.3901376842639475,CCOC(=O)c1ccccn1,9,0.0,7,10.1038/nchem.2322
321,-0.4062316536958704,-0.27060708791724275,0.5787841459230711,CCOC(=O)Cc1ccccn1,0,0.0,9,10.1038/nchem.2322
322,-0.09899270052182815,-0.004175892162818854,0.5290366507784702,CCOC(=O)Cc1ccccn1,1,0.0,9,10.1038/nchem.2322
323,0.07404948288122344,0.06388162494601081,0.5641064347056832,CCOC(=O)Cc1ccccn1,5,0.0,9,10.1038/nchem.2322
324,0.12732814871877463,0.0861212018083314,-0.3764919336873877,CCOC(=O)Cc1ccccn1,7,0.0,9,10.1038/nchem.2322
325,-0.04178188683847031,-0.18738426363550928,-0.38484044704922854,CCOC(=O)Cc1ccccn1,8,32.58426966292135,9,10.1038/nchem.2322
326,-0.0690116877584932,-0.19361418500715705,-0.387571043838336,CCOC(=O)Cc1ccccn1,9,67.41573033707866,9,10.1038/nchem.2322
327,-0.07660842763704137,-0.21462654089109842,-0.39008463955811046,CCOC(=O)Cc1ccccn1,10,0.0,9,10.1038/nchem.2322
328,-0.3948190143592612,-0.24907747360439783,0.5790469583292635,CCOP(=O)(OCC)c1ccccc1,0,0.0,11,10.1038/nchem.2322
329,0.018407099826178937,0.22305015737735362,0.5333875222185979,CCOP(=O)(OCC)c1ccccc1,1,0.0,11,10.1038/nchem.2322
330,0.1334321116816692,0.0751801718048069,-0.38607132533694544,CCOP(=O)(OCC)c1ccccc1,9,0.0,11,10.1038/nchem.2322
331,-0.04876601616572425,-0.18880165315392655,-0.3882437471532685,CCOP(=O)(OCC)c1ccccc1,10,43.529411764705884,11,10.1038/nchem.2322
332,-0.05479432541595909,-0.18847709884559485,-0.388507765120957,CCOP(=O)(OCC)c1ccccc1,11,56.470588235294116,11,10.1038/nchem.2322
333,-0.33455621919445605,-0.08382608347237006,0.5802055029272027,CCOP(=O)(OCC)c1ccccc1C,0,0.0,11,10.1038/nchem.2322
334,-0.014723690681309853,0.28353389543159996,0.5547597164249104,CCOP(=O)(OCC)c1ccccc1C,1,0.0,11,10.1038/nchem.2322
335,0.19752003236705493,0.20778089140256242,-0.38975913795411093,CCOP(=O)(OCC)c1ccccc1C,9,0.0,11,10.1038/nchem.2322
336,-0.04040535831056235,-0.189258057650018,-0.39000868918384396,CCOP(=O)(OCC)c1ccccc1C,10,37.37373737373738,11,10.1038/nchem.2322
337,-0.05307458736232616,-0.18882954453979878,-0.38995685003950326,CCOP(=O)(OCC)c1ccccc1C,11,62.62626262626262,11,10.1038/nchem.2322
338,0.04989196078019069,-0.06440860774421472,-0.38997011121596253,CCOP(=O)(OCC)c1ccccc1C,12,0.0,11,10.1038/nchem.2322
339,-0.13847286725522995,0.08364140404623469,0.5781403760840499,CCOP(=O)(OCC)c1ccccc1C,14,0.0,11,10.1038/nchem.2322
340,-0.32964426350907955,-0.04676350280921435,0.58057078806058,CCOP(=O)(OCC)c1ccccc1Br,0,0.0,11,10.1038/nchem.2322
341,0.043928233967592295,0.26256464441673383,0.5432574541887625,CCOP(=O)(OCC)c1ccccc1Br,1,0.0,11,10.1038/nchem.2322
342,0.14827131063801702,0.10773956143986077,-0.38606409196796765,CCOP(=O)(OCC)c1ccccc1Br,9,0.0,11,10.1038/nchem.2322
343,-0.0483047130397498,-0.1906475557825629,-0.3886367602010605,CCOP(=O)(OCC)c1ccccc1Br,10,24.242424242424242,11,10.1038/nchem.2322
344,-0.05241953692344228,-0.19009987038725323,-0.38941796405065954,CCOP(=O)(OCC)c1ccccc1Br,11,75.75757575757575,11,10.1038/nchem.2322
345,0.08261495932431807,-0.016108334155075163,-0.38859456554869026,CCOP(=O)(OCC)c1ccccc1Br,12,0.0,11,10.1038/nchem.2322
346,-0.38295614317170085,-0.18277711380552006,0.5789251966181377,CCOP(=O)(OCC)c1ccccc1C(F)(F)F,0,0.0,10,10.1038/nchem.2322
347,-0.00903859095680008,0.20490300749665277,0.5415081844576389,CCOP(=O)(OCC)c1ccccc1C(F)(F)F,1,0.0,10,10.1038/nchem.2322
348,0.18760201515860328,0.20971553934988324,-0.38420029389469607,CCOP(=O)(OCC)c1ccccc1C(F)(F)F,9,0.0,10,10.1038/nchem.2322
349,-0.03482912612378261,-0.18908056701264908,-0.38307550501865306,CCOP(=O)(OCC)c1ccccc1C(F)(F)F,10,100.0,10,10.1038/nchem.2322
350,-0.04734704775022664,-0.18937722993510844,-0.3842581608465182,CCOP(=O)(OCC)c1ccccc1C(F)(F)F,11,0.0,10,10.1038/nchem.2322
351,0.12291070998444278,0.05214442265486025,-0.3884800372065423,CCOP(=O)(OCC)c1ccccc1C(F)(F)F,12,0.0,10,10.1038/nchem.2322
352,-0.20551681837186034,0.10351528427048146,0.5935619187446518,CCN(CC)P(=O)(c1ccccc1)N(CC)CC,0,0.0,9,10.1038/nchem.2322
353,0.25862239922113384,0.49981891496824776,0.5569791551395888,CCN(CC)P(=O)(c1ccccc1)N(CC)CC,1,0.0,9,10.1038/nchem.2322
354,0.29315924165659285,0.41618025547896453,-0.3836385022374227,CCN(CC)P(=O)(c1ccccc1)N(CC)CC,8,0.0,9,10.1038/nchem.2322
355,-0.00903859095680008,-0.17589554823667528,-0.38776152255475066,CCN(CC)P(=O)(c1ccccc1)N(CC)CC,9,100.0,9,10.1038/nchem.2322
356,-0.05479432541595909,-0.18850499023146705,-0.3869465629832554,CCN(CC)P(=O)(c1ccccc1)N(CC)CC,10,0.0,9,10.1038/nchem.2322
357,0.2565705229167992,0.32746536376093116,-0.3894939144249261,O=P(c1ccccc1)(C1CCCCC1)C1CCCCC1,3,0.0,4,10.1038/nchem.2322
358,-0.024158262213740345,-0.18558146587594834,-0.3883196975275351,O=P(c1ccccc1)(C1CCCCC1)C1CCCCC1,4,100.0,4,10.1038/nchem.2322
359,-0.05535342480464018,-0.189258057650018,-0.38684409025607036,O=P(c1ccccc1)(C1CCCCC1)C1CCCCC1,5,0.0,4,10.1038/nchem.2322
360,0.5211241752381688,0.5587813047021893,0.572810588708931,O=P(c1ccccc1)(C1CCCCC1)C1CCCCC1,8,0.0,4,10.1038/nchem.2322
361,0.19603832672642482,0.4187056936906703,0.5722849638965465,O=P(c1ccccc1)(C1CCCCC1)C1CCCCC1,9,0.0,4,10.1038/nchem.2322
362,-0.03276617854442462,0.00915872586465166,0.5636543491445727,O=P(c1ccccc1)(C1CCCCC1)C1CCCCC1,10,0.0,4,10.1038/nchem.2322
363,-0.03827782829356802,0.01606818281936867,0.5629406567387661,O=P(c1ccccc1)(C1CCCCC1)C1CCCCC1,11,0.0,4,10.1038/nchem.2322
364,-0.28940017879906393,-0.12183443567464854,0.5557374267984053,COc1ccccc1P(=O)(C1CCCCC1)C1CCCCC1,0,0.0,5,10.1038/nchem.2322
365,0.13743991324013582,0.059436752270187306,-0.3894818588099631,COc1ccccc1P(=O)(C1CCCCC1)C1CCCCC1,3,0.0,5,10.1038/nchem.2322
366,-0.043758109430145055,-0.18787109509800684,-0.38963617068148887,COc1ccccc1P(=O)(C1CCCCC1)C1CCCCC1,4,0.0,5,10.1038/nchem.2322
367,-0.040019708897247736,-0.18974742469304934,-0.3891575627674599,COc1ccccc1P(=O)(C1CCCCC1)C1CCCCC1,5,100.0,5,10.1038/nchem.2322
368,0.19238480596870677,0.15285007471742826,-0.38820758030837965,COc1ccccc1P(=O)(C1CCCCC1)C1CCCCC1,6,0.0,5,10.1038/nchem.2322
369,0.5645069664173148,0.7282113315539872,0.5717279944852582,COc1ccccc1P(=O)(C1CCCCC1)C1CCCCC1,10,0.0,5,10.1038/nchem.2322
370,0.24948859732683865,0.419844169350365,0.5929892770339118,COc1ccccc1P(=O)(C1CCCCC1)C1CCCCC1,11,0.0,5,10.1038/nchem.2322
371,-0.019214937915797595,0.02993527275894579,0.564252307646735,COc1ccccc1P(=O)(C1CCCCC1)C1CCCCC1,12,0.0,5,10.1038/nchem.2322
372,-0.032002260567810796,0.03665456117362488,0.5622522811243819,COc1ccccc1P(=O)(C1CCCCC1)C1CCCCC1,13,0.0,5,10.1038/nchem.2322
373,0.22262414848258752,0.310040854332375,-0.37492590930370084,O=P(c1ccccc1Cl)(C1CCCCC1)C1CCCCC1,3,0.0,4,10.1038/nchem.2322
374,-0.0339471145469193,-0.18617225614033328,-0.3814299135762108,O=P(c1ccccc1Cl)(C1CCCCC1)C1CCCCC1,4,100.0,4,10.1038/nchem.2322
375,-0.05268893794901145,-0.190470065145194,-0.3796456825616947,O=P(c1ccccc1Cl)(C1CCCCC1)C1CCCCC1,5,0.0,4,10.1038/nchem.2322
376,0.0739627578935403,-0.039275933492781544,-0.38414604362736277,O=P(c1ccccc1Cl)(C1CCCCC1)C1CCCCC1,6,0.0,4,10.1038/nchem.2322
377,0.5637006085531113,0.6092824621947032,0.6038779084684456,O=P(c1ccccc1Cl)(C1CCCCC1)C1CCCCC1,9,0.0,4,10.1038/nchem.2322
378,0.29259091620539235,0.5401321098757879,0.6073824757381743,O=P(c1ccccc1Cl)(C1CCCCC1)C1CCCCC1,10,0.0,4,10.1038/nchem.2322
379,-0.004052826771267687,0.05518458371493578,0.5710926635767111,O=P(c1ccccc1Cl)(C1CCCCC1)C1CCCCC1,11,0.0,4,10.1038/nchem.2322
380,-0.030164428913928384,0.04651796945026687,0.5637929887166465,O=P(c1ccccc1Cl)(C1CCCCC1)C1CCCCC1,12,0.0,4,10.1038/nchem.2322
381,0.11766661604836462,0.04146709302685522,-0.3886946271528827,FC(F)(F)c1ccc2c(Cl)ccnc2c1,5,0.0,10,10.1039/c2sc20776a
382,0.12299743497212602,0.08569268869811217,-0.3884523092921275,FC(F)(F)c1ccc2c(Cl)ccnc2c1,6,0.0,10,10.1039/c2sc20776a
383,0.04309050749082268,-0.05258012455384593,-0.38985317175082196,FC(F)(F)c1ccc2c(Cl)ccnc2c1,10,100.0,10,10.1039/c2sc20776a
384,-0.07451411144511713,-0.21560273939662716,-0.39015938437088077,FC(F)(F)c1ccc2c(Cl)ccnc2c1,11,0.0,10,10.1039/c2sc20776a
385,0.20185074611370352,0.15220096610076497,-0.3885125873669422,FC(F)(F)c1ccc2c(Cl)ccnc2c1,14,0.0,10,10.1039/c2sc20776a
386,0.058252618635352596,-0.054352495347000894,-0.39016902886285115,Clc1ccc2c(Cl)ccnc2c1,2,0.0,7,10.1039/c2sc20776a
387,0.11908558446386222,0.0853681343897806,-0.39016902886285115,Clc1ccc2c(Cl)ccnc2c1,3,0.0,7,10.1039/c2sc20776a
388,0.0429613426155498,-0.053054278113674205,-0.39016902886285115,Clc1ccc2c(Cl)ccnc2c1,7,100.0,7,10.1039/c2sc20776a
389,-0.07436280401979745,-0.21574980306758995,-0.39016902886285115,Clc1ccc2c(Cl)ccnc2c1,8,0.0,7,10.1039/c2sc20776a
390,0.13821305727926897,0.04378461363478608,-0.39017023442434745,Clc1ccc2c(Cl)ccnc2c1,11,0.0,7,10.1039/c2sc20776a
391,-0.3121922436472121,-0.2254230428041939,0.5750987444288983,Cc1ccc2nc(C)ccc2c1,0,0.0,9,10.1039/c2sc20776a
392,0.046400818722815644,-0.06996152911332686,-0.3891937296123487,Cc1ccc2nc(C)ccc2c1,2,0.0,9,10.1039/c2sc20776a
393,0.03282743554414192,-0.09499024456287251,-0.3874131152823214,Cc1ccc2nc(C)ccc2c1,3,0.0,9,10.1039/c2sc20776a
394,-0.32762375581731124,-0.23596598666390528,0.5698509352355275,Cc1ccc2nc(C)ccc2c1,7,0.0,9,10.1039/c2sc20776a
395,0.0360417957259322,-0.07340231189774925,-0.3900954896115772,Cc1ccc2nc(C)ccc2c1,8,0.0,9,10.1039/c2sc20776a
396,0.040372509472580906,-0.07737303101374449,-0.38957468704517784,Cc1ccc2nc(C)ccc2c1,9,100.0,9,10.1039/c2sc20776a
397,0.14130932386080997,0.046043815890438454,-0.38921663528077827,Cc1ccc2nc(C)ccc2c1,11,0.0,9,10.1039/c2sc20776a
398,-0.36781432936471375,-0.1767525744571136,0.5569851829470703,COc1ccc2nc(C)ccc2c1,0,0.0,10,10.1039/c2sc20776a
399,0.03008729497585335,-0.09671697490641842,-0.39017023442434745,COc1ccc2nc(C)ccc2c1,3,0.0,10,10.1039/c2sc20776a
400,0.031044960265376405,-0.09594869400466456,-0.3901714399858437,COc1ccc2nc(C)ccc2c1,4,0.0,10,10.1039/c2sc20776a
401,-0.3277418494175607,-0.23565411025824287,0.569824412882609,COc1ccc2nc(C)ccc2c1,8,0.0,10,10.1039/c2sc20776a
402,0.0360417957259322,-0.0740209935480064,-0.3901714399858437,COc1ccc2nc(C)ccc2c1,9,0.0,10,10.1039/c2sc20776a
403,0.04041494936017055,-0.07580857782436443,-0.39017023442434745,COc1ccc2nc(C)ccc2c1,10,100.0,10,10.1039/c2sc20776a
404,0.19990589213459503,0.16919696241910193,-0.3901714399858437,COc1ccc2nc(C)ccc2c1,12,0.0,10,10.1039/c2sc20776a
405,-0.32762375581731124,-0.23573017767425802,0.5697303790858981,Cc1ccc2cc(Cl)ccc2n1,0,0.0,3,10.1039/c2sc20776a
406,0.03609530688854524,-0.07350373511910285,-0.39017023442434745,Cc1ccc2cc(Cl)ccc2n1,2,0.0,3,10.1039/c2sc20776a
407,0.04064006528564603,-0.07781675760716664,-0.39016782330135485,Cc1ccc2cc(Cl)ccc2n1,3,100.0,3,10.1039/c2sc20776a
408,0.14888392118931115,0.061181231677470055,-0.3901714399858437,Cc1ccc2cc(Cl)ccc2n1,5,0.0,3,10.1039/c2sc20776a
409,0.053191200737160355,-0.05433728186379783,-0.39017023442434745,Cc1ccc2cc(Cl)ccc2n1,8,0.0,3,10.1039/c2sc20776a
410,0.032796066931575676,-0.09555060786085147,-0.3901569732478882,Cc1ccc2cc(Cl)ccc2n1,9,0.0,3,10.1039/c2sc20776a
411,-0.3279688105555401,-0.2364680316096059,0.5697556958773202,Cc1ccc2cc(Br)ccc2n1,0,0.0,3,10.1039/c2sc20776a
412,0.03596614201327245,-0.07353416208550898,-0.39017023442434745,Cc1ccc2cc(Br)ccc2n1,2,0.0,3,10.1039/c2sc20776a
413,0.040651136560669425,-0.07763926696979771,-0.39017023442434745,Cc1ccc2cc(Br)ccc2n1,3,100.0,3,10.1039/c2sc20776a
414,0.15846980014706144,0.07891508193115489,-0.39017023442434745,Cc1ccc2cc(Br)ccc2n1,5,0.0,3,10.1039/c2sc20776a
415,0.06284166213254698,-0.03632198217085656,-0.3901714399858437,Cc1ccc2cc(Br)ccc2n1,8,0.0,3,10.1039/c2sc20776a
416,0.03335516632025677,-0.0954339711562948,-0.3901714399858437,Cc1ccc2cc(Br)ccc2n1,9,0.0,3,10.1039/c2sc20776a
417,-0.36765379587687463,-0.17707712876544515,0.556652447974093,COc1ccc2nc(C#N)ccc2c1,0,0.0,11,10.1039/c2sc20776a
418,0.10608237194889289,0.05106426534744398,-0.39016782330135485,COc1ccc2nc(C#N)ccc2c1,3,0.0,11,10.1039/c2sc20776a
419,0.03911407454492243,-0.0944298812648937,-0.3901714399858437,COc1ccc2nc(C#N)ccc2c1,4,0.0,11,10.1039/c2sc20776a
420,0.035750252150316325,-0.06678698228495768,-0.39016782330135485,COc1ccc2nc(C#N)ccc2c1,10,0.0,11,10.1039/c2sc20776a
421,0.04013447705957798,-0.07743134936602282,-0.39016541217836226,COc1ccc2nc(C#N)ccc2c1,11,100.0,11,10.1039/c2sc20776a
422,0.12549031706489222,0.017987617283486423,-0.39016782330135485,COc1ccc2nc(C#N)ccc2c1,13,0.0,11,10.1039/c2sc20776a
423,-0.3276772669799243,-0.23569975070785204,0.5697520791928313,Cc1ccc2ccc(Br)cc2n1,0,0.0,3,10.1039/c2sc20776a
424,0.03596614201327245,-0.07366601227326872,-0.39016902886285115,Cc1ccc2ccc(Br)cc2n1,2,0.0,3,10.1039/c2sc20776a
425,0.0399425749591726,-0.07759616210072244,-0.39017023442434745,Cc1ccc2ccc(Br)cc2n1,3,65.0,3,10.1039/c2sc20776a
426,0.04468108066918272,-0.07704847670541277,-0.39017023442434745,Cc1ccc2ccc(Br)cc2n1,5,35.0,3,10.1039/c2sc20776a
427,0.06280844830747678,-0.03562976868511802,-0.3901714399858437,Cc1ccc2ccc(Br)cc2n1,6,0.0,3,10.1039/c2sc20776a
428,0.1453927791319361,0.059173051894667844,-0.39017023442434745,Cc1ccc2ccc(Br)cc2n1,9,0.0,3,10.1039/c2sc20776a
429,-0.32788208556785686,-0.23562621887237065,0.5697339957703869,Cc1ccc2ccc(C(F)(F)F)cc2n1,0,0.0,3,10.1039/c2sc20776a
430,0.035567576112430395,-0.0726340309959954,-0.38982785495939976,Cc1ccc2ccc(C(F)(F)F)cc2n1,2,0.0,3,10.1039/c2sc20776a
431,0.04029685575992106,-0.07802213963040776,-0.3898362938898738,Cc1ccc2ccc(C(F)(F)F)cc2n1,3,60.0,3,10.1039/c2sc20776a
432,0.04891399815312479,-0.07704847670541277,-0.3883618921799054,Cc1ccc2ccc(C(F)(F)F)cc2n1,5,40.0,3,10.1039/c2sc20776a
433,0.11327316507658351,0.043726295282507745,-0.38867654373043825,Cc1ccc2ccc(C(F)(F)F)cc2n1,6,0.0,3,10.1039/c2sc20776a
434,0.19954054005882335,0.14827335185384502,-0.3885354930353718,Cc1ccc2ccc(C(F)(F)F)cc2n1,12,0.0,3,10.1039/c2sc20776a
435,-0.3277529206925841,-0.23592034621429622,0.5696701010110833,Cc1ccc2ccc(C#N)cc2n1,0,0.0,3,10.1039/c2sc20776a
436,0.035859119688046365,-0.07298901227073308,-0.3901714399858437,Cc1ccc2ccc(C#N)cc2n1,2,0.0,3,10.1039/c2sc20776a
437,0.040499829135349844,-0.07780154412396358,-0.39016902886285115,Cc1ccc2ccc(C#N)cc2n1,3,100.0,3,10.1039/c2sc20776a
438,0.0443913823060707,-0.07722596734278168,-0.39016902886285115,Cc1ccc2ccc(C#N)cc2n1,5,0.0,3,10.1039/c2sc20776a
439,0.04676617079858751,-0.06129237926812403,-0.39017023442434745,Cc1ccc2ccc(C#N)cc2n1,6,0.0,3,10.1039/c2sc20776a
440,0.13027310787499594,0.034141800864588276,-0.39017023442434745,Cc1ccc2ccc(C#N)cc2n1,10,0.0,3,10.1039/c2sc20776a
441,-0.3671685049883495,-0.1758803347534722,0.5567947042306558,COc1ccc2ccc(C)nc2c1,0,0.0,6,10.1039/c2sc20776a
442,0.029733014175104884,-0.09707195618115612,-0.39017023442434745,COc1ccc2ccc(C)nc2c1,3,0.0,6,10.1039/c2sc20776a
443,0.04362746432945698,-0.07722596734278168,-0.3901714399858437,COc1ccc2ccc(C)nc2c1,4,0.0,6,10.1039/c2sc20776a
444,0.040328224372487315,-0.07743134936602282,-0.39017023442434745,COc1ccc2ccc(C)nc2c1,6,100.0,6,10.1039/c2sc20776a
445,0.03582590586297617,-0.07344541676682452,-0.39017023442434745,COc1ccc2ccc(C)nc2c1,7,0.0,6,10.1039/c2sc20776a
446,-0.3275591733796748,-0.23620179565355254,0.5697906571607128,COc1ccc2ccc(C)nc2c1,9,0.0,6,10.1039/c2sc20776a
447,0.18869807138591865,0.1486714379976581,-0.3901714399858437,COc1ccc2ccc(C)nc2c1,12,0.0,6,10.1039/c2sc20776a
448,-0.31207415004696265,-0.2255244660255475,0.5750589608995207,Cc1ccc2ccc(C)nc2c1,0,0.0,5,10.1039/c2sc20776a
449,0.04565904329624862,-0.07109746919248769,-0.3892009629813265,Cc1ccc2ccc(C)nc2c1,2,0.0,5,10.1039/c2sc20776a
450,0.045358273658113304,-0.07597085497853028,-0.38716476961408475,Cc1ccc2ccc(C)nc2c1,3,0.0,5,10.1039/c2sc20776a
451,0.040210130772237826,-0.07799424824453555,-0.3896783653338592,Cc1ccc2ccc(C)nc2c1,5,100.0,5,10.1039/c2sc20776a
452,0.035578647387453796,-0.0735645890519151,-0.38962290950502965,Cc1ccc2ccc(C)nc2c1,6,0.0,5,10.1039/c2sc20776a
453,-0.32802232171815315,-0.2359507731807022,0.5698497296740311,Cc1ccc2ccc(C)nc2c1,8,0.0,5,10.1039/c2sc20776a
454,0.1297453770988811,0.026923003084742617,-0.3889164504682009,Cc1ccc2ccc(C)nc2c1,11,0.0,5,10.1039/c2sc20776a
455,-0.3276126845422878,-0.23608262336846195,0.5697303790858981,Cc1ccc2ccc(Cl)cc2n1,0,0.0,3,10.1039/c2sc20776a
456,0.03610637816356864,-0.07374207968928388,-0.3901714399858437,Cc1ccc2ccc(Cl)cc2n1,2,0.0,3,10.1039/c2sc20776a
457,0.04094083492378145,-0.07725639430918767,-0.39017023442434745,Cc1ccc2ccc(Cl)cc2n1,3,84.72222222222223,3,10.1039/c2sc20776a
458,0.04460542695652288,-0.0768557725848408,-0.39017023442434745,Cc1ccc2ccc(Cl)cc2n1,5,15.277777777777779,3,10.1039/c2sc20776a
459,0.05344953048770603,-0.053510682609765645,-0.3901714399858437,Cc1ccc2ccc(Cl)cc2n1,6,0.0,3,10.1039/c2sc20776a
460,0.13543047682339088,0.04108422036624532,-0.3901714399858437,Cc1ccc2ccc(Cl)cc2n1,9,0.0,3,10.1039/c2sc20776a
461,-0.3749165522922172,-0.1990631475743815,0.5456938939727742,COC(=O)c1ccccc1C,0,0.0,7,10.1039/c2sc20776a
462,0.10666361388762088,0.056323059374630384,-0.380477519994138,COC(=O)c1ccccc1C,5,0.0,7,10.1039/c2sc20776a
463,-0.046832233461639144,-0.18855063068107625,-0.38470301303865095,COC(=O)c1ccccc1C,6,27.0,7,10.1039/c2sc20776a
464,-0.051548596621602466,-0.18871290783524208,-0.38785796747445417,COC(=O)c1ccccc1C,7,73.0,7,10.1039/c2sc20776a
465,0.05026838413098585,-0.06334619950053529,-0.3886934215913864,COC(=O)c1ccccc1C,8,0.0,7,10.1039/c2sc20776a
466,-0.18758319804647552,-0.02746266378561568,0.5811578965092755,COC(=O)c1ccccc1C,10,0.0,7,10.1039/c2sc20776a
467,0.006629108413797982,0.017825340129320567,0.5764586177967188,O=C1CCCc2ccccc21,2,0.0,7,10.1039/c2sc20776a
468,-0.03780545389257006,0.030642699727887537,0.558137699737528,O=C1CCCc2ccccc21,3,0.0,7,10.1039/c2sc20776a
469,0.03560078993750059,0.04279573722658803,0.5571334670111147,O=C1CCCc2ccccc21,4,0.0,7,10.1039/c2sc20776a
470,0.051106110607755564,-0.06626972385605413,-0.38770727228741736,O=C1CCCc2ccccc21,6,0.0,7,10.1039/c2sc20776a
471,-0.05133455197115029,-0.18859373555015152,-0.388114752073165,O=C1CCCc2ccccc21,7,80.0,7,10.1039/c2sc20776a
472,-0.04884166987838409,-0.18882954453979878,-0.3849477420223988,O=C1CCCc2ccccc21,8,20.0,7,10.1039/c2sc20776a
473,0.09349986788481242,0.024927501204609695,-0.38538294972256115,O=C1CCCc2ccccc21,9,0.0,7,10.1039/c2sc20776a
474,-0.1334335919070845,0.001628051679143586,0.5997271602367029,CC(C)(C)C(=O)NC1CC1,0,0.0,8,10.1002/anie.201409186
475,0.08364643311399701,0.10651234046148171,0.1661047734419413,CC(C)(C)C(=O)NC1CC1,7,0.0,8,10.1002/anie.201409186
476,-0.18749647305879238,-0.08143503102895795,0.14752707078403987,CC(C)(C)C(=O)NC1CC1,8,100.0,8,10.1002/anie.201409186
477,-0.10833132100405596,0.05958635152168401,0.599150901841474,CC(C)(C)OC(=O)NC=Cc1ccccc1,0,0.0,9,10.1021/ja303443m
478,0.03086228422749047,0.014769965586042122,-0.3798904115454425,CC(C)(C)OC(=O)NC=Cc1ccccc1,8,0.0,9,10.1021/ja303443m
479,0.15597691805429523,0.2507082698404927,-0.36670277433747467,CC(C)(C)OC(=O)NC=Cc1ccccc1,9,100.0,9,10.1021/ja303443m
480,0.0952509745510117,0.030201508714999162,-0.37612303186952145,CC(C)(C)OC(=O)NC=Cc1ccccc1,11,0.0,9,10.1021/ja303443m
481,-0.0482714992146796,-0.188284394725023,-0.38287779293326074,CC(C)(C)OC(=O)NC=Cc1ccccc1,12,0.0,9,10.1021/ja303443m
482,-0.05556931466759621,-0.1888599715062049,-0.3831189052325197,CC(C)(C)OC(=O)NC=Cc1ccccc1,13,0.0,9,10.1021/ja303443m
483,-0.2516508213943184,-0.023519836055492793,0.5647200655072973,COc1c(C)cccc1C,0,0.0,6,10.1021/ja400295v
484,-0.21363021775149987,-0.06609223321868522,0.5800246687027585,COc1c(C)cccc1C,4,0.0,6,10.1021/ja400295v
485,0.05148253395855083,-0.06645989239609221,-0.38290069860169035,COc1c(C)cccc1C,5,0.0,6,10.1021/ja400295v
486,-0.04805745456422742,-0.18806379921857883,-0.37901637946062877,COc1c(C)cccc1C,6,100.0,6,10.1021/ja400295v
487,-0.3670614826631234,-0.16474660062937574,0.5571973617704182,COc1cccc(OC)c1,0,0.0,4,10.1021/ja400295v
488,0.02800220484644856,-0.09558103482725759,-0.39016902886285115,COc1cccc(OC)c1,3,0.0,4,10.1021/ja400295v
489,-0.051947162522444426,-0.18952429360607123,-0.39016902886285115,COc1cccc(OC)c1,4,100.0,4,10.1021/ja400295v
490,0.2607074893505385,0.3031745022467331,-0.39017023442434745,COc1cccc(OC)c1,9,0.0,4,10.1021/ja400295v
491,-0.35272602672033976,-0.1697822635695843,0.5579038208072469,COc1cccc(OC)c1OC,0,0.0,4,10.1021/ja400295v
492,0.11127295472235811,0.05533164738589857,-0.3878712286509134,COc1cccc(OC)c1OC,3,0.0,4,10.1021/ja400295v
493,-0.03562441271296258,-0.18686700520660574,-0.3880195127149577,COc1cccc(OC)c1OC,4,100.0,4,10.1021/ja400295v
494,-0.275323052606826,-0.04688013951377101,0.5639352449732093,COc1cccc(OC)c1OC,11,0.0,4,10.1021/ja400295v
495,-0.22217355164454772,-0.039291146975984605,0.5930953664455858,CC(C)c1cccc(C(C)C)c1,0,0.0,5,10.1021/ja400295v
496,0.19672474577787494,0.1744101159966793,0.5510068034869449,CC(C)c1cccc(C(C)C)c1,1,0.0,5,10.1021/ja400295v
497,0.16000686216280843,0.13076009710660436,-0.39016902886285115,CC(C)c1cccc(C(C)C)c1,4,0.0,5,10.1021/ja400295v
498,-0.023674816537719096,-0.18736905015230637,-0.39016902886285115,CC(C)c1cccc(C(C)C)c1,5,100.0,5,10.1021/ja400295v
499,0.22310759415860876,0.13338949412019763,-0.39016661773985856,CC(C)c1cccc(C(C)C)c1,11,0.0,5,10.1021/ja400295v
500,-0.31196712772173657,-0.22497931621077175,0.5748937989745282,Cc1cccc(Br)c1,0,0.0,3,10.1021/ja400295v
501,0.044830542881998454,-0.06848328566209748,-0.3893142857619782,Cc1cccc(Br)c1,2,0.0,3,10.1021/ja400295v
502,-0.049002203366223226,-0.1880333722521727,-0.38740708747484,Cc1cccc(Br)c1,3,100.0,3,10.1021/ja400295v
503,0.06106841291630101,-0.03529000089358325,-0.38610869774333056,Cc1cccc(Br)c1,4,0.0,3,10.1021/ja400295v
504,0.16074863758937544,0.08749548645767326,-0.38952405346233343,Cc1cccc(Br)c1,7,0.0,3,10.1021/ja400295v
505,-0.311688500633648,-0.22292549597836034,0.5754302738403794,Cc1cccc(N(C)C)c1,0,0.0,3,10.1021/ja400295v
506,0.041952011375917544,-0.07081601975323125,-0.3816999593513808,Cc1cccc(N(C)C)c1,2,0.0,3,10.1021/ja400295v
507,-0.04109362257451633,-0.18770881794384098,-0.3877518780627803,Cc1cccc(N(C)C)c1,3,100.0,3,10.1021/ja400295v
508,0.12002110720333858,0.07225411186875427,-0.3897820436225405,Cc1cccc(N(C)C)c1,4,0.0,3,10.1021/ja400295v
509,-0.2473736188102828,-0.09755878764365368,0.5939091204555846,Cc1cccc(N(C)C)c1,7,0.0,3,10.1021/ja400295v
510,0.21903336495000197,0.20160928838319317,-0.38644143271630793,Cc1cccc(N(C)C)c1,9,0.0,3,10.1021/ja400295v
511,-0.3765403392956475,-0.20423319628288358,0.5453503089463301,COC(=O)c1ccc(C#N)cc1,0,0.0,5,10.1021/ja0428309
512,0.1019675480652004,0.04478870352618718,-0.3901714399858437,COC(=O)c1ccc(C#N)cc1,5,100.0,5,10.1021/ja0428309
513,0.05336280550002289,-0.06014122570576013,-0.39017023442434745,COC(=O)c1ccc(C#N)cc1,6,0.0,5,10.1021/ja0428309
514,0.05011892191817012,-0.060052480387075675,-0.39016902886285115,N#Cc1ccc(I)cc1,3,100.0,3,10.1021/ja0428309
515,0.0833235209258149,-0.0035115700629523784,-0.39017023442434745,N#Cc1ccc(I)cc1,4,0.0,3,10.1021/ja0428309
516,-0.3534567308718834,-0.2460804174133976,0.5521966926837878,CC(=O)Nc1ccc(C#N)cc1,0,0.0,5,10.1021/ja0428309
517,0.031087400152966047,-0.09124012095332161,-0.3898387050128664,CC(=O)Nc1ccc(C#N)cc1,5,100.0,5,10.1021/ja0428309
518,0.047904666913492544,-0.059831884880631486,-0.39015938437088077,CC(=O)Nc1ccc(C#N)cc1,6,0.0,5,10.1021/ja0428309
519,-0.2480175979741432,-0.09934637192001156,0.593469090509437,CN(C)c1ccc(C#N)cc1,0,0.0,4,10.1021/ja0428309
520,0.12275017649660375,0.07271305194537948,-0.3863678934650339,CN(C)c1ccc(C#N)cc1,4,100.0,4,10.1021/ja0428309
521,0.056082648730768514,-0.06036182121220432,-0.3855878951769312,CN(C)c1ccc(C#N)cc1,5,0.0,4,10.1021/ja0428309
522,-0.2088382008788767,0.168606172154717,0.5479386494788748,CC(=O)CC(c1ccccc1)c1c(O)c2ccccc2oc1=O,0,0.0,17,
523,0.30999865096716606,0.47648650289584193,0.6098285600141563,CC(=O)CC(c1ccccc1)c1c(O)c2ccccc2oc1=O,3,0.0,17,
524,0.5937683463041296,0.6717008481962702,0.5841284000361456,CC(=O)CC(c1ccccc1)c1c(O)c2ccccc2oc1=O,4,0.0,17,
525,0.3034001710532267,0.38562904562671285,-0.38768677774198035,CC(=O)CC(c1ccccc1)c1c(O)c2ccccc2oc1=O,6,0.0,17,
526,-0.004244728871673067,-0.176633402172023,-0.3870972581702922,CC(=O)CC(c1ccccc1)c1c(O)c2ccccc2oc1=O,7,0.0,17,
527,-0.05093598607030833,-0.18881686663712963,-0.38698634651263314,CC(=O)CC(c1ccccc1)c1c(O)c2ccccc2oc1=O,8,0.0,17,
528,0.08809524046089512,0.015639669709149585,-0.3681795871704357,CC(=O)CC(c1ccccc1)c1c(O)c2ccccc2oc1=O,15,0.0,17,
529,-0.049055714528836274,-0.18800294528576658,-0.38184944897692136,CC(=O)CC(c1ccccc1)c1c(O)c2ccccc2oc1=O,16,0.0,17,
530,-0.05458028076550691,-0.18921495278094258,-0.3749548427796119,CC(=O)CC(c1ccccc1)c1c(O)c2ccccc2oc1=O,17,100.0,17,
531,0.02190931315857738,-0.10213804608777068,-0.3782327644880372,CC(=O)CC(c1ccccc1)c1c(O)c2ccccc2oc1=O,18,0.0,17,
532,-0.2010477136874193,-0.03573119190647162,0.5866202956489869,Cc1ccc(C)n1-c1ccn(C)n1,0,0.0,9,
533,-0.01722764404909945,-0.12202713979522052,-0.39017023442434745,Cc1ccc(C)n1-c1ccn(C)n1,2,0.0,9,
534,0.07945411030514074,0.10333779363311255,-0.39016902886285115,Cc1ccc(C)n1-c1ccn(C)n1,8,0.0,9,
535,-0.037954916105385796,-0.13211367915884048,-0.39016782330135485,Cc1ccc(C)n1-c1ccn(C)n1,9,100.0,9,
536,-0.3575088175304434,-0.24014462338367554,0.5123155128248627,Cc1ccc(C)n1-c1ccn(C)n1,11,0.0,9,
537,0.06448574647352007,-0.04160866758391532,-0.382952537746031,Brc1ccc(N2CCOCC2)nc1,2,100.0,2,
538,0.10267610966669713,0.028900755901138702,-0.36928147037804904,Brc1ccc(N2CCOCC2)nc1,3,0.0,2,
539,0.10836120939120691,0.2435325769297223,0.5341072424318857,Brc1ccc(N2CCOCC2)nc1,6,0.0,2,
540,-0.0738904296187996,-0.013714746131129139,0.5983130366015492,Brc1ccc(N2CCOCC2)nc1,7,0.0,2,
541,0.059424328575327826,-0.05562282119445523,-0.3896518429809407,Brc1ccc(N2CCOCC2)nc1,12,0.0,2,
542,-0.31238599096012143,-0.1665925032580121,0.5135295132516313,Cn1nc(C(F)(F)F)c2ccc(Br)cc21,0,100.0,0,
543,0.1236414141359865,0.11451716820681805,-0.39009428405008084,Cn1nc(C(F)(F)F)c2ccc(Br)cc21,9,0.0,0,
544,0.07024465469818572,-0.03106572372420393,-0.39016300105536966,Cn1nc(C(F)(F)F)c2ccc(Br)cc21,10,0.0,0,
545,0.17991855029237186,0.1463387039065242,-0.39016300105536966,Cn1nc(C(F)(F)F)c2ccc(Br)cc21,13,0.0,0,
